Budget_ID,Date_ID,Product_ID,Business_Unit_ID,Region_ID,Department_ID,Budget_Category,Budget_Amount,Forecast_Amount,Scenario,Budget_Version
BUD000001,20240101,P001,BU001,REG001,DEP001,Revenue,6578625.36,6909418.63,Base,Original
BUD000002,20240101,P001,BU001,REG001,DEP006,COGS,3219140.25,3129034.62,Base,Original
BUD000003,20240101,P001,BU001,REG001,DEP002,OPEX,2109310.44,2232631.7,Base,Original
BUD000004,20240101,P001,BU001,REG001,DEP003,EBITDA,1575314.11,1584919.66,Base,Original
BUD000005,20240101,P001,BU001,REG001,DEP003,Cash Inflow,6202773.09,6511463.74,Base,Original
BUD000006,20240101,P001,BU001,REG001,DEP003,Cash Outflow,5058556.42,5263547.34,Base,Original
BUD000007,20240101,P001,BU001,REG002,DEP001,Revenue,5452119.01,5320161.18,Base,Original
BUD000008,20240101,P001,BU001,REG002,DEP006,COGS,2413213.44,2359266.41,Base,Original
BUD000009,20240101,P001,BU001,REG002,DEP002,OPEX,1706488.7,1795178.29,Base,Original
BUD000010,20240101,P001,BU001,REG002,DEP003,EBITDA,1151694.5,1061022.93,Base,Original
BUD000011,20240101,P001,BU001,REG002,DEP003,Cash Inflow,4978103.44,4793412.98,Base,Original
BUD000012,20240101,P001,BU001,REG002,DEP003,Cash Outflow,3921304.93,4119390.52,Base,Original
BUD000013,20240101,P001,BU001,REG003,DEP001,Revenue,3629473.16,3923080.86,Base,Original
BUD000014,20240101,P001,BU001,REG003,DEP006,COGS,1656382.54,1830019.62,Base,Original
BUD000015,20240101,P001,BU001,REG003,DEP002,OPEX,1139309.82,1219789.36,Base,Original
BUD000016,20240101,P001,BU001,REG003,DEP003,EBITDA,943639.42,971173.42,Base,Original
BUD000017,20240101,P001,BU001,REG003,DEP003,Cash Inflow,3361325.21,3734009.9,Base,Original
BUD000018,20240101,P001,BU001,REG003,DEP003,Cash Outflow,2888893.73,2962971.6,Base,Original
BUD000019,20240101,P001,BU001,REG004,DEP001,Revenue,1264330.44,1309535.48,Base,Original
BUD000020,20240101,P001,BU001,REG004,DEP006,COGS,659875.66,616909.53,Base,Original
BUD000021,20240101,P001,BU001,REG004,DEP002,OPEX,415192.45,427405.31,Base,Original
BUD000022,20240101,P001,BU001,REG004,DEP003,EBITDA,254696.11,248035.48,Base,Original
BUD000023,20240101,P001,BU001,REG004,DEP003,Cash Inflow,1146787.1,1199250.89,Base,Original
BUD000024,20240101,P001,BU001,REG004,DEP003,Cash Outflow,1056663.34,1089676.44,Base,Original
BUD000025,20240101,P005,BU002,REG001,DEP001,Revenue,7207508.23,7923205.69,Base,Original
BUD000026,20240101,P005,BU002,REG001,DEP006,COGS,3937047.67,3653992.19,Base,Original
BUD000027,20240101,P005,BU002,REG001,DEP005,OPEX,2550051.21,2802835.57,Base,Original
BUD000028,20240101,P005,BU002,REG001,DEP003,EBITDA,1364607.93,1402794.31,Base,Original
BUD000029,20240101,P005,BU002,REG001,DEP003,Cash Inflow,6956377.24,7458744.69,Base,Original
BUD000030,20240101,P005,BU002,REG001,DEP003,Cash Outflow,5926929.03,6273667.1,Base,Original
BUD000031,20240101,P005,BU002,REG002,DEP001,Revenue,5685054.57,5771311.88,Base,Original
BUD000032,20240101,P005,BU002,REG002,DEP006,COGS,2825488.74,2532840.0,Base,Original
BUD000033,20240101,P005,BU002,REG002,DEP005,OPEX,1827271.55,1966510.86,Base,Original
BUD000034,20240101,P005,BU002,REG002,DEP003,EBITDA,1214071.68,1142433.77,Base,Original
BUD000035,20240101,P005,BU002,REG002,DEP003,Cash Inflow,5519696.33,5630473.56,Base,Original
BUD000036,20240101,P005,BU002,REG002,DEP003,Cash Outflow,4297465.86,4564210.1,Base,Original
BUD000037,20240101,P005,BU002,REG003,DEP001,Revenue,4881774.57,5424751.33,Base,Original
BUD000038,20240101,P005,BU002,REG003,DEP006,COGS,2315116.93,2420238.68,Base,Original
BUD000039,20240101,P005,BU002,REG003,DEP005,OPEX,1797941.08,1932395.63,Base,Original
BUD000040,20240101,P005,BU002,REG003,DEP003,EBITDA,978511.35,983094.26,Base,Original
BUD000041,20240101,P005,BU002,REG003,DEP003,Cash Inflow,4764193.7,5188706.74,Base,Original
BUD000042,20240101,P005,BU002,REG003,DEP003,Cash Outflow,4191216.8,4376530.34,Base,Original
BUD000043,20240101,P005,BU002,REG004,DEP001,Revenue,1402946.97,1445627.95,Base,Original
BUD000044,20240101,P005,BU002,REG004,DEP006,COGS,588555.33,613797.11,Base,Original
BUD000045,20240101,P005,BU002,REG004,DEP005,OPEX,494194.43,536230.54,Base,Original
BUD000046,20240101,P005,BU002,REG004,DEP003,EBITDA,313269.98,310352.35,Base,Original
BUD000047,20240101,P005,BU002,REG004,DEP003,Cash Inflow,1332321.89,1349806.91,Base,Original
BUD000048,20240101,P005,BU002,REG004,DEP003,Cash Outflow,1065785.15,1127232.98,Base,Original
BUD000049,20240101,P009,BU003,REG001,DEP001,Revenue,7689910.46,7946753.94,Base,Original
BUD000050,20240101,P009,BU003,REG001,DEP006,COGS,3339864.52,3405969.75,Base,Original
BUD000051,20240101,P009,BU003,REG001,DEP005,OPEX,2449365.64,2711671.85,Base,Original
BUD000052,20240101,P009,BU003,REG001,DEP003,EBITDA,2115404.34,2040410.52,Base,Original
BUD000053,20240101,P009,BU003,REG001,DEP003,Cash Inflow,7420642.3,7676123.01,Base,Original
BUD000054,20240101,P009,BU003,REG001,DEP003,Cash Outflow,5824234.52,6172612.14,Base,Original
BUD000055,20240101,P009,BU003,REG002,DEP001,Revenue,6351740.83,6033849.03,Base,Original
BUD000056,20240101,P009,BU003,REG002,DEP006,COGS,2313838.57,2427824.91,Base,Original
BUD000057,20240101,P009,BU003,REG002,DEP005,OPEX,1841377.58,1936572.47,Base,Original
BUD000058,20240101,P009,BU003,REG002,DEP003,EBITDA,1775143.22,1671799.75,Base,Original
BUD000059,20240101,P009,BU003,REG002,DEP003,Cash Inflow,5968301.48,5722863.68,Base,Original
BUD000060,20240101,P009,BU003,REG002,DEP003,Cash Outflow,4092742.9,4465709.2,Base,Original
BUD000061,20240101,P009,BU003,REG003,DEP001,Revenue,3831429.42,4296877.08,Base,Original
BUD000062,20240101,P009,BU003,REG003,DEP006,COGS,1760080.52,1712353.59,Base,Original
BUD000063,20240101,P009,BU003,REG003,DEP005,OPEX,1342831.39,1467412.56,Base,Original
BUD000064,20240101,P009,BU003,REG003,DEP003,EBITDA,1029122.83,1062431.11,Base,Original
BUD000065,20240101,P009,BU003,REG003,DEP003,Cash Inflow,3586758.92,3970495.95,Base,Original
BUD000066,20240101,P009,BU003,REG003,DEP003,Cash Outflow,3079005.77,3224835.64,Base,Original
BUD000067,20240101,P009,BU003,REG004,DEP001,Revenue,1809241.06,1872930.02,Base,Original
BUD000068,20240101,P009,BU003,REG004,DEP006,COGS,778801.76,780624.38,Base,Original
BUD000069,20240101,P009,BU003,REG004,DEP005,OPEX,599814.04,646418.67,Base,Original
BUD000070,20240101,P009,BU003,REG004,DEP003,EBITDA,445888.52,426868.09,Base,Original
BUD000071,20240101,P009,BU003,REG004,DEP003,Cash Inflow,1674632.02,1720673.21,Base,Original
BUD000072,20240101,P009,BU003,REG004,DEP003,Cash Outflow,1330542.52,1418304.54,Base,Original
BUD000073,20240101,P013,BU004,REG001,DEP001,Revenue,6550369.11,7377446.25,Base,Original
BUD000074,20240101,P013,BU004,REG001,DEP006,COGS,3109924.03,3143003.64,Base,Original
BUD000075,20240101,P013,BU004,REG001,DEP005,OPEX,2228009.09,2406159.56,Base,Original
BUD000076,20240101,P013,BU004,REG001,DEP003,EBITDA,1844122.29,1981554.0,Base,Original
BUD000077,20240101,P013,BU004,REG001,DEP003,Cash Inflow,6234193.34,7170436.23,Base,Original
BUD000078,20240101,P013,BU004,REG001,DEP003,Cash Outflow,5149268.74,5631771.92,Base,Original
BUD000079,20240101,P013,BU004,REG002,DEP001,Revenue,3579374.84,3969031.44,Base,Original
BUD000080,20240101,P013,BU004,REG002,DEP006,COGS,1644887.4,1527834.9,Base,Original
BUD000081,20240101,P013,BU004,REG002,DEP005,OPEX,1224640.11,1346044.36,Base,Original
BUD000082,20240101,P013,BU004,REG002,DEP003,EBITDA,1045695.21,1099745.14,Base,Original
BUD000083,20240101,P013,BU004,REG002,DEP003,Cash Inflow,3554315.19,3700952.85,Base,Original
BUD000084,20240101,P013,BU004,REG002,DEP003,Cash Outflow,2719624.47,2817561.14,Base,Original
BUD000085,20240101,P013,BU004,REG003,DEP001,Revenue,2121620.85,2491543.89,Base,Original
BUD000086,20240101,P013,BU004,REG003,DEP006,COGS,935989.13,984075.52,Base,Original
BUD000087,20240101,P013,BU004,REG003,DEP005,OPEX,795035.85,865585.8,Base,Original
BUD000088,20240101,P013,BU004,REG003,DEP003,EBITDA,557920.63,625007.08,Base,Original
BUD000089,20240101,P013,BU004,REG003,DEP003,Cash Inflow,2060409.18,2399917.52,Base,Original
BUD000090,20240101,P013,BU004,REG003,DEP003,Cash Outflow,1716188.78,1824351.49,Base,Original
BUD000091,20240101,P013,BU004,REG004,DEP001,Revenue,836830.16,984416.46,Base,Original
BUD000092,20240101,P013,BU004,REG004,DEP006,COGS,405817.97,401658.18,Base,Original
BUD000093,20240101,P013,BU004,REG004,DEP005,OPEX,273740.58,311715.31,Base,Original
BUD000094,20240101,P013,BU004,REG004,DEP003,EBITDA,248595.83,245699.71,Base,Original
BUD000095,20240101,P013,BU004,REG004,DEP003,Cash Inflow,813671.34,871127.18,Base,Original
BUD000096,20240101,P013,BU004,REG004,DEP003,Cash Outflow,701114.9,721854.36,Base,Original
BUD000097,20240201,P001,BU001,REG001,DEP001,Revenue,6814803.42,6967894.08,Base,Original
BUD000098,20240201,P001,BU001,REG001,DEP006,COGS,3111796.6,3272668.34,Base,Original
BUD000099,20240201,P001,BU001,REG001,DEP002,OPEX,2170676.43,2307231.24,Base,Original
BUD000100,20240201,P001,BU001,REG001,DEP003,EBITDA,1596858.04,1577591.89,Base,Original
BUD000101,20240201,P001,BU001,REG001,DEP003,Cash Inflow,6720653.98,6795305.22,Base,Original
BUD000102,20240201,P001,BU001,REG001,DEP003,Cash Outflow,5457157.1,5543834.82,Base,Original
BUD000103,20240201,P001,BU001,REG002,DEP001,Revenue,4565185.17,4374362.49,Base,Original
BUD000104,20240201,P001,BU001,REG002,DEP006,COGS,2086461.33,2055341.99,Base,Original
BUD000105,20240201,P001,BU001,REG002,DEP002,OPEX,1366843.98,1443332.34,Base,Original
BUD000106,20240201,P001,BU001,REG002,DEP003,EBITDA,995164.25,929871.51,Base,Original
BUD000107,20240201,P001,BU001,REG002,DEP003,Cash Inflow,4150204.84,4084336.84,Base,Original
BUD000108,20240201,P001,BU001,REG002,DEP003,Cash Outflow,3280451.55,3464265.61,Base,Original
BUD000109,20240201,P001,BU001,REG003,DEP001,Revenue,2880655.18,3169530.86,Base,Original
BUD000110,20240201,P001,BU001,REG003,DEP006,COGS,1476687.03,1465267.74,Base,Original
BUD000111,20240201,P001,BU001,REG003,DEP002,OPEX,1008706.8,1046189.44,Base,Original
BUD000112,20240201,P001,BU001,REG003,DEP003,EBITDA,634238.74,643503.27,Base,Original
BUD000113,20240201,P001,BU001,REG003,DEP003,Cash Inflow,2799520.91,3076730.7,Base,Original
BUD000114,20240201,P001,BU001,REG003,DEP003,Cash Outflow,2397704.86,2553266.27,Base,Original
BUD000115,20240201,P001,BU001,REG004,DEP001,Revenue,2067201.93,2128787.07,Base,Original
BUD000116,20240201,P001,BU001,REG004,DEP006,COGS,1009765.41,951009.91,Base,Original
BUD000117,20240201,P001,BU001,REG004,DEP002,OPEX,624203.71,699138.5,Base,Original
BUD000118,20240201,P001,BU001,REG004,DEP003,EBITDA,493103.94,474955.96,Base,Original
BUD000119,20240201,P001,BU001,REG004,DEP003,Cash Inflow,1822878.89,1906995.32,Base,Original
BUD000120,20240201,P001,BU001,REG004,DEP003,Cash Outflow,1531945.07,1683163.21,Base,Original
BUD000121,20240201,P005,BU002,REG001,DEP001,Revenue,7987490.97,8691536.45,Base,Original
BUD000122,20240201,P005,BU002,REG001,DEP006,COGS,4040182.05,4088110.84,Base,Original
BUD000123,20240201,P005,BU002,REG001,DEP005,OPEX,2839598.87,2937101.74,Base,Original
BUD000124,20240201,P005,BU002,REG001,DEP003,EBITDA,1775590.73,1767132.68,Base,Original
BUD000125,20240201,P005,BU002,REG001,DEP003,Cash Inflow,7541815.19,8275234.76,Base,Original
BUD000126,20240201,P005,BU002,REG001,DEP003,Cash Outflow,6685654.72,6850299.94,Base,Original
BUD000127,20240201,P005,BU002,REG002,DEP001,Revenue,4231015.69,4260507.09,Base,Original
BUD000128,20240201,P005,BU002,REG002,DEP006,COGS,1838271.29,1857277.48,Base,Original
BUD000129,20240201,P005,BU002,REG002,DEP005,OPEX,1415052.61,1515444.39,Base,Original
BUD000130,20240201,P005,BU002,REG002,DEP003,EBITDA,852554.52,809978.54,Base,Original
BUD000131,20240201,P005,BU002,REG002,DEP003,Cash Inflow,4112775.78,3935256.39,Base,Original
BUD000132,20240201,P005,BU002,REG002,DEP003,Cash Outflow,3319308.23,3437158.62,Base,Original
BUD000133,20240201,P005,BU002,REG003,DEP001,Revenue,4364150.7,4809776.88,Base,Original
BUD000134,20240201,P005,BU002,REG003,DEP006,COGS,2323797.75,2157220.47,Base,Original
BUD000135,20240201,P005,BU002,REG003,DEP005,OPEX,1663638.52,1715065.54,Base,Original
BUD000136,20240201,P005,BU002,REG003,DEP003,EBITDA,892284.75,890582.2,Base,Original
BUD000137,20240201,P005,BU002,REG003,DEP003,Cash Inflow,4099338.25,4707635.34,Base,Original
BUD000138,20240201,P005,BU002,REG003,DEP003,Cash Outflow,3793641.61,3989154.06,Base,Original
BUD000139,20240201,P005,BU002,REG004,DEP001,Revenue,1610362.98,1663017.56,Base,Original
BUD000140,20240201,P005,BU002,REG004,DEP006,COGS,766787.26,784119.41,Base,Original
BUD000141,20240201,P005,BU002,REG004,DEP005,OPEX,544422.68,558300.22,Base,Original
BUD000142,20240201,P005,BU002,REG004,DEP003,EBITDA,352077.93,330968.63,Base,Original
BUD000143,20240201,P005,BU002,REG004,DEP003,Cash Inflow,1634596.22,1614243.72,Base,Original
BUD000144,20240201,P005,BU002,REG004,DEP003,Cash Outflow,1374571.35,1428447.79,Base,Original
BUD000145,20240201,P009,BU003,REG001,DEP001,Revenue,6791965.03,7275195.33,Base,Original
BUD000146,20240201,P009,BU003,REG001,DEP006,COGS,2989065.24,2850863.26,Base,Original
BUD000147,20240201,P009,BU003,REG001,DEP005,OPEX,2125379.27,2221393.06,Base,Original
BUD000148,20240201,P009,BU003,REG001,DEP003,EBITDA,1856600.32,1833868.79,Base,Original
BUD000149,20240201,P009,BU003,REG001,DEP003,Cash Inflow,6078263.49,6611767.3,Base,Original
BUD000150,20240201,P009,BU003,REG001,DEP003,Cash Outflow,4642467.4,5183520.98,Base,Original
BUD000151,20240201,P009,BU003,REG002,DEP001,Revenue,6080812.65,5900366.67,Base,Original
BUD000152,20240201,P009,BU003,REG002,DEP006,COGS,2472292.31,2485423.76,Base,Original
BUD000153,20240201,P009,BU003,REG002,DEP005,OPEX,1702127.91,1814619.73,Base,Original
BUD000154,20240201,P009,BU003,REG002,DEP003,EBITDA,1754633.1,1573598.85,Base,Original
BUD000155,20240201,P009,BU003,REG002,DEP003,Cash Inflow,5722750.95,5758273.02,Base,Original
BUD000156,20240201,P009,BU003,REG002,DEP003,Cash Outflow,4063890.53,4475197.81,Base,Original
BUD000157,20240201,P009,BU003,REG003,DEP001,Revenue,3603532.48,3936033.74,Base,Original
BUD000158,20240201,P009,BU003,REG003,DEP006,COGS,1601944.83,1579520.36,Base,Original
BUD000159,20240201,P009,BU003,REG003,DEP005,OPEX,1186949.82,1214433.28,Base,Original
BUD000160,20240201,P009,BU003,REG003,DEP003,EBITDA,1145868.29,1115145.38,Base,Original
BUD000161,20240201,P009,BU003,REG003,DEP003,Cash Inflow,3368908.0,3703700.06,Base,Original
BUD000162,20240201,P009,BU003,REG003,DEP003,Cash Outflow,2700440.01,2892083.16,Base,Original
BUD000163,20240201,P009,BU003,REG004,DEP001,Revenue,1838825.68,1817837.2,Base,Original
BUD000164,20240201,P009,BU003,REG004,DEP006,COGS,757077.04,742876.03,Base,Original
BUD000165,20240201,P009,BU003,REG004,DEP005,OPEX,585717.05,637926.55,Base,Original
BUD000166,20240201,P009,BU003,REG004,DEP003,EBITDA,449762.7,442430.29,Base,Original
BUD000167,20240201,P009,BU003,REG004,DEP003,Cash Inflow,1663938.47,1772361.61,Base,Original
BUD000168,20240201,P009,BU003,REG004,DEP003,Cash Outflow,1280727.3,1402491.69,Base,Original
BUD000169,20240201,P013,BU004,REG001,DEP001,Revenue,5493207.77,6435425.03,Base,Original
BUD000170,20240201,P013,BU004,REG001,DEP006,COGS,2646807.34,2626110.17,Base,Original
BUD000171,20240201,P013,BU004,REG001,DEP005,OPEX,1840945.07,1985636.11,Base,Original
BUD000172,20240201,P013,BU004,REG001,DEP003,EBITDA,1662068.67,1786624.13,Base,Original
BUD000173,20240201,P013,BU004,REG001,DEP003,Cash Inflow,5282252.25,6080741.06,Base,Original
BUD000174,20240201,P013,BU004,REG001,DEP003,Cash Outflow,4378857.7,4629412.51,Base,Original
BUD000175,20240201,P013,BU004,REG002,DEP001,Revenue,4782740.09,5158563.43,Base,Original
BUD000176,20240201,P013,BU004,REG002,DEP006,COGS,2223445.08,2114737.2,Base,Original
BUD000177,20240201,P013,BU004,REG002,DEP005,OPEX,1531560.78,1669128.69,Base,Original
BUD000178,20240201,P013,BU004,REG002,DEP003,EBITDA,1443928.44,1420235.28,Base,Original
BUD000179,20240201,P013,BU004,REG002,DEP003,Cash Inflow,4777797.5,5131524.64,Base,Original
BUD000180,20240201,P013,BU004,REG002,DEP003,Cash Outflow,3442384.68,3830444.7,Base,Original
BUD000181,20240201,P013,BU004,REG003,DEP001,Revenue,2986976.51,3475232.4,Base,Original
BUD000182,20240201,P013,BU004,REG003,DEP006,COGS,1446734.39,1377581.36,Base,Original
BUD000183,20240201,P013,BU004,REG003,DEP005,OPEX,1014425.4,1107073.26,Base,Original
BUD000184,20240201,P013,BU004,REG003,DEP003,EBITDA,861463.08,957738.66,Base,Original
BUD000185,20240201,P013,BU004,REG003,DEP003,Cash Inflow,2854907.53,3252184.92,Base,Original
BUD000186,20240201,P013,BU004,REG003,DEP003,Cash Outflow,2453151.14,2545825.6,Base,Original
BUD000187,20240201,P013,BU004,REG004,DEP001,Revenue,1101919.28,1226976.86,Base,Original
BUD000188,20240201,P013,BU004,REG004,DEP006,COGS,476264.92,501139.92,Base,Original
BUD000189,20240201,P013,BU004,REG004,DEP005,OPEX,423480.79,456098.78,Base,Original
BUD000190,20240201,P013,BU004,REG004,DEP003,EBITDA,279224.56,290126.28,Base,Original
BUD000191,20240201,P013,BU004,REG004,DEP003,Cash Inflow,1001679.7,1141478.04,Base,Original
BUD000192,20240201,P013,BU004,REG004,DEP003,Cash Outflow,889628.51,979502.47,Base,Original
BUD000193,20240301,P001,BU001,REG001,DEP001,Revenue,8653278.22,9073434.38,Base,Original
BUD000194,20240301,P001,BU001,REG001,DEP006,COGS,4198905.52,4233592.82,Base,Original
BUD000195,20240301,P001,BU001,REG001,DEP002,OPEX,2858151.13,3024809.68,Base,Original
BUD000196,20240301,P001,BU001,REG001,DEP003,EBITDA,1937063.99,1906593.59,Base,Original
BUD000197,20240301,P001,BU001,REG001,DEP003,Cash Inflow,8220206.09,8568153.66,Base,Original
BUD000198,20240301,P001,BU001,REG001,DEP003,Cash Outflow,7035740.68,7341680.69,Base,Original
BUD000199,20240301,P001,BU001,REG002,DEP001,Revenue,5532513.57,5224529.82,Base,Original
BUD000200,20240301,P001,BU001,REG002,DEP006,COGS,2495008.89,2440998.85,Base,Original
BUD000201,20240301,P001,BU001,REG002,DEP002,OPEX,1720496.54,1870565.75,Base,Original
BUD000202,20240301,P001,BU001,REG002,DEP003,EBITDA,1192627.83,1099434.89,Base,Original
BUD000203,20240301,P001,BU001,REG002,DEP003,Cash Inflow,5145817.05,5163054.82,Base,Original
BUD000204,20240301,P001,BU001,REG002,DEP003,Cash Outflow,4010847.85,4262901.78,Base,Original
BUD000205,20240301,P001,BU001,REG003,DEP001,Revenue,4215549.97,4716824.79,Base,Original
BUD000206,20240301,P001,BU001,REG003,DEP006,COGS,1953488.76,2116425.5,Base,Original
BUD000207,20240301,P001,BU001,REG003,DEP002,OPEX,1343434.48,1447932.76,Base,Original
BUD000208,20240301,P001,BU001,REG003,DEP003,EBITDA,1073249.38,1066478.18,Base,Original
BUD000209,20240301,P001,BU001,REG003,DEP003,Cash Inflow,4020739.89,4377024.87,Base,Original
BUD000210,20240301,P001,BU001,REG003,DEP003,Cash Outflow,3330152.61,3529754.59,Base,Original
BUD000211,20240301,P001,BU001,REG004,DEP001,Revenue,1614129.24,1671862.65,Base,Original
BUD000212,20240301,P001,BU001,REG004,DEP006,COGS,690020.13,713427.36,Base,Original
BUD000213,20240301,P001,BU001,REG004,DEP002,OPEX,486721.69,504535.82,Base,Original
BUD000214,20240301,P001,BU001,REG004,DEP003,EBITDA,421753.14,406293.23,Base,Original
BUD000215,20240301,P001,BU001,REG004,DEP003,Cash Inflow,1579971.87,1630776.8,Base,Original
BUD000216,20240301,P001,BU001,REG004,DEP003,Cash Outflow,1220667.0,1273176.16,Base,Original
BUD000217,20240301,P005,BU002,REG001,DEP001,Revenue,7902234.39,8569379.84,Base,Original
BUD000218,20240301,P005,BU002,REG001,DEP006,COGS,4249932.22,3868554.08,Base,Original
BUD000219,20240301,P005,BU002,REG001,DEP005,OPEX,2844319.45,3050885.51,Base,Original
BUD000220,20240301,P005,BU002,REG001,DEP003,EBITDA,1651096.33,1697310.95,Base,Original
BUD000221,20240301,P005,BU002,REG001,DEP003,Cash Inflow,8004956.3,8356274.76,Base,Original
BUD000222,20240301,P005,BU002,REG001,DEP003,Cash Outflow,6429520.21,6914220.73,Base,Original
BUD000223,20240301,P005,BU002,REG002,DEP001,Revenue,5133389.68,5184630.25,Base,Original
BUD000224,20240301,P005,BU002,REG002,DEP006,COGS,2454569.78,2403694.96,Base,Original
BUD000225,20240301,P005,BU002,REG002,DEP005,OPEX,1584392.61,1740991.63,Base,Original
BUD000226,20240301,P005,BU002,REG002,DEP003,EBITDA,1097885.34,1049019.13,Base,Original
BUD000227,20240301,P005,BU002,REG002,DEP003,Cash Inflow,4963051.58,4752879.8,Base,Original
BUD000228,20240301,P005,BU002,REG002,DEP003,Cash Outflow,3764759.64,4058789.4,Base,Original
BUD000229,20240301,P005,BU002,REG003,DEP001,Revenue,4394834.64,4946953.3,Base,Original
BUD000230,20240301,P005,BU002,REG003,DEP006,COGS,2009744.72,2219564.14,Base,Original
BUD000231,20240301,P005,BU002,REG003,DEP005,OPEX,1699960.95,1792058.66,Base,Original
BUD000232,20240301,P005,BU002,REG003,DEP003,EBITDA,874580.13,883171.93,Base,Original
BUD000233,20240301,P005,BU002,REG003,DEP003,Cash Inflow,4021118.12,4632652.44,Base,Original
BUD000234,20240301,P005,BU002,REG003,DEP003,Cash Outflow,3760497.8,4011073.31,Base,Original
BUD000235,20240301,P005,BU002,REG004,DEP001,Revenue,2984939.03,3107630.29,Base,Original
BUD000236,20240301,P005,BU002,REG004,DEP006,COGS,1421186.66,1320080.08,Base,Original
BUD000237,20240301,P005,BU002,REG004,DEP005,OPEX,911634.64,972596.07,Base,Original
BUD000238,20240301,P005,BU002,REG004,DEP003,EBITDA,736241.71,721123.23,Base,Original
BUD000239,20240301,P005,BU002,REG004,DEP003,Cash Inflow,2899547.47,2881386.96,Base,Original
BUD000240,20240301,P005,BU002,REG004,DEP003,Cash Outflow,2184918.14,2343562.02,Base,Original
BUD000241,20240301,P009,BU003,REG001,DEP001,Revenue,8757817.18,9307233.25,Base,Original
BUD000242,20240301,P009,BU003,REG001,DEP006,COGS,4027928.16,3853102.02,Base,Original
BUD000243,20240301,P009,BU003,REG001,DEP005,OPEX,2821144.4,3087315.85,Base,Original
BUD000244,20240301,P009,BU003,REG001,DEP003,EBITDA,2242077.58,2262577.16,Base,Original
BUD000245,20240301,P009,BU003,REG001,DEP003,Cash Inflow,8742561.67,8844855.87,Base,Original
BUD000246,20240301,P009,BU003,REG001,DEP003,Cash Outflow,6748082.99,7116458.44,Base,Original
BUD000247,20240301,P009,BU003,REG002,DEP001,Revenue,4660666.82,4526381.21,Base,Original
BUD000248,20240301,P009,BU003,REG002,DEP006,COGS,1773299.08,1802262.44,Base,Original
BUD000249,20240301,P009,BU003,REG002,DEP005,OPEX,1273357.43,1364926.85,Base,Original
BUD000250,20240301,P009,BU003,REG002,DEP003,EBITDA,1399367.22,1267509.94,Base,Original
BUD000251,20240301,P009,BU003,REG002,DEP003,Cash Inflow,4188371.09,4291630.57,Base,Original
BUD000252,20240301,P009,BU003,REG002,DEP003,Cash Outflow,2894815.86,3252427.59,Base,Original
BUD000253,20240301,P009,BU003,REG003,DEP001,Revenue,4640472.02,5012333.72,Base,Original
BUD000254,20240301,P009,BU003,REG003,DEP006,COGS,1980789.9,1970457.26,Base,Original
BUD000255,20240301,P009,BU003,REG003,DEP005,OPEX,1499028.98,1561210.76,Base,Original
BUD000256,20240301,P009,BU003,REG003,DEP003,EBITDA,1483394.93,1534040.36,Base,Original
BUD000257,20240301,P009,BU003,REG003,DEP003,Cash Inflow,4295897.59,4900111.53,Base,Original
BUD000258,20240301,P009,BU003,REG003,DEP003,Cash Outflow,3292241.77,3719913.37,Base,Original
BUD000259,20240301,P009,BU003,REG004,DEP001,Revenue,2158218.61,2127834.24,Base,Original
BUD000260,20240301,P009,BU003,REG004,DEP006,COGS,839612.78,889010.09,Base,Original
BUD000261,20240301,P009,BU003,REG004,DEP005,OPEX,625864.39,667058.3,Base,Original
BUD000262,20240301,P009,BU003,REG004,DEP003,EBITDA,625140.91,625579.08,Base,Original
BUD000263,20240301,P009,BU003,REG004,DEP003,Cash Inflow,2084420.24,1974382.07,Base,Original
BUD000264,20240301,P009,BU003,REG004,DEP003,Cash Outflow,1500548.71,1571083.79,Base,Original
BUD000265,20240301,P013,BU004,REG001,DEP001,Revenue,6084542.74,6866291.42,Base,Original
BUD000266,20240301,P013,BU004,REG001,DEP006,COGS,3007561.77,2743037.79,Base,Original
BUD000267,20240301,P013,BU004,REG001,DEP005,OPEX,2267869.81,2371239.66,Base,Original
BUD000268,20240301,P013,BU004,REG001,DEP003,EBITDA,1687342.34,1831308.63,Base,Original
BUD000269,20240301,P013,BU004,REG001,DEP003,Cash Inflow,6015544.24,6644162.68,Base,Original
BUD000270,20240301,P013,BU004,REG001,DEP003,Cash Outflow,4828726.8,5071495.07,Base,Original
BUD000271,20240301,P013,BU004,REG002,DEP001,Revenue,4288733.04,4605917.27,Base,Original
BUD000272,20240301,P013,BU004,REG002,DEP006,COGS,1788069.57,1886030.78,Base,Original
BUD000273,20240301,P013,BU004,REG002,DEP005,OPEX,1464963.17,1550225.41,Base,Original
BUD000274,20240301,P013,BU004,REG002,DEP003,EBITDA,1182343.86,1243351.38,Base,Original
BUD000275,20240301,P013,BU004,REG002,DEP003,Cash Inflow,4393780.92,4646924.18,Base,Original
BUD000276,20240301,P013,BU004,REG002,DEP003,Cash Outflow,3252119.33,3559776.0,Base,Original
BUD000277,20240301,P013,BU004,REG003,DEP001,Revenue,1455746.48,1649963.02,Base,Original
BUD000278,20240301,P013,BU004,REG003,DEP006,COGS,681788.4,694643.19,Base,Original
BUD000279,20240301,P013,BU004,REG003,DEP005,OPEX,556105.94,607880.5,Base,Original
BUD000280,20240301,P013,BU004,REG003,DEP003,EBITDA,358080.73,376387.98,Base,Original
BUD000281,20240301,P013,BU004,REG003,DEP003,Cash Inflow,1380911.52,1632123.9,Base,Original
BUD000282,20240301,P013,BU004,REG003,DEP003,Cash Outflow,1194607.3,1292054.71,Base,Original
BUD000283,20240301,P013,BU004,REG004,DEP001,Revenue,1347053.35,1533838.27,Base,Original
BUD000284,20240301,P013,BU004,REG004,DEP006,COGS,634015.08,646726.05,Base,Original
BUD000285,20240301,P013,BU004,REG004,DEP005,OPEX,542594.34,606341.03,Base,Original
BUD000286,20240301,P013,BU004,REG004,DEP003,EBITDA,303193.41,316724.07,Base,Original
BUD000287,20240301,P013,BU004,REG004,DEP003,Cash Inflow,1312106.26,1505836.55,Base,Original
BUD000288,20240301,P013,BU004,REG004,DEP003,Cash Outflow,1185978.88,1225208.31,Base,Original
BUD000289,20240401,P001,BU001,REG001,DEP001,Revenue,7620998.84,7842996.69,Base,Original
BUD000290,20240401,P001,BU001,REG001,DEP006,COGS,3820794.58,3556529.41,Base,Original
BUD000291,20240401,P001,BU001,REG001,DEP002,OPEX,2594975.58,2820523.05,Base,Original
BUD000292,20240401,P001,BU001,REG001,DEP003,EBITDA,1709112.81,1694163.63,Base,Original
BUD000293,20240401,P001,BU001,REG001,DEP003,Cash Inflow,7696912.05,7849556.14,Base,Original
BUD000294,20240401,P001,BU001,REG001,DEP003,Cash Outflow,6059661.73,6327759.12,Base,Original
BUD000295,20240401,P001,BU001,REG002,DEP001,Revenue,5873383.66,5907287.38,Base,Original
BUD000296,20240401,P001,BU001,REG002,DEP006,COGS,2651449.54,2661556.29,Base,Original
BUD000297,20240401,P001,BU001,REG002,DEP002,OPEX,1737587.39,1820375.02,Base,Original
BUD000298,20240401,P001,BU001,REG002,DEP003,EBITDA,1375575.55,1327334.37,Base,Original
BUD000299,20240401,P001,BU001,REG002,DEP003,Cash Inflow,5888880.0,5419402.49,Base,Original
BUD000300,20240401,P001,BU001,REG002,DEP003,Cash Outflow,4394599.48,4512383.74,Base,Original
BUD000301,20240401,P001,BU001,REG003,DEP001,Revenue,3920373.39,4188299.27,Base,Original
BUD000302,20240401,P001,BU001,REG003,DEP006,COGS,1888071.22,1935382.95,Base,Original
BUD000303,20240401,P001,BU001,REG003,DEP002,OPEX,1434956.49,1498096.78,Base,Original
BUD000304,20240401,P001,BU001,REG003,DEP003,EBITDA,778408.08,794317.58,Base,Original
BUD000305,20240401,P001,BU001,REG003,DEP003,Cash Inflow,3721322.31,4004472.39,Base,Original
BUD000306,20240401,P001,BU001,REG003,DEP003,Cash Outflow,3243259.91,3385124.44,Base,Original
BUD000307,20240401,P001,BU001,REG004,DEP001,Revenue,1375025.3,1450048.09,Base,Original
BUD000308,20240401,P001,BU001,REG004,DEP006,COGS,712218.17,662311.82,Base,Original
BUD000309,20240401,P001,BU001,REG004,DEP002,OPEX,469555.32,486882.48,Base,Original
BUD000310,20240401,P001,BU001,REG004,DEP003,EBITDA,267211.48,257167.69,Base,Original
BUD000311,20240401,P001,BU001,REG004,DEP003,Cash Inflow,1302893.85,1367363.76,Base,Original
BUD000312,20240401,P001,BU001,REG004,DEP003,Cash Outflow,1058646.59,1140987.64,Base,Original
BUD000313,20240401,P005,BU002,REG001,DEP001,Revenue,6348007.35,6801641.57,Base,Original
BUD000314,20240401,P005,BU002,REG001,DEP006,COGS,2942261.35,3175497.75,Base,Original
BUD000315,20240401,P005,BU002,REG001,DEP005,OPEX,2125716.17,2202660.47,Base,Original
BUD000316,20240401,P005,BU002,REG001,DEP003,EBITDA,1373894.2,1406668.02,Base,Original
BUD000317,20240401,P005,BU002,REG001,DEP003,Cash Inflow,5938927.48,6211199.78,Base,Original
BUD000318,20240401,P005,BU002,REG001,DEP003,Cash Outflow,5092082.07,5463224.22,Base,Original
BUD000319,20240401,P005,BU002,REG002,DEP001,Revenue,5417645.18,5465557.71,Base,Original
BUD000320,20240401,P005,BU002,REG002,DEP006,COGS,2483333.81,2420604.9,Base,Original
BUD000321,20240401,P005,BU002,REG002,DEP005,OPEX,1815442.8,1997860.02,Base,Original
BUD000322,20240401,P005,BU002,REG002,DEP003,EBITDA,1102464.11,1056832.0,Base,Original
BUD000323,20240401,P005,BU002,REG002,DEP003,Cash Inflow,5516262.42,5277005.4,Base,Original
BUD000324,20240401,P005,BU002,REG002,DEP003,Cash Outflow,4105252.93,4292050.02,Base,Original
BUD000325,20240401,P005,BU002,REG003,DEP001,Revenue,5595787.64,6303736.11,Base,Original
BUD000326,20240401,P005,BU002,REG003,DEP006,COGS,2996656.64,2900390.8,Base,Original
BUD000327,20240401,P005,BU002,REG003,DEP005,OPEX,2089125.37,2140630.88,Base,Original
BUD000328,20240401,P005,BU002,REG003,DEP003,EBITDA,1137294.11,1199240.31,Base,Original
BUD000329,20240401,P005,BU002,REG003,DEP003,Cash Inflow,5417012.64,5774488.67,Base,Original
BUD000330,20240401,P005,BU002,REG003,DEP003,Cash Outflow,4688711.56,4999561.34,Base,Original
BUD000331,20240401,P005,BU002,REG004,DEP001,Revenue,1827098.58,1920064.22,Base,Original
BUD000332,20240401,P005,BU002,REG004,DEP006,COGS,837963.28,813147.85,Base,Original
BUD000333,20240401,P005,BU002,REG004,DEP005,OPEX,613840.63,682524.17,Base,Original
BUD000334,20240401,P005,BU002,REG004,DEP003,EBITDA,423253.53,412568.46,Base,Original
BUD000335,20240401,P005,BU002,REG004,DEP003,Cash Inflow,1684259.97,1853824.37,Base,Original
BUD000336,20240401,P005,BU002,REG004,DEP003,Cash Outflow,1404944.59,1514415.34,Base,Original
BUD000337,20240401,P009,BU003,REG001,DEP001,Revenue,8804792.24,9408892.53,Base,Original
BUD000338,20240401,P009,BU003,REG001,DEP006,COGS,3604909.87,3881728.89,Base,Original
BUD000339,20240401,P009,BU003,REG001,DEP005,OPEX,2714659.37,3064387.5,Base,Original
BUD000340,20240401,P009,BU003,REG001,DEP003,EBITDA,2640123.94,2657123.73,Base,Original
BUD000341,20240401,P009,BU003,REG001,DEP003,Cash Inflow,8582962.47,8856899.75,Base,Original
BUD000342,20240401,P009,BU003,REG001,DEP003,Cash Outflow,6392271.85,6837451.71,Base,Original
BUD000343,20240401,P009,BU003,REG002,DEP001,Revenue,7874049.71,7540060.97,Base,Original
BUD000344,20240401,P009,BU003,REG002,DEP006,COGS,2931249.02,3064478.6,Base,Original
BUD000345,20240401,P009,BU003,REG002,DEP005,OPEX,2446459.09,2672570.57,Base,Original
BUD000346,20240401,P009,BU003,REG002,DEP003,EBITDA,2042683.95,1927355.73,Base,Original
BUD000347,20240401,P009,BU003,REG002,DEP003,Cash Inflow,7186538.58,7124345.2,Base,Original
BUD000348,20240401,P009,BU003,REG002,DEP003,Cash Outflow,5497575.07,5769389.75,Base,Original
BUD000349,20240401,P009,BU003,REG003,DEP001,Revenue,3852292.62,4294191.47,Base,Original
BUD000350,20240401,P009,BU003,REG003,DEP006,COGS,1581170.69,1646246.69,Base,Original
BUD000351,20240401,P009,BU003,REG003,DEP005,OPEX,1254655.48,1401102.42,Base,Original
BUD000352,20240401,P009,BU003,REG003,DEP003,EBITDA,1149038.17,1139201.41,Base,Original
BUD000353,20240401,P009,BU003,REG003,DEP003,Cash Inflow,3799742.93,3912490.19,Base,Original
BUD000354,20240401,P009,BU003,REG003,DEP003,Cash Outflow,2889760.04,3131725.84,Base,Original
BUD000355,20240401,P009,BU003,REG004,DEP001,Revenue,1807568.38,1817947.05,Base,Original
BUD000356,20240401,P009,BU003,REG004,DEP006,COGS,758510.99,753915.84,Base,Original
BUD000357,20240401,P009,BU003,REG004,DEP005,OPEX,614589.47,647888.84,Base,Original
BUD000358,20240401,P009,BU003,REG004,DEP003,EBITDA,468994.09,466252.53,Base,Original
BUD000359,20240401,P009,BU003,REG004,DEP003,Cash Inflow,1747092.89,1718765.91,Base,Original
BUD000360,20240401,P009,BU003,REG004,DEP003,Cash Outflow,1348031.48,1382470.21,Base,Original
BUD000361,20240401,P013,BU004,REG001,DEP001,Revenue,5573815.06,6377172.62,Base,Original
BUD000362,20240401,P013,BU004,REG001,DEP006,COGS,2504069.16,2632193.91,Base,Original
BUD000363,20240401,P013,BU004,REG001,DEP005,OPEX,2239564.47,2388969.11,Base,Original
BUD000364,20240401,P013,BU004,REG001,DEP003,EBITDA,1257980.54,1353804.05,Base,Original
BUD000365,20240401,P013,BU004,REG001,DEP003,Cash Inflow,5433637.53,6059407.7,Base,Original
BUD000366,20240401,P013,BU004,REG001,DEP003,Cash Outflow,4620963.83,5208806.39,Base,Original
BUD000367,20240401,P013,BU004,REG002,DEP001,Revenue,4891037.23,5496425.82,Base,Original
BUD000368,20240401,P013,BU004,REG002,DEP006,COGS,2338507.23,2224082.64,Base,Original
BUD000369,20240401,P013,BU004,REG002,DEP005,OPEX,1513554.37,1585398.91,Base,Original
BUD000370,20240401,P013,BU004,REG002,DEP003,EBITDA,1562593.75,1539475.64,Base,Original
BUD000371,20240401,P013,BU004,REG002,DEP003,Cash Inflow,4502367.52,4889500.82,Base,Original
BUD000372,20240401,P013,BU004,REG002,DEP003,Cash Outflow,3547448.5,3886621.37,Base,Original
BUD000373,20240401,P013,BU004,REG003,DEP001,Revenue,3334127.06,3770307.31,Base,Original
BUD000374,20240401,P013,BU004,REG003,DEP006,COGS,1579549.23,1592290.3,Base,Original
BUD000375,20240401,P013,BU004,REG003,DEP005,OPEX,1097786.39,1188203.23,Base,Original
BUD000376,20240401,P013,BU004,REG003,DEP003,EBITDA,970135.48,1080563.87,Base,Original
BUD000377,20240401,P013,BU004,REG003,DEP003,Cash Inflow,3192039.89,3681401.97,Base,Original
BUD000378,20240401,P013,BU004,REG003,DEP003,Cash Outflow,2647559.81,2820319.41,Base,Original
BUD000379,20240401,P013,BU004,REG004,DEP001,Revenue,1693721.97,1934318.89,Base,Original
BUD000380,20240401,P013,BU004,REG004,DEP006,COGS,770020.73,770003.79,Base,Original
BUD000381,20240401,P013,BU004,REG004,DEP005,OPEX,669912.4,745953.54,Base,Original
BUD000382,20240401,P013,BU004,REG004,DEP003,EBITDA,413262.41,437032.39,Base,Original
BUD000383,20240401,P013,BU004,REG004,DEP003,Cash Inflow,1644625.24,1822555.62,Base,Original
BUD000384,20240401,P013,BU004,REG004,DEP003,Cash Outflow,1372188.9,1481191.74,Base,Original
BUD000385,20240501,P001,BU001,REG001,DEP001,Revenue,8085482.51,8522542.48,Base,Original
BUD000386,20240501,P001,BU001,REG001,DEP006,COGS,3751111.67,3781103.4,Base,Original
BUD000387,20240501,P001,BU001,REG001,DEP002,OPEX,2647002.49,2879809.08,Base,Original
BUD000388,20240501,P001,BU001,REG001,DEP003,EBITDA,1793520.59,1755478.41,Base,Original
BUD000389,20240501,P001,BU001,REG001,DEP003,Cash Inflow,7791631.14,7948501.5,Base,Original
BUD000390,20240501,P001,BU001,REG001,DEP003,Cash Outflow,6582892.41,6643808.71,Base,Original
BUD000391,20240501,P001,BU001,REG002,DEP001,Revenue,6467221.14,6076629.96,Base,Original
BUD000392,20240501,P001,BU001,REG002,DEP006,COGS,2636663.3,2857114.75,Base,Original
BUD000393,20240501,P001,BU001,REG002,DEP002,OPEX,1857481.08,2009646.36,Base,Original
BUD000394,20240501,P001,BU001,REG002,DEP003,EBITDA,1429912.14,1381509.35,Base,Original
BUD000395,20240501,P001,BU001,REG002,DEP003,Cash Inflow,5957821.86,5852431.52,Base,Original
BUD000396,20240501,P001,BU001,REG002,DEP003,Cash Outflow,4559464.08,4879323.17,Base,Original
BUD000397,20240501,P001,BU001,REG003,DEP001,Revenue,4170135.02,4556767.19,Base,Original
BUD000398,20240501,P001,BU001,REG003,DEP006,COGS,2216062.19,2143120.77,Base,Original
BUD000399,20240501,P001,BU001,REG003,DEP002,OPEX,1362026.28,1472818.6,Base,Original
BUD000400,20240501,P001,BU001,REG003,DEP003,EBITDA,987557.5,996599.64,Base,Original
BUD000401,20240501,P001,BU001,REG003,DEP003,Cash Inflow,4026164.78,4431020.34,Base,Original
BUD000402,20240501,P001,BU001,REG003,DEP003,Cash Outflow,3432852.37,3582413.15,Base,Original
BUD000403,20240501,P001,BU001,REG004,DEP001,Revenue,2267077.93,2324221.2,Base,Original
BUD000404,20240501,P001,BU001,REG004,DEP006,COGS,1064209.58,1029578.16,Base,Original
BUD000405,20240501,P001,BU001,REG004,DEP002,OPEX,688457.16,735967.44,Base,Original
BUD000406,20240501,P001,BU001,REG004,DEP003,EBITDA,571662.35,541115.78,Base,Original
BUD000407,20240501,P001,BU001,REG004,DEP003,Cash Inflow,2188696.99,2240327.54,Base,Original
BUD000408,20240501,P001,BU001,REG004,DEP003,Cash Outflow,1643464.8,1739854.78,Base,Original
BUD000409,20240501,P005,BU002,REG001,DEP001,Revenue,7036178.0,7934954.06,Base,Original
BUD000410,20240501,P005,BU002,REG001,DEP006,COGS,3792920.06,3436598.9,Base,Original
BUD000411,20240501,P005,BU002,REG001,DEP005,OPEX,2589782.85,2789204.46,Base,Original
BUD000412,20240501,P005,BU002,REG001,DEP003,EBITDA,1476683.68,1471384.54,Base,Original
BUD000413,20240501,P005,BU002,REG001,DEP003,Cash Inflow,7022740.34,7432482.57,Base,Original
BUD000414,20240501,P005,BU002,REG001,DEP003,Cash Outflow,5730688.07,6241974.99,Base,Original
BUD000415,20240501,P005,BU002,REG002,DEP001,Revenue,6178572.44,6068873.25,Base,Original
BUD000416,20240501,P005,BU002,REG002,DEP006,COGS,3059974.05,2835489.51,Base,Original
BUD000417,20240501,P005,BU002,REG002,DEP005,OPEX,1943203.48,2107823.79,Base,Original
BUD000418,20240501,P005,BU002,REG002,DEP003,EBITDA,1349490.37,1271017.51,Base,Original
BUD000419,20240501,P005,BU002,REG002,DEP003,Cash Inflow,6362262.11,5975776.7,Base,Original
BUD000420,20240501,P005,BU002,REG002,DEP003,Cash Outflow,4530452.21,4898006.58,Base,Original
BUD000421,20240501,P005,BU002,REG003,DEP001,Revenue,4671281.1,5300443.26,Base,Original
BUD000422,20240501,P005,BU002,REG003,DEP006,COGS,2466705.33,2287401.5,Base,Original
BUD000423,20240501,P005,BU002,REG003,DEP005,OPEX,1787723.24,1998371.72,Base,Original
BUD000424,20240501,P005,BU002,REG003,DEP003,EBITDA,859438.43,872970.63,Base,Original
BUD000425,20240501,P005,BU002,REG003,DEP003,Cash Inflow,4517861.97,4919508.62,Base,Original
BUD000426,20240501,P005,BU002,REG003,DEP003,Cash Outflow,4143797.01,4175565.51,Base,Original
BUD000427,20240501,P005,BU002,REG004,DEP001,Revenue,1939517.81,2080575.38,Base,Original
BUD000428,20240501,P005,BU002,REG004,DEP006,COGS,990087.63,954655.86,Base,Original
BUD000429,20240501,P005,BU002,REG004,DEP005,OPEX,697691.68,718229.25,Base,Original
BUD000430,20240501,P005,BU002,REG004,DEP003,EBITDA,374461.36,361375.39,Base,Original
BUD000431,20240501,P005,BU002,REG004,DEP003,Cash Inflow,1977195.93,2026244.84,Base,Original
BUD000432,20240501,P005,BU002,REG004,DEP003,Cash Outflow,1635195.56,1706511.39,Base,Original
BUD000433,20240501,P009,BU003,REG001,DEP001,Revenue,7500202.54,8100196.72,Base,Original
BUD000434,20240501,P009,BU003,REG001,DEP006,COGS,3246347.46,3282288.38,Base,Original
BUD000435,20240501,P009,BU003,REG001,DEP005,OPEX,2352090.93,2492908.8,Base,Original
BUD000436,20240501,P009,BU003,REG001,DEP003,EBITDA,2232807.14,2169015.0,Base,Original
BUD000437,20240501,P009,BU003,REG001,DEP003,Cash Inflow,7160996.35,7405722.99,Base,Original
BUD000438,20240501,P009,BU003,REG001,DEP003,Cash Outflow,5558839.08,5705090.52,Base,Original
BUD000439,20240501,P009,BU003,REG002,DEP001,Revenue,6824755.34,6489504.35,Base,Original
BUD000440,20240501,P009,BU003,REG002,DEP006,COGS,2676963.04,2717434.39,Base,Original
BUD000441,20240501,P009,BU003,REG002,DEP005,OPEX,2019340.03,2179104.39,Base,Original
BUD000442,20240501,P009,BU003,REG002,DEP003,EBITDA,1835874.79,1690719.8,Base,Original
BUD000443,20240501,P009,BU003,REG002,DEP003,Cash Inflow,6346855.68,6344754.55,Base,Original
BUD000444,20240501,P009,BU003,REG002,DEP003,Cash Outflow,4628036.84,5042472.77,Base,Original
BUD000445,20240501,P009,BU003,REG003,DEP001,Revenue,5378767.27,5680669.53,Base,Original
BUD000446,20240501,P009,BU003,REG003,DEP006,COGS,2463625.2,2307497.28,Base,Original
BUD000447,20240501,P009,BU003,REG003,DEP005,OPEX,1821269.76,2003176.95,Base,Original
BUD000448,20240501,P009,BU003,REG003,DEP003,EBITDA,1464570.15,1424206.28,Base,Original
BUD000449,20240501,P009,BU003,REG003,DEP003,Cash Inflow,5262029.39,5586985.94,Base,Original
BUD000450,20240501,P009,BU003,REG003,DEP003,Cash Outflow,4175208.2,4398582.78,Base,Original
BUD000451,20240501,P009,BU003,REG004,DEP001,Revenue,1665303.69,1644180.23,Base,Original
BUD000452,20240501,P009,BU003,REG004,DEP006,COGS,723798.23,681520.94,Base,Original
BUD000453,20240501,P009,BU003,REG004,DEP005,OPEX,504417.58,550931.64,Base,Original
BUD000454,20240501,P009,BU003,REG004,DEP003,EBITDA,445450.93,438683.59,Base,Original
BUD000455,20240501,P009,BU003,REG004,DEP003,Cash Inflow,1574010.93,1561049.69,Base,Original
BUD000456,20240501,P009,BU003,REG004,DEP003,Cash Outflow,1201878.34,1287258.75,Base,Original
BUD000457,20240501,P013,BU004,REG001,DEP001,Revenue,6252608.08,7247982.21,Base,Original
BUD000458,20240501,P013,BU004,REG001,DEP006,COGS,2974734.96,2935443.51,Base,Original
BUD000459,20240501,P013,BU004,REG001,DEP005,OPEX,2281594.61,2462577.68,Base,Original
BUD000460,20240501,P013,BU004,REG001,DEP003,EBITDA,1677060.96,1782301.75,Base,Original
BUD000461,20240501,P013,BU004,REG001,DEP003,Cash Inflow,5951530.67,6746153.99,Base,Original
BUD000462,20240501,P013,BU004,REG001,DEP003,Cash Outflow,5008769.15,5415702.24,Base,Original
BUD000463,20240501,P013,BU004,REG002,DEP001,Revenue,3990576.65,4535757.23,Base,Original
BUD000464,20240501,P013,BU004,REG002,DEP006,COGS,1857079.56,1735931.09,Base,Original
BUD000465,20240501,P013,BU004,REG002,DEP005,OPEX,1434347.43,1593639.34,Base,Original
BUD000466,20240501,P013,BU004,REG002,DEP003,EBITDA,1133046.51,1137276.32,Base,Original
BUD000467,20240501,P013,BU004,REG002,DEP003,Cash Inflow,3726724.23,4090695.7,Base,Original
BUD000468,20240501,P013,BU004,REG002,DEP003,Cash Outflow,3210097.88,3246019.76,Base,Original
BUD000469,20240501,P013,BU004,REG003,DEP001,Revenue,4491335.03,5196096.16,Base,Original
BUD000470,20240501,P013,BU004,REG003,DEP006,COGS,2267941.09,2088556.67,Base,Original
BUD000471,20240501,P013,BU004,REG003,DEP005,OPEX,1648643.61,1721297.7,Base,Original
BUD000472,20240501,P013,BU004,REG003,DEP003,EBITDA,1193163.56,1272685.1,Base,Original
BUD000473,20240501,P013,BU004,REG003,DEP003,Cash Inflow,4256177.96,5010281.12,Base,Original
BUD000474,20240501,P013,BU004,REG003,DEP003,Cash Outflow,3736844.96,4005713.35,Base,Original
BUD000475,20240501,P013,BU004,REG004,DEP001,Revenue,1045931.46,1156215.78,Base,Original
BUD000476,20240501,P013,BU004,REG004,DEP006,COGS,499798.29,468015.33,Base,Original
BUD000477,20240501,P013,BU004,REG004,DEP005,OPEX,423969.48,469490.35,Base,Original
BUD000478,20240501,P013,BU004,REG004,DEP003,EBITDA,243322.28,254575.39,Base,Original
BUD000479,20240501,P013,BU004,REG004,DEP003,Cash Inflow,1046217.6,1133275.7,Base,Original
BUD000480,20240501,P013,BU004,REG004,DEP003,Cash Outflow,885911.75,938290.8,Base,Original
BUD000481,20240601,P001,BU001,REG001,DEP001,Revenue,7017665.33,7464648.06,Base,Original
BUD000482,20240601,P001,BU001,REG001,DEP006,COGS,3588438.97,3429872.81,Base,Original
BUD000483,20240601,P001,BU001,REG001,DEP002,OPEX,2469798.35,2602950.21,Base,Original
BUD000484,20240601,P001,BU001,REG001,DEP003,EBITDA,1422309.46,1482593.46,Base,Original
BUD000485,20240601,P001,BU001,REG001,DEP003,Cash Inflow,6532268.21,7265304.68,Base,Original
BUD000486,20240601,P001,BU001,REG001,DEP003,Cash Outflow,5671138.49,6259974.73,Base,Original
BUD000487,20240601,P001,BU001,REG002,DEP001,Revenue,7454320.08,6916782.82,Base,Original
BUD000488,20240601,P001,BU001,REG002,DEP006,COGS,3106311.32,3170012.58,Base,Original
BUD000489,20240601,P001,BU001,REG002,DEP002,OPEX,2272128.92,2389491.65,Base,Original
BUD000490,20240601,P001,BU001,REG002,DEP003,EBITDA,1582338.66,1502336.17,Base,Original
BUD000491,20240601,P001,BU001,REG002,DEP003,Cash Inflow,6899497.35,6883089.78,Base,Original
BUD000492,20240601,P001,BU001,REG002,DEP003,Cash Outflow,5395118.08,5573767.83,Base,Original
BUD000493,20240601,P001,BU001,REG003,DEP001,Revenue,4335872.25,4693375.71,Base,Original
BUD000494,20240601,P001,BU001,REG003,DEP006,COGS,2346720.5,2170239.51,Base,Original
BUD000495,20240601,P001,BU001,REG003,DEP002,OPEX,1458354.19,1560988.03,Base,Original
BUD000496,20240601,P001,BU001,REG003,DEP003,EBITDA,1060656.51,1070157.98,Base,Original
BUD000497,20240601,P001,BU001,REG003,DEP003,Cash Inflow,4094261.58,4546205.16,Base,Original
BUD000498,20240601,P001,BU001,REG003,DEP003,Cash Outflow,3664555.69,3777040.45,Base,Original
BUD000499,20240601,P001,BU001,REG004,DEP001,Revenue,2048335.79,2066235.97,Base,Original
BUD000500,20240601,P001,BU001,REG004,DEP006,COGS,974115.62,919410.38,Base,Original
BUD000501,20240601,P001,BU001,REG004,DEP002,OPEX,653444.89,707349.37,Base,Original
BUD000502,20240601,P001,BU001,REG004,DEP003,EBITDA,453808.78,453797.42,Base,Original
BUD000503,20240601,P001,BU001,REG004,DEP003,Cash Inflow,1961856.66,1999047.9,Base,Original
BUD000504,20240601,P001,BU001,REG004,DEP003,Cash Outflow,1478785.83,1570217.48,Base,Original
BUD000505,20240601,P005,BU002,REG001,DEP001,Revenue,8293475.77,9111690.05,Base,Original
BUD000506,20240601,P005,BU002,REG001,DEP006,COGS,4331975.44,4209404.0,Base,Original
BUD000507,20240601,P005,BU002,REG001,DEP005,OPEX,2910236.76,3268876.22,Base,Original
BUD000508,20240601,P005,BU002,REG001,DEP003,EBITDA,1632786.09,1626340.54,Base,Original
BUD000509,20240601,P005,BU002,REG001,DEP003,Cash Inflow,8448140.28,8838547.15,Base,Original
BUD000510,20240601,P005,BU002,REG001,DEP003,Cash Outflow,7317639.27,7714024.78,Base,Original
BUD000511,20240601,P005,BU002,REG002,DEP001,Revenue,6856417.81,6790337.52,Base,Original
BUD000512,20240601,P005,BU002,REG002,DEP006,COGS,2897939.45,3007745.21,Base,Original
BUD000513,20240601,P005,BU002,REG002,DEP005,OPEX,2150617.06,2315179.25,Base,Original
BUD000514,20240601,P005,BU002,REG002,DEP003,EBITDA,1498435.43,1449990.68,Base,Original
BUD000515,20240601,P005,BU002,REG002,DEP003,Cash Inflow,6694800.22,6240994.59,Base,Original
BUD000516,20240601,P005,BU002,REG002,DEP003,Cash Outflow,4965486.99,5147035.68,Base,Original
BUD000517,20240601,P005,BU002,REG003,DEP001,Revenue,4121757.37,4516833.44,Base,Original
BUD000518,20240601,P005,BU002,REG003,DEP006,COGS,2288045.58,2147528.02,Base,Original
BUD000519,20240601,P005,BU002,REG003,DEP005,OPEX,1462783.12,1589440.89,Base,Original
BUD000520,20240601,P005,BU002,REG003,DEP003,EBITDA,883177.94,904253.32,Base,Original
BUD000521,20240601,P005,BU002,REG003,DEP003,Cash Inflow,4145517.26,4366203.3,Base,Original
BUD000522,20240601,P005,BU002,REG003,DEP003,Cash Outflow,3501705.67,3832071.68,Base,Original
BUD000523,20240601,P005,BU002,REG004,DEP001,Revenue,2733108.12,2909207.68,Base,Original
BUD000524,20240601,P005,BU002,REG004,DEP006,COGS,1189128.99,1302123.32,Base,Original
BUD000525,20240601,P005,BU002,REG004,DEP005,OPEX,919235.89,981495.44,Base,Original
BUD000526,20240601,P005,BU002,REG004,DEP003,EBITDA,586639.88,563659.4,Base,Original
BUD000527,20240601,P005,BU002,REG004,DEP003,Cash Inflow,2575828.97,2698120.7,Base,Original
BUD000528,20240601,P005,BU002,REG004,DEP003,Cash Outflow,2171919.7,2329369.68,Base,Original
BUD000529,20240601,P009,BU003,REG001,DEP001,Revenue,7539061.57,7947317.44,Base,Original
BUD000530,20240601,P009,BU003,REG001,DEP006,COGS,3535177.07,3198751.81,Base,Original
BUD000531,20240601,P009,BU003,REG001,DEP005,OPEX,2416122.49,2649669.19,Base,Original
BUD000532,20240601,P009,BU003,REG001,DEP003,EBITDA,2286160.72,2241643.58,Base,Original
BUD000533,20240601,P009,BU003,REG001,DEP003,Cash Inflow,7492245.84,7826587.66,Base,Original
BUD000534,20240601,P009,BU003,REG001,DEP003,Cash Outflow,5721494.29,5812010.67,Base,Original
BUD000535,20240601,P009,BU003,REG002,DEP001,Revenue,7383417.1,7335610.34,Base,Original
BUD000536,20240601,P009,BU003,REG002,DEP006,COGS,3099097.16,3055506.21,Base,Original
BUD000537,20240601,P009,BU003,REG002,DEP005,OPEX,2206234.96,2392312.13,Base,Original
BUD000538,20240601,P009,BU003,REG002,DEP003,EBITDA,2119226.8,1993253.93,Base,Original
BUD000539,20240601,P009,BU003,REG002,DEP003,Cash Inflow,7078406.28,6991594.15,Base,Original
BUD000540,20240601,P009,BU003,REG002,DEP003,Cash Outflow,4732516.73,5198017.23,Base,Original
BUD000541,20240601,P009,BU003,REG003,DEP001,Revenue,4789445.35,5259416.6,Base,Original
BUD000542,20240601,P009,BU003,REG003,DEP006,COGS,2133132.04,2074675.02,Base,Original
BUD000543,20240601,P009,BU003,REG003,DEP005,OPEX,1586415.08,1685793.82,Base,Original
BUD000544,20240601,P009,BU003,REG003,DEP003,EBITDA,1308221.79,1338990.0,Base,Original
BUD000545,20240601,P009,BU003,REG003,DEP003,Cash Inflow,4520294.66,4810455.66,Base,Original
BUD000546,20240601,P009,BU003,REG003,DEP003,Cash Outflow,3516101.47,3879944.39,Base,Original
BUD000547,20240601,P009,BU003,REG004,DEP001,Revenue,1806092.72,1905729.63,Base,Original
BUD000548,20240601,P009,BU003,REG004,DEP006,COGS,771265.85,768718.77,Base,Original
BUD000549,20240601,P009,BU003,REG004,DEP005,OPEX,617963.55,657244.28,Base,Original
BUD000550,20240601,P009,BU003,REG004,DEP003,EBITDA,469207.02,446077.14,Base,Original
BUD000551,20240601,P009,BU003,REG004,DEP003,Cash Inflow,1743499.95,1848113.94,Base,Original
BUD000552,20240601,P009,BU003,REG004,DEP003,Cash Outflow,1307556.79,1410663.22,Base,Original
BUD000553,20240601,P013,BU004,REG001,DEP001,Revenue,5568584.77,6467378.37,Base,Original
BUD000554,20240601,P013,BU004,REG001,DEP006,COGS,2576402.28,2657881.93,Base,Original
BUD000555,20240601,P013,BU004,REG001,DEP005,OPEX,2152396.21,2237975.14,Base,Original
BUD000556,20240601,P013,BU004,REG001,DEP003,EBITDA,1435220.34,1574009.32,Base,Original
BUD000557,20240601,P013,BU004,REG001,DEP003,Cash Inflow,5541343.59,6021269.52,Base,Original
BUD000558,20240601,P013,BU004,REG001,DEP003,Cash Outflow,4438771.15,4786184.09,Base,Original
BUD000559,20240601,P013,BU004,REG002,DEP001,Revenue,4467948.28,4685290.34,Base,Original
BUD000560,20240601,P013,BU004,REG002,DEP006,COGS,1754754.29,1890066.32,Base,Original
BUD000561,20240601,P013,BU004,REG002,DEP005,OPEX,1368978.91,1494764.59,Base,Original
BUD000562,20240601,P013,BU004,REG002,DEP003,EBITDA,1414329.17,1427146.13,Base,Original
BUD000563,20240601,P013,BU004,REG002,DEP003,Cash Inflow,4244431.65,4416619.75,Base,Original
BUD000564,20240601,P013,BU004,REG002,DEP003,Cash Outflow,3117499.44,3356737.88,Base,Original
BUD000565,20240601,P013,BU004,REG003,DEP001,Revenue,3034241.46,3578498.61,Base,Original
BUD000566,20240601,P013,BU004,REG003,DEP006,COGS,1372297.06,1375930.45,Base,Original
BUD000567,20240601,P013,BU004,REG003,DEP005,OPEX,1051407.42,1128065.74,Base,Original
BUD000568,20240601,P013,BU004,REG003,DEP003,EBITDA,850765.21,910911.06,Base,Original
BUD000569,20240601,P013,BU004,REG003,DEP003,Cash Inflow,2903199.01,3268009.23,Base,Original
BUD000570,20240601,P013,BU004,REG003,DEP003,Cash Outflow,2449968.73,2550494.72,Base,Original
BUD000571,20240601,P013,BU004,REG004,DEP001,Revenue,1507286.78,1684042.44,Base,Original
BUD000572,20240601,P013,BU004,REG004,DEP006,COGS,740728.65,686313.26,Base,Original
BUD000573,20240601,P013,BU004,REG004,DEP005,OPEX,492961.73,544375.61,Base,Original
BUD000574,20240601,P013,BU004,REG004,DEP003,EBITDA,465874.33,483670.43,Base,Original
BUD000575,20240601,P013,BU004,REG004,DEP003,Cash Inflow,1394876.97,1544386.1,Base,Original
BUD000576,20240601,P013,BU004,REG004,DEP003,Cash Outflow,1191111.3,1267954.67,Base,Original
BUD000577,20240701,P001,BU001,REG001,DEP001,Revenue,6342602.44,6730647.68,Base,Original
BUD000578,20240701,P001,BU001,REG001,DEP006,COGS,2873580.68,3104564.12,Base,Original
BUD000579,20240701,P001,BU001,REG001,DEP002,OPEX,2147679.3,2363776.73,Base,Original
BUD000580,20240701,P001,BU001,REG001,DEP003,EBITDA,1422168.43,1384418.3,Base,Original
BUD000581,20240701,P001,BU001,REG001,DEP003,Cash Inflow,5906792.5,6296855.23,Base,Original
BUD000582,20240701,P001,BU001,REG001,DEP003,Cash Outflow,5129221.28,5315892.67,Base,Original
BUD000583,20240701,P001,BU001,REG002,DEP001,Revenue,6629886.15,6572467.48,Base,Original
BUD000584,20240701,P001,BU001,REG002,DEP006,COGS,2820386.18,2895821.92,Base,Original
BUD000585,20240701,P001,BU001,REG002,DEP002,OPEX,2029681.99,2081909.91,Base,Original
BUD000586,20240701,P001,BU001,REG002,DEP003,EBITDA,1476081.99,1344313.94,Base,Original
BUD000587,20240701,P001,BU001,REG002,DEP003,Cash Inflow,6173935.95,6079135.61,Base,Original
BUD000588,20240701,P001,BU001,REG002,DEP003,Cash Outflow,4681326.11,5130701.69,Base,Original
BUD000589,20240701,P001,BU001,REG003,DEP001,Revenue,5075665.42,5630311.87,Base,Original
BUD000590,20240701,P001,BU001,REG003,DEP006,COGS,2652335.9,2593453.94,Base,Original
BUD000591,20240701,P001,BU001,REG003,DEP002,OPEX,1965119.72,1994246.51,Base,Original
BUD000592,20240701,P001,BU001,REG003,DEP003,EBITDA,1024441.01,1017933.85,Base,Original
BUD000593,20240701,P001,BU001,REG003,DEP003,Cash Inflow,5025740.31,5200271.89,Base,Original
BUD000594,20240701,P001,BU001,REG003,DEP003,Cash Outflow,4364206.17,4603589.73,Base,Original
BUD000595,20240701,P001,BU001,REG004,DEP001,Revenue,1382437.84,1452116.95,Base,Original
BUD000596,20240701,P001,BU001,REG004,DEP006,COGS,642446.45,629771.82,Base,Original
BUD000597,20240701,P001,BU001,REG004,DEP002,OPEX,443709.94,472178.9,Base,Original
BUD000598,20240701,P001,BU001,REG004,DEP003,EBITDA,309572.26,292982.22,Base,Original
BUD000599,20240701,P001,BU001,REG004,DEP003,Cash Inflow,1339660.27,1391649.61,Base,Original
BUD000600,20240701,P001,BU001,REG004,DEP003,Cash Outflow,1102977.72,1106372.85,Base,Original
BUD000601,20240701,P005,BU002,REG001,DEP001,Revenue,7681404.97,8406919.75,Base,Original
BUD000602,20240701,P005,BU002,REG001,DEP006,COGS,3456441.27,3662624.0,Base,Original
BUD000603,20240701,P005,BU002,REG001,DEP005,OPEX,2728695.57,3070178.6,Base,Original
BUD000604,20240701,P005,BU002,REG001,DEP003,EBITDA,1616323.74,1612173.74,Base,Original
BUD000605,20240701,P005,BU002,REG001,DEP003,Cash Inflow,7777358.16,8141169.89,Base,Original
BUD000606,20240701,P005,BU002,REG001,DEP003,Cash Outflow,6114310.24,6581510.86,Base,Original
BUD000607,20240701,P005,BU002,REG002,DEP001,Revenue,5914054.45,5888892.69,Base,Original
BUD000608,20240701,P005,BU002,REG002,DEP006,COGS,2789085.11,2604055.02,Base,Original
BUD000609,20240701,P005,BU002,REG002,DEP005,OPEX,1986858.79,2105835.8,Base,Original
BUD000610,20240701,P005,BU002,REG002,DEP003,EBITDA,1239246.22,1178881.82,Base,Original
BUD000611,20240701,P005,BU002,REG002,DEP003,Cash Inflow,5691956.83,5735279.02,Base,Original
BUD000612,20240701,P005,BU002,REG002,DEP003,Cash Outflow,4520789.66,4714534.28,Base,Original
BUD000613,20240701,P005,BU002,REG003,DEP001,Revenue,4512753.06,4944133.66,Base,Original
BUD000614,20240701,P005,BU002,REG003,DEP006,COGS,2281615.56,2283480.35,Base,Original
BUD000615,20240701,P005,BU002,REG003,DEP005,OPEX,1709228.19,1884729.25,Base,Original
BUD000616,20240701,P005,BU002,REG003,DEP003,EBITDA,911407.44,904937.24,Base,Original
BUD000617,20240701,P005,BU002,REG003,DEP003,Cash Inflow,4436450.72,5024311.06,Base,Original
BUD000618,20240701,P005,BU002,REG003,DEP003,Cash Outflow,3833492.33,4120746.67,Base,Original
BUD000619,20240701,P005,BU002,REG004,DEP001,Revenue,2045841.15,2229182.68,Base,Original
BUD000620,20240701,P005,BU002,REG004,DEP006,COGS,1013484.7,988209.87,Base,Original
BUD000621,20240701,P005,BU002,REG004,DEP005,OPEX,696616.58,751911.43,Base,Original
BUD000622,20240701,P005,BU002,REG004,DEP003,EBITDA,431526.94,430085.65,Base,Original
BUD000623,20240701,P005,BU002,REG004,DEP003,Cash Inflow,1959452.92,2136913.83,Base,Original
BUD000624,20240701,P005,BU002,REG004,DEP003,Cash Outflow,1599603.0,1761207.27,Base,Original
BUD000625,20240701,P009,BU003,REG001,DEP001,Revenue,6759693.79,7086762.83,Base,Original
BUD000626,20240701,P009,BU003,REG001,DEP006,COGS,2952247.45,2882464.66,Base,Original
BUD000627,20240701,P009,BU003,REG001,DEP005,OPEX,2199742.61,2416401.39,Base,Original
BUD000628,20240701,P009,BU003,REG001,DEP003,EBITDA,1764971.65,1793826.78,Base,Original
BUD000629,20240701,P009,BU003,REG001,DEP003,Cash Inflow,6071429.22,6601268.62,Base,Original
BUD000630,20240701,P009,BU003,REG001,DEP003,Cash Outflow,4859457.83,5315816.55,Base,Original
BUD000631,20240701,P009,BU003,REG002,DEP001,Revenue,5644120.14,5374174.39,Base,Original
BUD000632,20240701,P009,BU003,REG002,DEP006,COGS,2373214.97,2275532.64,Base,Original
BUD000633,20240701,P009,BU003,REG002,DEP005,OPEX,1771831.28,1898149.12,Base,Original
BUD000634,20240701,P009,BU003,REG002,DEP003,EBITDA,1498449.99,1364754.26,Base,Original
BUD000635,20240701,P009,BU003,REG002,DEP003,Cash Inflow,5599699.72,5279409.68,Base,Original
BUD000636,20240701,P009,BU003,REG002,DEP003,Cash Outflow,3894387.55,4150998.72,Base,Original
BUD000637,20240701,P009,BU003,REG003,DEP001,Revenue,5401354.59,5745647.4,Base,Original
BUD000638,20240701,P009,BU003,REG003,DEP006,COGS,2368814.54,2372479.84,Base,Original
BUD000639,20240701,P009,BU003,REG003,DEP005,OPEX,1650135.82,1758803.61,Base,Original
BUD000640,20240701,P009,BU003,REG003,DEP003,EBITDA,1643387.05,1677731.53,Base,Original
BUD000641,20240701,P009,BU003,REG003,DEP003,Cash Inflow,4913740.69,5594255.45,Base,Original
BUD000642,20240701,P009,BU003,REG003,DEP003,Cash Outflow,3823926.36,4069878.1,Base,Original
BUD000643,20240701,P009,BU003,REG004,DEP001,Revenue,1868089.37,1992741.28,Base,Original
BUD000644,20240701,P009,BU003,REG004,DEP006,COGS,787468.98,764646.68,Base,Original
BUD000645,20240701,P009,BU003,REG004,DEP005,OPEX,588380.25,646770.7,Base,Original
BUD000646,20240701,P009,BU003,REG004,DEP003,EBITDA,535571.84,509457.54,Base,Original
BUD000647,20240701,P009,BU003,REG004,DEP003,Cash Inflow,1788057.6,1895536.8,Base,Original
BUD000648,20240701,P009,BU003,REG004,DEP003,Cash Outflow,1355130.15,1416279.12,Base,Original
BUD000649,20240701,P013,BU004,REG001,DEP001,Revenue,6117228.1,6954925.13,Base,Original
BUD000650,20240701,P013,BU004,REG001,DEP006,COGS,2951077.21,2728352.77,Base,Original
BUD000651,20240701,P013,BU004,REG001,DEP005,OPEX,2261397.07,2469533.45,Base,Original
BUD000652,20240701,P013,BU004,REG001,DEP003,EBITDA,1771476.52,1844714.48,Base,Original
BUD000653,20240701,P013,BU004,REG001,DEP003,Cash Inflow,5760326.16,6449501.14,Base,Original
BUD000654,20240701,P013,BU004,REG001,DEP003,Cash Outflow,5072099.89,5399455.96,Base,Original
BUD000655,20240701,P013,BU004,REG002,DEP001,Revenue,4009020.06,4264052.0,Base,Original
BUD000656,20240701,P013,BU004,REG002,DEP006,COGS,1669667.16,1715202.21,Base,Original
BUD000657,20240701,P013,BU004,REG002,DEP005,OPEX,1383361.32,1559400.32,Base,Original
BUD000658,20240701,P013,BU004,REG002,DEP003,EBITDA,1027931.82,1062684.48,Base,Original
BUD000659,20240701,P013,BU004,REG002,DEP003,Cash Inflow,3835512.87,4145057.24,Base,Original
BUD000660,20240701,P013,BU004,REG002,DEP003,Cash Outflow,3122184.17,3240640.5,Base,Original
BUD000661,20240701,P013,BU004,REG003,DEP001,Revenue,3560671.06,4005670.72,Base,Original
BUD000662,20240701,P013,BU004,REG003,DEP006,COGS,1592363.48,1762955.32,Base,Original
BUD000663,20240701,P013,BU004,REG003,DEP005,OPEX,1178795.64,1301836.1,Base,Original
BUD000664,20240701,P013,BU004,REG003,DEP003,EBITDA,1002507.64,1059995.17,Base,Original
BUD000665,20240701,P013,BU004,REG003,DEP003,Cash Inflow,3418090.09,3854166.95,Base,Original
BUD000666,20240701,P013,BU004,REG003,DEP003,Cash Outflow,2836938.14,3030344.65,Base,Original
BUD000667,20240701,P013,BU004,REG004,DEP001,Revenue,1406947.98,1588133.19,Base,Original
BUD000668,20240701,P013,BU004,REG004,DEP006,COGS,652574.67,669676.27,Base,Original
BUD000669,20240701,P013,BU004,REG004,DEP005,OPEX,487605.98,538124.93,Base,Original
BUD000670,20240701,P013,BU004,REG004,DEP003,EBITDA,388381.58,390004.9,Base,Original
BUD000671,20240701,P013,BU004,REG004,DEP003,Cash Inflow,1314743.38,1515402.48,Base,Original
BUD000672,20240701,P013,BU004,REG004,DEP003,Cash Outflow,1085237.17,1213279.94,Base,Original
BUD000673,20240801,P001,BU001,REG001,DEP001,Revenue,6597223.81,7046122.33,Base,Original
BUD000674,20240801,P001,BU001,REG001,DEP006,COGS,3026056.06,3269413.9,Base,Original
BUD000675,20240801,P001,BU001,REG001,DEP002,OPEX,2141772.47,2332371.46,Base,Original
BUD000676,20240801,P001,BU001,REG001,DEP003,EBITDA,1511382.46,1566227.56,Base,Original
BUD000677,20240801,P001,BU001,REG001,DEP003,Cash Inflow,6527830.55,6908824.97,Base,Original
BUD000678,20240801,P001,BU001,REG001,DEP003,Cash Outflow,5156253.53,5623530.98,Base,Original
BUD000679,20240801,P001,BU001,REG002,DEP001,Revenue,5316355.84,5260466.79,Base,Original
BUD000680,20240801,P001,BU001,REG002,DEP006,COGS,2565632.57,2372764.95,Base,Original
BUD000681,20240801,P001,BU001,REG002,DEP002,OPEX,1751187.45,1810949.97,Base,Original
BUD000682,20240801,P001,BU001,REG002,DEP003,EBITDA,1079306.23,981574.8,Base,Original
BUD000683,20240801,P001,BU001,REG002,DEP003,Cash Inflow,4872339.54,4927786.18,Base,Original
BUD000684,20240801,P001,BU001,REG002,DEP003,Cash Outflow,4230663.47,4228021.24,Base,Original
BUD000685,20240801,P001,BU001,REG003,DEP001,Revenue,5232550.99,5732077.2,Base,Original
BUD000686,20240801,P001,BU001,REG003,DEP006,COGS,2599226.44,2575784.32,Base,Original
BUD000687,20240801,P001,BU001,REG003,DEP002,OPEX,1647098.57,1802375.78,Base,Original
BUD000688,20240801,P001,BU001,REG003,DEP003,EBITDA,1362281.26,1410014.61,Base,Original
BUD000689,20240801,P001,BU001,REG003,DEP003,Cash Inflow,5294567.36,5546086.38,Base,Original
BUD000690,20240801,P001,BU001,REG003,DEP003,Cash Outflow,4090665.5,4379861.51,Base,Original
BUD000691,20240801,P001,BU001,REG004,DEP001,Revenue,1743007.85,1781703.03,Base,Original
BUD000692,20240801,P001,BU001,REG004,DEP006,COGS,773742.68,819072.99,Base,Original
BUD000693,20240801,P001,BU001,REG004,DEP002,OPEX,558115.93,605346.68,Base,Original
BUD000694,20240801,P001,BU001,REG004,DEP003,EBITDA,373412.69,361273.59,Base,Original
BUD000695,20240801,P001,BU001,REG004,DEP003,Cash Inflow,1735199.73,1690019.2,Base,Original
BUD000696,20240801,P001,BU001,REG004,DEP003,Cash Outflow,1335707.8,1418687.47,Base,Original
BUD000697,20240801,P005,BU002,REG001,DEP001,Revenue,7163416.34,7714362.74,Base,Original
BUD000698,20240801,P005,BU002,REG001,DEP006,COGS,3402191.3,3519992.06,Base,Original
BUD000699,20240801,P005,BU002,REG001,DEP005,OPEX,2641720.48,2814557.88,Base,Original
BUD000700,20240801,P005,BU002,REG001,DEP003,EBITDA,1422660.4,1464549.23,Base,Original
BUD000701,20240801,P005,BU002,REG001,DEP003,Cash Inflow,6911904.52,7460564.88,Base,Original
BUD000702,20240801,P005,BU002,REG001,DEP003,Cash Outflow,6141093.37,6396830.56,Base,Original
BUD000703,20240801,P005,BU002,REG002,DEP001,Revenue,6490060.11,6313141.18,Base,Original
BUD000704,20240801,P005,BU002,REG002,DEP006,COGS,2773106.61,2975877.76,Base,Original
BUD000705,20240801,P005,BU002,REG002,DEP005,OPEX,2027328.66,2227670.41,Base,Original
BUD000706,20240801,P005,BU002,REG002,DEP003,EBITDA,1369451.32,1309683.53,Base,Original
BUD000707,20240801,P005,BU002,REG002,DEP003,Cash Inflow,5773509.42,5886012.63,Base,Original
BUD000708,20240801,P005,BU002,REG002,DEP003,Cash Outflow,4923831.94,5142452.99,Base,Original
BUD000709,20240801,P005,BU002,REG003,DEP001,Revenue,3702709.69,4091387.59,Base,Original
BUD000710,20240801,P005,BU002,REG003,DEP006,COGS,1963497.1,1940651.25,Base,Original
BUD000711,20240801,P005,BU002,REG003,DEP005,OPEX,1328230.14,1454199.33,Base,Original
BUD000712,20240801,P005,BU002,REG003,DEP003,EBITDA,824024.83,826556.87,Base,Original
BUD000713,20240801,P005,BU002,REG003,DEP003,Cash Inflow,3562442.75,4036602.16,Base,Original
BUD000714,20240801,P005,BU002,REG003,DEP003,Cash Outflow,3157307.04,3246374.04,Base,Original
BUD000715,20240801,P005,BU002,REG004,DEP001,Revenue,2362003.61,2424553.14,Base,Original
BUD000716,20240801,P005,BU002,REG004,DEP006,COGS,1155489.01,1127201.6,Base,Original
BUD000717,20240801,P005,BU002,REG004,DEP005,OPEX,845784.0,915088.19,Base,Original
BUD000718,20240801,P005,BU002,REG004,DEP003,EBITDA,450639.28,437373.19,Base,Original
BUD000719,20240801,P005,BU002,REG004,DEP003,Cash Inflow,2376647.57,2406934.62,Base,Original
BUD000720,20240801,P005,BU002,REG004,DEP003,Cash Outflow,1870384.57,2092134.09,Base,Original
BUD000721,20240801,P009,BU003,REG001,DEP001,Revenue,6969426.7,7270610.51,Base,Original
BUD000722,20240801,P009,BU003,REG001,DEP006,COGS,3182765.36,3058578.58,Base,Original
BUD000723,20240801,P009,BU003,REG001,DEP005,OPEX,2311971.49,2451422.97,Base,Original
BUD000724,20240801,P009,BU003,REG001,DEP003,EBITDA,1838686.67,1802508.83,Base,Original
BUD000725,20240801,P009,BU003,REG001,DEP003,Cash Inflow,6463923.79,7196387.89,Base,Original
BUD000726,20240801,P009,BU003,REG001,DEP003,Cash Outflow,5208719.64,5556965.17,Base,Original
BUD000727,20240801,P009,BU003,REG002,DEP001,Revenue,7584656.38,7596192.73,Base,Original
BUD000728,20240801,P009,BU003,REG002,DEP006,COGS,2881653.58,3071822.93,Base,Original
BUD000729,20240801,P009,BU003,REG002,DEP005,OPEX,2456829.38,2601491.0,Base,Original
BUD000730,20240801,P009,BU003,REG002,DEP003,EBITDA,1867898.12,1779487.66,Base,Original
BUD000731,20240801,P009,BU003,REG002,DEP003,Cash Inflow,7225302.73,7053433.26,Base,Original
BUD000732,20240801,P009,BU003,REG002,DEP003,Cash Outflow,5385552.26,5618428.22,Base,Original
BUD000733,20240801,P009,BU003,REG003,DEP001,Revenue,4436214.25,4978718.86,Base,Original
BUD000734,20240801,P009,BU003,REG003,DEP006,COGS,1943647.23,2021402.06,Base,Original
BUD000735,20240801,P009,BU003,REG003,DEP005,OPEX,1594203.2,1733121.93,Base,Original
BUD000736,20240801,P009,BU003,REG003,DEP003,EBITDA,1183842.5,1180295.25,Base,Original
BUD000737,20240801,P009,BU003,REG003,DEP003,Cash Inflow,4242700.21,4640008.65,Base,Original
BUD000738,20240801,P009,BU003,REG003,DEP003,Cash Outflow,3627232.96,3676067.94,Base,Original
BUD000739,20240801,P009,BU003,REG004,DEP001,Revenue,1178287.44,1155450.76,Base,Original
BUD000740,20240801,P009,BU003,REG004,DEP006,COGS,522779.95,486163.85,Base,Original
BUD000741,20240801,P009,BU003,REG004,DEP005,OPEX,372077.42,415528.86,Base,Original
BUD000742,20240801,P009,BU003,REG004,DEP003,EBITDA,285404.48,280259.29,Base,Original
BUD000743,20240801,P009,BU003,REG004,DEP003,Cash Inflow,1099372.49,1138001.18,Base,Original
BUD000744,20240801,P009,BU003,REG004,DEP003,Cash Outflow,836325.52,904390.75,Base,Original
BUD000745,20240801,P013,BU004,REG001,DEP001,Revenue,6588586.99,7488321.21,Base,Original
BUD000746,20240801,P013,BU004,REG001,DEP006,COGS,2903829.48,3117948.6,Base,Original
BUD000747,20240801,P013,BU004,REG001,DEP005,OPEX,2191158.76,2363884.95,Base,Original
BUD000748,20240801,P013,BU004,REG001,DEP003,EBITDA,2025191.72,2212647.41,Base,Original
BUD000749,20240801,P013,BU004,REG001,DEP003,Cash Inflow,6490185.13,7390692.38,Base,Original
BUD000750,20240801,P013,BU004,REG001,DEP003,Cash Outflow,4929553.79,5408166.47,Base,Original
BUD000751,20240801,P013,BU004,REG002,DEP001,Revenue,4187869.96,4709186.08,Base,Original
BUD000752,20240801,P013,BU004,REG002,DEP006,COGS,1889582.56,1794179.11,Base,Original
BUD000753,20240801,P013,BU004,REG002,DEP005,OPEX,1383309.37,1489867.32,Base,Original
BUD000754,20240801,P013,BU004,REG002,DEP003,EBITDA,1271165.06,1293776.73,Base,Original
BUD000755,20240801,P013,BU004,REG002,DEP003,Cash Inflow,3918700.67,4441612.95,Base,Original
BUD000756,20240801,P013,BU004,REG002,DEP003,Cash Outflow,3269808.24,3458890.47,Base,Original
BUD000757,20240801,P013,BU004,REG003,DEP001,Revenue,3548665.6,4050426.57,Base,Original
BUD000758,20240801,P013,BU004,REG003,DEP006,COGS,1569241.64,1640522.29,Base,Original
BUD000759,20240801,P013,BU004,REG003,DEP005,OPEX,1301283.17,1356473.35,Base,Original
BUD000760,20240801,P013,BU004,REG003,DEP003,EBITDA,978207.72,1029102.12,Base,Original
BUD000761,20240801,P013,BU004,REG003,DEP003,Cash Inflow,3366652.77,3982583.75,Base,Original
BUD000762,20240801,P013,BU004,REG003,DEP003,Cash Outflow,2842726.49,3023110.4,Base,Original
BUD000763,20240801,P013,BU004,REG004,DEP001,Revenue,1968445.74,2265613.62,Base,Original
BUD000764,20240801,P013,BU004,REG004,DEP006,COGS,948926.08,879724.64,Base,Original
BUD000765,20240801,P013,BU004,REG004,DEP005,OPEX,742298.21,794417.62,Base,Original
BUD000766,20240801,P013,BU004,REG004,DEP003,EBITDA,531245.23,552650.19,Base,Original
BUD000767,20240801,P013,BU004,REG004,DEP003,Cash Inflow,1977845.04,2156778.42,Base,Original
BUD000768,20240801,P013,BU004,REG004,DEP003,Cash Outflow,1642732.31,1754604.91,Base,Original
BUD000769,20240901,P001,BU001,REG001,DEP001,Revenue,7570844.24,8026528.17,Base,Original
BUD000770,20240901,P001,BU001,REG001,DEP006,COGS,3567514.12,3783739.64,Base,Original
BUD000771,20240901,P001,BU001,REG001,DEP002,OPEX,2409136.21,2550804.41,Base,Original
BUD000772,20240901,P001,BU001,REG001,DEP003,EBITDA,1841215.8,1833999.13,Base,Original
BUD000773,20240901,P001,BU001,REG001,DEP003,Cash Inflow,7420952.68,7523667.35,Base,Original
BUD000774,20240901,P001,BU001,REG001,DEP003,Cash Outflow,5803484.74,6088118.15,Base,Original
BUD000775,20240901,P001,BU001,REG002,DEP001,Revenue,5546097.45,5400460.93,Base,Original
BUD000776,20240901,P001,BU001,REG002,DEP006,COGS,2292676.29,2434946.11,Base,Original
BUD000777,20240901,P001,BU001,REG002,DEP002,OPEX,1763303.81,1851019.28,Base,Original
BUD000778,20240901,P001,BU001,REG002,DEP003,EBITDA,1206919.88,1158532.52,Base,Original
BUD000779,20240901,P001,BU001,REG002,DEP003,Cash Inflow,5103761.73,5107454.92,Base,Original
BUD000780,20240901,P001,BU001,REG002,DEP003,Cash Outflow,3972384.12,4389837.2,Base,Original
BUD000781,20240901,P001,BU001,REG003,DEP001,Revenue,4208958.56,4591140.24,Base,Original
BUD000782,20240901,P001,BU001,REG003,DEP006,COGS,2106701.4,2096579.64,Base,Original
BUD000783,20240901,P001,BU001,REG003,DEP002,OPEX,1465799.22,1617503.74,Base,Original
BUD000784,20240901,P001,BU001,REG003,DEP003,EBITDA,962681.71,1013077.43,Base,Original
BUD000785,20240901,P001,BU001,REG003,DEP003,Cash Inflow,4056436.95,4557718.42,Base,Original
BUD000786,20240901,P001,BU001,REG003,DEP003,Cash Outflow,3486340.55,3650058.24,Base,Original
BUD000787,20240901,P001,BU001,REG004,DEP001,Revenue,3196652.61,3226112.49,Base,Original
BUD000788,20240901,P001,BU001,REG004,DEP006,COGS,1394891.32,1511956.74,Base,Original
BUD000789,20240901,P001,BU001,REG004,DEP002,OPEX,1077568.58,1161157.64,Base,Original
BUD000790,20240901,P001,BU001,REG004,DEP003,EBITDA,664875.38,662707.38,Base,Original
BUD000791,20240901,P001,BU001,REG004,DEP003,Cash Inflow,3110189.99,3193893.33,Base,Original
BUD000792,20240901,P001,BU001,REG004,DEP003,Cash Outflow,2450074.78,2701573.52,Base,Original
BUD000793,20240901,P005,BU002,REG001,DEP001,Revenue,8404212.15,9086317.81,Base,Original
BUD000794,20240901,P005,BU002,REG001,DEP006,COGS,4354330.72,4066101.45,Base,Original
BUD000795,20240901,P005,BU002,REG001,DEP005,OPEX,2873982.99,3269095.26,Base,Original
BUD000796,20240901,P005,BU002,REG001,DEP003,EBITDA,1753165.24,1752182.32,Base,Original
BUD000797,20240901,P005,BU002,REG001,DEP003,Cash Inflow,7621407.52,8270915.48,Base,Original
BUD000798,20240901,P005,BU002,REG001,DEP003,Cash Outflow,6582028.58,7019112.03,Base,Original
BUD000799,20240901,P005,BU002,REG002,DEP001,Revenue,6098071.97,5970467.95,Base,Original
BUD000800,20240901,P005,BU002,REG002,DEP006,COGS,2967543.36,2816128.5,Base,Original
BUD000801,20240901,P005,BU002,REG002,DEP005,OPEX,2012310.93,2163938.56,Base,Original
BUD000802,20240901,P005,BU002,REG002,DEP003,EBITDA,1258712.8,1210984.05,Base,Original
BUD000803,20240901,P005,BU002,REG002,DEP003,Cash Inflow,5706211.97,5858506.42,Base,Original
BUD000804,20240901,P005,BU002,REG002,DEP003,Cash Outflow,4609343.37,4715128.19,Base,Original
BUD000805,20240901,P005,BU002,REG003,DEP001,Revenue,4916851.11,5457576.17,Base,Original
BUD000806,20240901,P005,BU002,REG003,DEP006,COGS,2756004.15,2594143.21,Base,Original
BUD000807,20240901,P005,BU002,REG003,DEP005,OPEX,1869017.81,1986236.39,Base,Original
BUD000808,20240901,P005,BU002,REG003,DEP003,EBITDA,1017626.49,1030991.28,Base,Original
BUD000809,20240901,P005,BU002,REG003,DEP003,Cash Inflow,4650331.82,5336565.0,Base,Original
BUD000810,20240901,P005,BU002,REG003,DEP003,Cash Outflow,4065796.22,4366447.31,Base,Original
BUD000811,20240901,P005,BU002,REG004,DEP001,Revenue,2079590.23,2115719.53,Base,Original
BUD000812,20240901,P005,BU002,REG004,DEP006,COGS,938202.96,977511.45,Base,Original
BUD000813,20240901,P005,BU002,REG004,DEP005,OPEX,674090.69,727570.6,Base,Original
BUD000814,20240901,P005,BU002,REG004,DEP003,EBITDA,441887.51,436644.92,Base,Original
BUD000815,20240901,P005,BU002,REG004,DEP003,Cash Inflow,1855000.15,1952373.75,Base,Original
BUD000816,20240901,P005,BU002,REG004,DEP003,Cash Outflow,1522654.96,1709142.87,Base,Original
BUD000817,20240901,P009,BU003,REG001,DEP001,Revenue,6692812.76,6966067.11,Base,Original
BUD000818,20240901,P009,BU003,REG001,DEP006,COGS,2853422.28,2827980.84,Base,Original
BUD000819,20240901,P009,BU003,REG001,DEP005,OPEX,2142254.02,2306858.12,Base,Original
BUD000820,20240901,P009,BU003,REG001,DEP003,EBITDA,1852626.73,1790619.76,Base,Original
BUD000821,20240901,P009,BU003,REG001,DEP003,Cash Inflow,6198448.77,6873383.31,Base,Original
BUD000822,20240901,P009,BU003,REG001,DEP003,Cash Outflow,4694034.72,5278367.3,Base,Original
BUD000823,20240901,P009,BU003,REG002,DEP001,Revenue,7287553.85,7195119.71,Base,Original
BUD000824,20240901,P009,BU003,REG002,DEP006,COGS,2755858.18,2929963.81,Base,Original
BUD000825,20240901,P009,BU003,REG002,DEP005,OPEX,2151102.37,2411736.58,Base,Original
BUD000826,20240901,P009,BU003,REG002,DEP003,EBITDA,1894497.98,1827649.92,Base,Original
BUD000827,20240901,P009,BU003,REG002,DEP003,Cash Inflow,6797791.52,6482353.63,Base,Original
BUD000828,20240901,P009,BU003,REG002,DEP003,Cash Outflow,4952953.52,5208838.57,Base,Original
BUD000829,20240901,P009,BU003,REG003,DEP001,Revenue,5041419.75,5455908.02,Base,Original
BUD000830,20240901,P009,BU003,REG003,DEP006,COGS,2296899.04,2192428.72,Base,Original
BUD000831,20240901,P009,BU003,REG003,DEP005,OPEX,1742210.43,1907082.74,Base,Original
BUD000832,20240901,P009,BU003,REG003,DEP003,EBITDA,1332190.54,1319652.58,Base,Original
BUD000833,20240901,P009,BU003,REG003,DEP003,Cash Inflow,4684288.03,5290881.11,Base,Original
BUD000834,20240901,P009,BU003,REG003,DEP003,Cash Outflow,3785884.42,4155331.44,Base,Original
BUD000835,20240901,P009,BU003,REG004,DEP001,Revenue,4799067.51,4959326.87,Base,Original
BUD000836,20240901,P009,BU003,REG004,DEP006,COGS,1789750.63,1887918.84,Base,Original
BUD000837,20240901,P009,BU003,REG004,DEP005,OPEX,1480868.46,1646086.46,Base,Original
BUD000838,20240901,P009,BU003,REG004,DEP003,EBITDA,1339328.79,1269234.05,Base,Original
BUD000839,20240901,P009,BU003,REG004,DEP003,Cash Inflow,4381235.93,4696121.27,Base,Original
BUD000840,20240901,P009,BU003,REG004,DEP003,Cash Outflow,3457546.9,3664004.61,Base,Original
BUD000841,20240901,P013,BU004,REG001,DEP001,Revenue,6155320.25,6951626.33,Base,Original
BUD000842,20240901,P013,BU004,REG001,DEP006,COGS,3146762.09,2977623.3,Base,Original
BUD000843,20240901,P013,BU004,REG001,DEP005,OPEX,2419242.64,2633184.59,Base,Original
BUD000844,20240901,P013,BU004,REG001,DEP003,EBITDA,1487782.96,1546782.23,Base,Original
BUD000845,20240901,P013,BU004,REG001,DEP003,Cash Inflow,5755429.15,6721599.67,Base,Original
BUD000846,20240901,P013,BU004,REG001,DEP003,Cash Outflow,5317072.02,5426225.58,Base,Original
BUD000847,20240901,P013,BU004,REG002,DEP001,Revenue,4525913.91,4865742.07,Base,Original
BUD000848,20240901,P013,BU004,REG002,DEP006,COGS,1886083.22,1966418.2,Base,Original
BUD000849,20240901,P013,BU004,REG002,DEP005,OPEX,1585549.4,1725658.23,Base,Original
BUD000850,20240901,P013,BU004,REG002,DEP003,EBITDA,1225094.01,1215569.76,Base,Original
BUD000851,20240901,P013,BU004,REG002,DEP003,Cash Inflow,4573331.62,4739261.39,Base,Original
BUD000852,20240901,P013,BU004,REG002,DEP003,Cash Outflow,3560590.69,3696853.75,Base,Original
BUD000853,20240901,P013,BU004,REG003,DEP001,Revenue,3255786.67,3692040.23,Base,Original
BUD000854,20240901,P013,BU004,REG003,DEP006,COGS,1458455.67,1503492.94,Base,Original
BUD000855,20240901,P013,BU004,REG003,DEP005,OPEX,1188696.15,1333841.73,Base,Original
BUD000856,20240901,P013,BU004,REG003,DEP003,EBITDA,843063.58,890198.47,Base,Original
BUD000857,20240901,P013,BU004,REG003,DEP003,Cash Inflow,3087283.38,3602925.86,Base,Original
BUD000858,20240901,P013,BU004,REG003,DEP003,Cash Outflow,2549852.87,2861582.13,Base,Original
BUD000859,20240901,P013,BU004,REG004,DEP001,Revenue,1236829.39,1415830.31,Base,Original
BUD000860,20240901,P013,BU004,REG004,DEP006,COGS,527454.52,544377.65,Base,Original
BUD000861,20240901,P013,BU004,REG004,DEP005,OPEX,457296.57,495672.34,Base,Original
BUD000862,20240901,P013,BU004,REG004,DEP003,EBITDA,361006.65,372377.34,Base,Original
BUD000863,20240901,P013,BU004,REG004,DEP003,Cash Inflow,1193198.37,1406424.85,Base,Original
BUD000864,20240901,P013,BU004,REG004,DEP003,Cash Outflow,996214.47,1052444.52,Base,Original
BUD000865,20241001,P001,BU001,REG001,DEP001,Revenue,7707012.8,8107890.36,Base,Original
BUD000866,20241001,P001,BU001,REG001,DEP006,COGS,3560535.27,3743788.14,Base,Original
BUD000867,20241001,P001,BU001,REG001,DEP002,OPEX,2551890.49,2657140.71,Base,Original
BUD000868,20241001,P001,BU001,REG001,DEP003,EBITDA,1809037.64,1804055.1,Base,Original
BUD000869,20241001,P001,BU001,REG001,DEP003,Cash Inflow,7503929.73,7662237.2,Base,Original
BUD000870,20241001,P001,BU001,REG001,DEP003,Cash Outflow,6285763.62,6292610.42,Base,Original
BUD000871,20241001,P001,BU001,REG002,DEP001,Revenue,7189301.77,6906451.68,Base,Original
BUD000872,20241001,P001,BU001,REG002,DEP006,COGS,3244393.52,3219088.93,Base,Original
BUD000873,20241001,P001,BU001,REG002,DEP002,OPEX,2274832.14,2320801.41,Base,Original
BUD000874,20241001,P001,BU001,REG002,DEP003,EBITDA,1568935.02,1488939.05,Base,Original
BUD000875,20241001,P001,BU001,REG002,DEP003,Cash Inflow,6870877.5,6863754.71,Base,Original
BUD000876,20241001,P001,BU001,REG002,DEP003,Cash Outflow,5358129.3,5493725.33,Base,Original
BUD000877,20241001,P001,BU001,REG003,DEP001,Revenue,4153984.82,4490424.44,Base,Original
BUD000878,20241001,P001,BU001,REG003,DEP006,COGS,2106209.53,2062740.57,Base,Original
BUD000879,20241001,P001,BU001,REG003,DEP002,OPEX,1350498.42,1483122.3,Base,Original
BUD000880,20241001,P001,BU001,REG003,DEP003,EBITDA,995824.35,1024447.58,Base,Original
BUD000881,20241001,P001,BU001,REG003,DEP003,Cash Inflow,4082107.96,4189997.39,Base,Original
BUD000882,20241001,P001,BU001,REG003,DEP003,Cash Outflow,3282588.64,3446256.23,Base,Original
BUD000883,20241001,P001,BU001,REG004,DEP001,Revenue,2095935.28,2107752.18,Base,Original
BUD000884,20241001,P001,BU001,REG004,DEP006,COGS,983050.92,945954.55,Base,Original
BUD000885,20241001,P001,BU001,REG004,DEP002,OPEX,715580.33,766823.06,Base,Original
BUD000886,20241001,P001,BU001,REG004,DEP003,EBITDA,418421.65,424797.82,Base,Original
BUD000887,20241001,P001,BU001,REG004,DEP003,Cash Inflow,2093897.09,2078409.98,Base,Original
BUD000888,20241001,P001,BU001,REG004,DEP003,Cash Outflow,1633200.47,1765346.12,Base,Original
BUD000889,20241001,P005,BU002,REG001,DEP001,Revenue,8214826.65,8779320.42,Base,Original
BUD000890,20241001,P005,BU002,REG001,DEP006,COGS,4003280.77,4047378.44,Base,Original
BUD000891,20241001,P005,BU002,REG001,DEP005,OPEX,2838748.22,3062836.91,Base,Original
BUD000892,20241001,P005,BU002,REG001,DEP003,EBITDA,1716834.31,1685683.8,Base,Original
BUD000893,20241001,P005,BU002,REG001,DEP003,Cash Inflow,7590361.18,8365893.88,Base,Original
BUD000894,20241001,P005,BU002,REG001,DEP003,Cash Outflow,6915858.19,7300732.57,Base,Original
BUD000895,20241001,P005,BU002,REG002,DEP001,Revenue,6627448.18,6567297.26,Base,Original
BUD000896,20241001,P005,BU002,REG002,DEP006,COGS,2916381.94,2929117.06,Base,Original
BUD000897,20241001,P005,BU002,REG002,DEP005,OPEX,2121659.35,2330645.74,Base,Original
BUD000898,20241001,P005,BU002,REG002,DEP003,EBITDA,1319380.48,1269760.91,Base,Original
BUD000899,20241001,P005,BU002,REG002,DEP003,Cash Inflow,6184239.51,6450555.67,Base,Original
BUD000900,20241001,P005,BU002,REG002,DEP003,Cash Outflow,5095730.03,5167696.61,Base,Original
BUD000901,20241001,P005,BU002,REG003,DEP001,Revenue,5179088.21,5578041.68,Base,Original
BUD000902,20241001,P005,BU002,REG003,DEP006,COGS,2419870.11,2580094.05,Base,Original
BUD000903,20241001,P005,BU002,REG003,DEP005,OPEX,1814478.47,2000181.01,Base,Original
BUD000904,20241001,P005,BU002,REG003,DEP003,EBITDA,1080128.9,1113156.55,Base,Original
BUD000905,20241001,P005,BU002,REG003,DEP003,Cash Inflow,4925613.27,5538699.55,Base,Original
BUD000906,20241001,P005,BU002,REG003,DEP003,Cash Outflow,4342362.05,4703169.01,Base,Original
BUD000907,20241001,P005,BU002,REG004,DEP001,Revenue,3362361.85,3595728.19,Base,Original
BUD000908,20241001,P005,BU002,REG004,DEP006,COGS,1476656.2,1525948.09,Base,Original
BUD000909,20241001,P005,BU002,REG004,DEP005,OPEX,1091817.74,1165166.8,Base,Original
BUD000910,20241001,P005,BU002,REG004,DEP003,EBITDA,753926.76,751302.09,Base,Original
BUD000911,20241001,P005,BU002,REG004,DEP003,Cash Inflow,3154906.68,3263885.71,Base,Original
BUD000912,20241001,P005,BU002,REG004,DEP003,Cash Outflow,2616544.03,2858641.72,Base,Original
BUD000913,20241001,P009,BU003,REG001,DEP001,Revenue,7416182.59,7993599.25,Base,Original
BUD000914,20241001,P009,BU003,REG001,DEP006,COGS,3481527.03,3169562.83,Base,Original
BUD000915,20241001,P009,BU003,REG001,DEP005,OPEX,2219119.6,2381528.79,Base,Original
BUD000916,20241001,P009,BU003,REG001,DEP003,EBITDA,2154574.94,2164261.5,Base,Original
BUD000917,20241001,P009,BU003,REG001,DEP003,Cash Inflow,6958986.72,7287150.3,Base,Original
BUD000918,20241001,P009,BU003,REG001,DEP003,Cash Outflow,5211110.86,5622647.21,Base,Original
BUD000919,20241001,P009,BU003,REG002,DEP001,Revenue,9318494.32,9079211.84,Base,Original
BUD000920,20241001,P009,BU003,REG002,DEP006,COGS,3859621.96,3571371.06,Base,Original
BUD000921,20241001,P009,BU003,REG002,DEP005,OPEX,2575408.24,2759979.46,Base,Original
BUD000922,20241001,P009,BU003,REG002,DEP003,EBITDA,2727903.13,2595779.8,Base,Original
BUD000923,20241001,P009,BU003,REG002,DEP003,Cash Inflow,9246605.29,8668179.08,Base,Original
BUD000924,20241001,P009,BU003,REG002,DEP003,Cash Outflow,6047386.4,6554233.29,Base,Original
BUD000925,20241001,P009,BU003,REG003,DEP001,Revenue,3888167.39,4247226.46,Base,Original
BUD000926,20241001,P009,BU003,REG003,DEP006,COGS,1658703.33,1688175.07,Base,Original
BUD000927,20241001,P009,BU003,REG003,DEP005,OPEX,1289628.53,1371380.93,Base,Original
BUD000928,20241001,P009,BU003,REG003,DEP003,EBITDA,1160009.46,1127363.56,Base,Original
BUD000929,20241001,P009,BU003,REG003,DEP003,Cash Inflow,3698685.53,3968545.04,Base,Original
BUD000930,20241001,P009,BU003,REG003,DEP003,Cash Outflow,2887226.88,3074068.23,Base,Original
BUD000931,20241001,P009,BU003,REG004,DEP001,Revenue,1741031.01,1712340.17,Base,Original
BUD000932,20241001,P009,BU003,REG004,DEP006,COGS,742741.51,725103.16,Base,Original
BUD000933,20241001,P009,BU003,REG004,DEP005,OPEX,535329.98,568182.7,Base,Original
BUD000934,20241001,P009,BU003,REG004,DEP003,EBITDA,435232.81,418959.19,Base,Original
BUD000935,20241001,P009,BU003,REG004,DEP003,Cash Inflow,1615095.21,1685001.02,Base,Original
BUD000936,20241001,P009,BU003,REG004,DEP003,Cash Outflow,1261506.92,1310946.0,Base,Original
BUD000937,20241001,P013,BU004,REG001,DEP001,Revenue,5356245.71,6313712.07,Base,Original
BUD000938,20241001,P013,BU004,REG001,DEP006,COGS,2596478.57,2582181.73,Base,Original
BUD000939,20241001,P013,BU004,REG001,DEP005,OPEX,2016087.1,2120641.42,Base,Original
BUD000940,20241001,P013,BU004,REG001,DEP003,EBITDA,1388847.61,1481603.73,Base,Original
BUD000941,20241001,P013,BU004,REG001,DEP003,Cash Inflow,5143782.97,5769902.31,Base,Original
BUD000942,20241001,P013,BU004,REG001,DEP003,Cash Outflow,4521096.72,4651225.95,Base,Original
BUD000943,20241001,P013,BU004,REG002,DEP001,Revenue,4259278.46,4507114.26,Base,Original
BUD000944,20241001,P013,BU004,REG002,DEP006,COGS,1861918.42,1894901.15,Base,Original
BUD000945,20241001,P013,BU004,REG002,DEP005,OPEX,1529484.67,1690776.95,Base,Original
BUD000946,20241001,P013,BU004,REG002,DEP003,EBITDA,969815.57,978889.72,Base,Original
BUD000947,20241001,P013,BU004,REG002,DEP003,Cash Inflow,4132409.49,4278072.05,Base,Original
BUD000948,20241001,P013,BU004,REG002,DEP003,Cash Outflow,3412225.15,3615258.99,Base,Original
BUD000949,20241001,P013,BU004,REG003,DEP001,Revenue,2891804.32,3294797.54,Base,Original
BUD000950,20241001,P013,BU004,REG003,DEP006,COGS,1310388.5,1310314.98,Base,Original
BUD000951,20241001,P013,BU004,REG003,DEP005,OPEX,1065108.85,1166731.77,Base,Original
BUD000952,20241001,P013,BU004,REG003,DEP003,EBITDA,761127.26,837760.21,Base,Original
BUD000953,20241001,P013,BU004,REG003,DEP003,Cash Inflow,2764102.63,3107313.5,Base,Original
BUD000954,20241001,P013,BU004,REG003,DEP003,Cash Outflow,2310468.64,2494492.46,Base,Original
BUD000955,20241001,P013,BU004,REG004,DEP001,Revenue,2658915.64,3026886.2,Base,Original
BUD000956,20241001,P013,BU004,REG004,DEP006,COGS,1209588.03,1221976.18,Base,Original
BUD000957,20241001,P013,BU004,REG004,DEP005,OPEX,1030915.19,1086096.51,Base,Original
BUD000958,20241001,P013,BU004,REG004,DEP003,EBITDA,660202.22,696500.33,Base,Original
BUD000959,20241001,P013,BU004,REG004,DEP003,Cash Inflow,2566271.3,2921071.29,Base,Original
BUD000960,20241001,P013,BU004,REG004,DEP003,Cash Outflow,2180329.18,2396675.6,Base,Original
BUD000961,20241101,P001,BU001,REG001,DEP001,Revenue,9494692.45,10523266.5,Base,Original
BUD000962,20241101,P001,BU001,REG001,DEP006,COGS,4380240.16,4526873.18,Base,Original
BUD000963,20241101,P001,BU001,REG001,DEP002,OPEX,3203274.88,3264566.52,Base,Original
BUD000964,20241101,P001,BU001,REG001,DEP003,EBITDA,2225316.11,2259526.05,Base,Original
BUD000965,20241101,P001,BU001,REG001,DEP003,Cash Inflow,9104821.87,9831313.96,Base,Original
BUD000966,20241101,P001,BU001,REG001,DEP003,Cash Outflow,7386921.71,7840442.31,Base,Original
BUD000967,20241101,P001,BU001,REG002,DEP001,Revenue,6511717.9,6135403.71,Base,Original
BUD000968,20241101,P001,BU001,REG002,DEP006,COGS,2842657.99,2767836.41,Base,Original
BUD000969,20241101,P001,BU001,REG002,DEP002,OPEX,1968986.98,2164826.26,Base,Original
BUD000970,20241101,P001,BU001,REG002,DEP003,EBITDA,1428258.91,1349726.27,Base,Original
BUD000971,20241101,P001,BU001,REG002,DEP003,Cash Inflow,5855262.62,5920604.0,Base,Original
BUD000972,20241101,P001,BU001,REG002,DEP003,Cash Outflow,4540085.28,4805752.81,Base,Original
BUD000973,20241101,P001,BU001,REG003,DEP001,Revenue,4589162.25,4955392.59,Base,Original
BUD000974,20241101,P001,BU001,REG003,DEP006,COGS,2111070.29,2243517.76,Base,Original
BUD000975,20241101,P001,BU001,REG003,DEP002,OPEX,1575875.43,1672478.69,Base,Original
BUD000976,20241101,P001,BU001,REG003,DEP003,EBITDA,1061058.62,1072053.55,Base,Original
BUD000977,20241101,P001,BU001,REG003,DEP003,Cash Inflow,4535965.81,4674869.41,Base,Original
BUD000978,20241101,P001,BU001,REG003,DEP003,Cash Outflow,3615892.92,3808403.14,Base,Original
BUD000979,20241101,P001,BU001,REG004,DEP001,Revenue,2545705.23,2599113.7,Base,Original
BUD000980,20241101,P001,BU001,REG004,DEP006,COGS,1174687.09,1112973.5,Base,Original
BUD000981,20241101,P001,BU001,REG004,DEP002,OPEX,791298.63,865512.89,Base,Original
BUD000982,20241101,P001,BU001,REG004,DEP003,EBITDA,613624.97,602782.42,Base,Original
BUD000983,20241101,P001,BU001,REG004,DEP003,Cash Inflow,2419683.81,2418130.09,Base,Original
BUD000984,20241101,P001,BU001,REG004,DEP003,Cash Outflow,1944284.53,2033991.09,Base,Original
BUD000985,20241101,P005,BU002,REG001,DEP001,Revenue,10187328.76,10569565.22,Base,Original
BUD000986,20241101,P005,BU002,REG001,DEP006,COGS,4565710.41,4959275.0,Base,Original
BUD000987,20241101,P005,BU002,REG001,DEP005,OPEX,3693986.99,3840183.36,Base,Original
BUD000988,20241101,P005,BU002,REG001,DEP003,EBITDA,2096489.06,2068436.88,Base,Original
BUD000989,20241101,P005,BU002,REG001,DEP003,Cash Inflow,9770976.44,10353667.39,Base,Original
BUD000990,20241101,P005,BU002,REG001,DEP003,Cash Outflow,7980333.89,8638011.45,Base,Original
BUD000991,20241101,P005,BU002,REG002,DEP001,Revenue,6814006.69,6769789.27,Base,Original
BUD000992,20241101,P005,BU002,REG002,DEP006,COGS,3249146.39,3189518.67,Base,Original
BUD000993,20241101,P005,BU002,REG002,DEP005,OPEX,2426429.91,2703538.96,Base,Original
BUD000994,20241101,P005,BU002,REG002,DEP003,EBITDA,943314.15,883191.45,Base,Original
BUD000995,20241101,P005,BU002,REG002,DEP003,Cash Inflow,6164624.89,6362277.79,Base,Original
BUD000996,20241101,P005,BU002,REG002,DEP003,Cash Outflow,5307580.47,6011694.92,Base,Original
BUD000997,20241101,P005,BU002,REG003,DEP001,Revenue,4664990.75,5284110.49,Base,Original
BUD000998,20241101,P005,BU002,REG003,DEP006,COGS,2343313.88,2302072.76,Base,Original
BUD000999,20241101,P005,BU002,REG003,DEP005,OPEX,1630150.82,1800163.52,Base,Original
BUD001000,20241101,P005,BU002,REG003,DEP003,EBITDA,1101889.56,1098643.66,Base,Original
BUD001001,20241101,P005,BU002,REG003,DEP003,Cash Inflow,4386453.93,4820332.67,Base,Original
BUD001002,20241101,P005,BU002,REG003,DEP003,Cash Outflow,3876248.49,3984525.45,Base,Original
BUD001003,20241101,P005,BU002,REG004,DEP001,Revenue,2686528.8,2797101.5,Base,Original
BUD001004,20241101,P005,BU002,REG004,DEP006,COGS,1252720.97,1301552.79,Base,Original
BUD001005,20241101,P005,BU002,REG004,DEP005,OPEX,937808.62,1014337.42,Base,Original
BUD001006,20241101,P005,BU002,REG004,DEP003,EBITDA,487303.38,458550.35,Base,Original
BUD001007,20241101,P005,BU002,REG004,DEP003,Cash Inflow,2672162.36,2621177.84,Base,Original
BUD001008,20241101,P005,BU002,REG004,DEP003,Cash Outflow,2127173.87,2255404.85,Base,Original
BUD001009,20241101,P009,BU003,REG001,DEP001,Revenue,10166343.38,10725393.79,Base,Original
BUD001010,20241101,P009,BU003,REG001,DEP006,COGS,4593103.57,4436000.17,Base,Original
BUD001011,20241101,P009,BU003,REG001,DEP005,OPEX,3243776.14,3393698.57,Base,Original
BUD001012,20241101,P009,BU003,REG001,DEP003,EBITDA,2903495.9,2887884.69,Base,Original
BUD001013,20241101,P009,BU003,REG001,DEP003,Cash Inflow,9783087.21,10221536.91,Base,Original
BUD001014,20241101,P009,BU003,REG001,DEP003,Cash Outflow,7316723.21,7577671.37,Base,Original
BUD001015,20241101,P009,BU003,REG002,DEP001,Revenue,7625394.36,7478112.26,Base,Original
BUD001016,20241101,P009,BU003,REG002,DEP006,COGS,3259106.34,2963192.11,Base,Original
BUD001017,20241101,P009,BU003,REG002,DEP005,OPEX,2306294.35,2501511.73,Base,Original
BUD001018,20241101,P009,BU003,REG002,DEP003,EBITDA,2003790.82,1792499.35,Base,Original
BUD001019,20241101,P009,BU003,REG002,DEP003,Cash Inflow,7137817.63,7005968.04,Base,Original
BUD001020,20241101,P009,BU003,REG002,DEP003,Cash Outflow,5294276.87,5730880.89,Base,Original
BUD001021,20241101,P009,BU003,REG003,DEP001,Revenue,5730882.88,6333858.22,Base,Original
BUD001022,20241101,P009,BU003,REG003,DEP006,COGS,2743820.15,2547936.93,Base,Original
BUD001023,20241101,P009,BU003,REG003,DEP005,OPEX,2008156.79,2145052.46,Base,Original
BUD001024,20241101,P009,BU003,REG003,DEP003,EBITDA,1449590.6,1457841.52,Base,Original
BUD001025,20241101,P009,BU003,REG003,DEP003,Cash Inflow,5637345.37,6010359.66,Base,Original
BUD001026,20241101,P009,BU003,REG003,DEP003,Cash Outflow,4563729.93,4659381.38,Base,Original
BUD001027,20241101,P009,BU003,REG004,DEP001,Revenue,1941824.98,1991601.34,Base,Original
BUD001028,20241101,P009,BU003,REG004,DEP006,COGS,859254.62,790053.25,Base,Original
BUD001029,20241101,P009,BU003,REG004,DEP005,OPEX,582428.63,631493.27,Base,Original
BUD001030,20241101,P009,BU003,REG004,DEP003,EBITDA,532880.15,516962.99,Base,Original
BUD001031,20241101,P009,BU003,REG004,DEP003,Cash Inflow,1854741.0,1813992.72,Base,Original
BUD001032,20241101,P009,BU003,REG004,DEP003,Cash Outflow,1357879.93,1389799.39,Base,Original
BUD001033,20241101,P013,BU004,REG001,DEP001,Revenue,6301328.21,7351043.27,Base,Original
BUD001034,20241101,P013,BU004,REG001,DEP006,COGS,3190552.81,2960606.48,Base,Original
BUD001035,20241101,P013,BU004,REG001,DEP005,OPEX,2392027.52,2492921.46,Base,Original
BUD001036,20241101,P013,BU004,REG001,DEP003,EBITDA,1647520.46,1809673.18,Base,Original
BUD001037,20241101,P013,BU004,REG001,DEP003,Cash Inflow,6007926.85,6795295.11,Base,Original
BUD001038,20241101,P013,BU004,REG001,DEP003,Cash Outflow,5020451.4,5331301.02,Base,Original
BUD001039,20241101,P013,BU004,REG002,DEP001,Revenue,6072624.07,6655844.53,Base,Original
BUD001040,20241101,P013,BU004,REG002,DEP006,COGS,2713013.18,2641854.2,Base,Original
BUD001041,20241101,P013,BU004,REG002,DEP005,OPEX,2060463.1,2263684.25,Base,Original
BUD001042,20241101,P013,BU004,REG002,DEP003,EBITDA,1680070.24,1674781.34,Base,Original
BUD001043,20241101,P013,BU004,REG002,DEP003,Cash Inflow,5897628.8,6421922.54,Base,Original
BUD001044,20241101,P013,BU004,REG002,DEP003,Cash Outflow,4521696.83,4856069.65,Base,Original
BUD001045,20241101,P013,BU004,REG003,DEP001,Revenue,3396779.35,3966535.55,Base,Original
BUD001046,20241101,P013,BU004,REG003,DEP006,COGS,1528635.66,1559381.35,Base,Original
BUD001047,20241101,P013,BU004,REG003,DEP005,OPEX,1140899.98,1233650.98,Base,Original
BUD001048,20241101,P013,BU004,REG003,DEP003,EBITDA,1001569.32,1103735.01,Base,Original
BUD001049,20241101,P013,BU004,REG003,DEP003,Cash Inflow,3220442.78,3679403.41,Base,Original
BUD001050,20241101,P013,BU004,REG003,DEP003,Cash Outflow,2639348.71,2896262.22,Base,Original
BUD001051,20241101,P013,BU004,REG004,DEP001,Revenue,2043776.91,2334802.44,Base,Original
BUD001052,20241101,P013,BU004,REG004,DEP006,COGS,965336.59,996999.53,Base,Original
BUD001053,20241101,P013,BU004,REG004,DEP005,OPEX,707844.43,745723.45,Base,Original
BUD001054,20241101,P013,BU004,REG004,DEP003,EBITDA,545683.76,568093.15,Base,Original
BUD001055,20241101,P013,BU004,REG004,DEP003,Cash Inflow,1890351.8,2164267.13,Base,Original
BUD001056,20241101,P013,BU004,REG004,DEP003,Cash Outflow,1575612.81,1771482.52,Base,Original
BUD001057,20241201,P001,BU001,REG001,DEP001,Revenue,10554440.76,11419870.89,Base,Original
BUD001058,20241201,P001,BU001,REG001,DEP006,COGS,5220839.52,5191126.32,Base,Original
BUD001059,20241201,P001,BU001,REG001,DEP002,OPEX,3444218.93,3695447.52,Base,Original
BUD001060,20241201,P001,BU001,REG001,DEP003,EBITDA,2343657.41,2326559.94,Base,Original
BUD001061,20241201,P001,BU001,REG001,DEP003,Cash Inflow,10216243.88,10745476.26,Base,Original
BUD001062,20241201,P001,BU001,REG001,DEP003,Cash Outflow,8725280.02,8811297.19,Base,Original
BUD001063,20241201,P001,BU001,REG002,DEP001,Revenue,7247208.3,7039751.49,Base,Original
BUD001064,20241201,P001,BU001,REG002,DEP006,COGS,3325066.41,3100701.07,Base,Original
BUD001065,20241201,P001,BU001,REG002,DEP002,OPEX,2122666.96,2264901.87,Base,Original
BUD001066,20241201,P001,BU001,REG002,DEP003,EBITDA,1516527.07,1478447.04,Base,Original
BUD001067,20241201,P001,BU001,REG002,DEP003,Cash Inflow,6831456.41,6521520.54,Base,Original
BUD001068,20241201,P001,BU001,REG002,DEP003,Cash Outflow,5368922.97,5562593.93,Base,Original
BUD001069,20241201,P001,BU001,REG003,DEP001,Revenue,5465830.73,6128160.31,Base,Original
BUD001070,20241201,P001,BU001,REG003,DEP006,COGS,2514912.98,2708387.43,Base,Original
BUD001071,20241201,P001,BU001,REG003,DEP002,OPEX,1860085.37,1901365.06,Base,Original
BUD001072,20241201,P001,BU001,REG003,DEP003,EBITDA,1267507.18,1338716.07,Base,Original
BUD001073,20241201,P001,BU001,REG003,DEP003,Cash Inflow,5080532.79,5677408.15,Base,Original
BUD001074,20241201,P001,BU001,REG003,DEP003,Cash Outflow,4459367.99,4688982.29,Base,Original
BUD001075,20241201,P001,BU001,REG004,DEP001,Revenue,2224353.08,2243835.21,Base,Original
BUD001076,20241201,P001,BU001,REG004,DEP006,COGS,989456.09,1000670.65,Base,Original
BUD001077,20241201,P001,BU001,REG004,DEP002,OPEX,626144.03,658542.23,Base,Original
BUD001078,20241201,P001,BU001,REG004,DEP003,EBITDA,552419.12,546300.87,Base,Original
BUD001079,20241201,P001,BU001,REG004,DEP003,Cash Inflow,2087463.24,2078631.12,Base,Original
BUD001080,20241201,P001,BU001,REG004,DEP003,Cash Outflow,1659105.82,1681024.74,Base,Original
BUD001081,20241201,P005,BU002,REG001,DEP001,Revenue,11415780.2,12267241.81,Base,Original
BUD001082,20241201,P005,BU002,REG001,DEP006,COGS,6017176.76,5639985.48,Base,Original
BUD001083,20241201,P005,BU002,REG001,DEP005,OPEX,3871173.49,4164212.48,Base,Original
BUD001084,20241201,P005,BU002,REG001,DEP003,EBITDA,2681102.12,2727764.92,Base,Original
BUD001085,20241201,P005,BU002,REG001,DEP003,Cash Inflow,11013560.45,12278423.16,Base,Original
BUD001086,20241201,P005,BU002,REG001,DEP003,Cash Outflow,9670494.13,9621686.43,Base,Original
BUD001087,20241201,P005,BU002,REG002,DEP001,Revenue,6599060.79,6544479.11,Base,Original
BUD001088,20241201,P005,BU002,REG002,DEP006,COGS,3093859.57,3047378.19,Base,Original
BUD001089,20241201,P005,BU002,REG002,DEP005,OPEX,2112937.85,2245834.04,Base,Original
BUD001090,20241201,P005,BU002,REG002,DEP003,EBITDA,1443735.91,1388843.04,Base,Original
BUD001091,20241201,P005,BU002,REG002,DEP003,Cash Inflow,6236733.19,6138755.81,Base,Original
BUD001092,20241201,P005,BU002,REG002,DEP003,Cash Outflow,4742707.16,5293687.57,Base,Original
BUD001093,20241201,P005,BU002,REG003,DEP001,Revenue,5064209.94,5522325.75,Base,Original
BUD001094,20241201,P005,BU002,REG003,DEP006,COGS,2653569.97,2600949.77,Base,Original
BUD001095,20241201,P005,BU002,REG003,DEP005,OPEX,1760129.28,1928621.08,Base,Original
BUD001096,20241201,P005,BU002,REG003,DEP003,EBITDA,1151324.31,1189627.12,Base,Original
BUD001097,20241201,P005,BU002,REG003,DEP003,Cash Inflow,5117906.72,5337207.8,Base,Original
BUD001098,20241201,P005,BU002,REG003,DEP003,Cash Outflow,4052531.05,4264226.88,Base,Original
BUD001099,20241201,P005,BU002,REG004,DEP001,Revenue,2449385.14,2534024.14,Base,Original
BUD001100,20241201,P005,BU002,REG004,DEP006,COGS,1104478.63,1110936.67,Base,Original
BUD001101,20241201,P005,BU002,REG004,DEP005,OPEX,812945.0,838828.16,Base,Original
BUD001102,20241201,P005,BU002,REG004,DEP003,EBITDA,523107.83,502664.11,Base,Original
BUD001103,20241201,P005,BU002,REG004,DEP003,Cash Inflow,2238562.47,2344686.4,Base,Original
BUD001104,20241201,P005,BU002,REG004,DEP003,Cash Outflow,1931300.53,2045231.73,Base,Original
BUD001105,20241201,P009,BU003,REG001,DEP001,Revenue,9538955.03,9996127.39,Base,Original
BUD001106,20241201,P009,BU003,REG001,DEP006,COGS,4038326.91,4055426.93,Base,Original
BUD001107,20241201,P009,BU003,REG001,DEP005,OPEX,3066592.95,3305357.89,Base,Original
BUD001108,20241201,P009,BU003,REG001,DEP003,EBITDA,2482273.71,2545619.95,Base,Original
BUD001109,20241201,P009,BU003,REG001,DEP003,Cash Inflow,9355717.21,9326701.37,Base,Original
BUD001110,20241201,P009,BU003,REG001,DEP003,Cash Outflow,6970030.56,7256308.73,Base,Original
BUD001111,20241201,P009,BU003,REG002,DEP001,Revenue,9154746.96,8808963.11,Base,Original
BUD001112,20241201,P009,BU003,REG002,DEP006,COGS,3449969.9,3614554.56,Base,Original
BUD001113,20241201,P009,BU003,REG002,DEP005,OPEX,2573689.12,2762481.33,Base,Original
BUD001114,20241201,P009,BU003,REG002,DEP003,EBITDA,2472905.83,2410154.41,Base,Original
BUD001115,20241201,P009,BU003,REG002,DEP003,Cash Inflow,8424492.67,8427276.99,Base,Original
BUD001116,20241201,P009,BU003,REG002,DEP003,Cash Outflow,5921983.47,6633750.51,Base,Original
BUD001117,20241201,P009,BU003,REG003,DEP001,Revenue,4824277.76,5145839.55,Base,Original
BUD001118,20241201,P009,BU003,REG003,DEP006,COGS,2091284.68,2093743.98,Base,Original
BUD001119,20241201,P009,BU003,REG003,DEP005,OPEX,1434011.8,1545472.76,Base,Original
BUD001120,20241201,P009,BU003,REG003,DEP003,EBITDA,1577917.48,1569776.58,Base,Original
BUD001121,20241201,P009,BU003,REG003,DEP003,Cash Inflow,4813507.57,4903547.96,Base,Original
BUD001122,20241201,P009,BU003,REG003,DEP003,Cash Outflow,3348398.67,3649181.78,Base,Original
BUD001123,20241201,P009,BU003,REG004,DEP001,Revenue,3273666.36,3409086.52,Base,Original
BUD001124,20241201,P009,BU003,REG004,DEP006,COGS,1382110.46,1338081.82,Base,Original
BUD001125,20241201,P009,BU003,REG004,DEP005,OPEX,1084770.76,1215352.3,Base,Original
BUD001126,20241201,P009,BU003,REG004,DEP003,EBITDA,829228.02,791889.65,Base,Original
BUD001127,20241201,P009,BU003,REG004,DEP003,Cash Inflow,3224992.18,3146578.9,Base,Original
BUD001128,20241201,P009,BU003,REG004,DEP003,Cash Outflow,2420258.97,2481207.17,Base,Original
BUD001129,20241201,P013,BU004,REG001,DEP001,Revenue,7155594.58,8394618.5,Base,Original
BUD001130,20241201,P013,BU004,REG001,DEP006,COGS,3185585.76,3379866.49,Base,Original
BUD001131,20241201,P013,BU004,REG001,DEP005,OPEX,2771706.65,2972230.73,Base,Original
BUD001132,20241201,P013,BU004,REG001,DEP003,EBITDA,1809876.45,1933563.19,Base,Original
BUD001133,20241201,P013,BU004,REG001,DEP003,Cash Inflow,7016160.84,8092002.07,Base,Original
BUD001134,20241201,P013,BU004,REG001,DEP003,Cash Outflow,6119930.95,6430689.86,Base,Original
BUD001135,20241201,P013,BU004,REG002,DEP001,Revenue,4138508.89,4487136.74,Base,Original
BUD001136,20241201,P013,BU004,REG002,DEP006,COGS,1979039.03,1870850.28,Base,Original
BUD001137,20241201,P013,BU004,REG002,DEP005,OPEX,1423851.67,1582111.48,Base,Original
BUD001138,20241201,P013,BU004,REG002,DEP003,EBITDA,1102567.75,1138752.09,Base,Original
BUD001139,20241201,P013,BU004,REG002,DEP003,Cash Inflow,4108993.7,4480138.06,Base,Original
BUD001140,20241201,P013,BU004,REG002,DEP003,Cash Outflow,3286783.22,3457914.61,Base,Original
BUD001141,20241201,P013,BU004,REG003,DEP001,Revenue,5574463.3,6220296.98,Base,Original
BUD001142,20241201,P013,BU004,REG003,DEP006,COGS,2621870.92,2576730.98,Base,Original
BUD001143,20241201,P013,BU004,REG003,DEP005,OPEX,2096966.11,2283297.83,Base,Original
BUD001144,20241201,P013,BU004,REG003,DEP003,EBITDA,1446101.09,1556788.49,Base,Original
BUD001145,20241201,P013,BU004,REG003,DEP003,Cash Inflow,5374973.39,6187884.31,Base,Original
BUD001146,20241201,P013,BU004,REG003,DEP003,Cash Outflow,4618950.29,4786670.94,Base,Original
BUD001147,20241201,P013,BU004,REG004,DEP001,Revenue,1136499.63,1244651.21,Base,Original
BUD001148,20241201,P013,BU004,REG004,DEP006,COGS,571365.32,527339.12,Base,Original
BUD001149,20241201,P013,BU004,REG004,DEP005,OPEX,367595.39,388769.64,Base,Original
BUD001150,20241201,P013,BU004,REG004,DEP003,EBITDA,330005.77,342542.58,Base,Original
BUD001151,20241201,P013,BU004,REG004,DEP003,Cash Inflow,1111636.23,1230789.26,Base,Original
BUD001152,20241201,P013,BU004,REG004,DEP003,Cash Outflow,846757.31,947038.52,Base,Original
BUD001153,20250101,P001,BU001,REG001,DEP001,Revenue,7643539.31,7954339.01,Base,Original
BUD001154,20250101,P001,BU001,REG001,DEP006,COGS,3485330.94,3760261.5,Base,Original
BUD001155,20250101,P001,BU001,REG001,DEP002,OPEX,2573615.44,2744748.92,Base,Original
BUD001156,20250101,P001,BU001,REG001,DEP003,EBITDA,1675554.2,1720367.35,Base,Original
BUD001157,20250101,P001,BU001,REG001,DEP003,Cash Inflow,7280566.79,7769946.0,Base,Original
BUD001158,20250101,P001,BU001,REG001,DEP003,Cash Outflow,6103907.81,6490888.56,Base,Original
BUD001159,20250101,P001,BU001,REG002,DEP001,Revenue,4893941.26,4861797.5,Base,Original
BUD001160,20250101,P001,BU001,REG002,DEP006,COGS,2038843.51,2177250.25,Base,Original
BUD001161,20250101,P001,BU001,REG002,DEP002,OPEX,1415002.02,1451019.89,Base,Original
BUD001162,20250101,P001,BU001,REG002,DEP003,EBITDA,1216866.8,1148213.43,Base,Original
BUD001163,20250101,P001,BU001,REG002,DEP003,Cash Inflow,4841357.09,4450927.18,Base,Original
BUD001164,20250101,P001,BU001,REG002,DEP003,Cash Outflow,3565677.29,3579702.91,Base,Original
BUD001165,20250101,P001,BU001,REG003,DEP001,Revenue,3918532.57,4393236.76,Base,Original
BUD001166,20250101,P001,BU001,REG003,DEP006,COGS,2099805.26,1993280.61,Base,Original
BUD001167,20250101,P001,BU001,REG003,DEP002,OPEX,1358059.06,1476069.99,Base,Original
BUD001168,20250101,P001,BU001,REG003,DEP003,EBITDA,923319.12,905847.76,Base,Original
BUD001169,20250101,P001,BU001,REG003,DEP003,Cash Inflow,3694571.15,4230037.64,Base,Original
BUD001170,20250101,P001,BU001,REG003,DEP003,Cash Outflow,3278731.24,3429444.45,Base,Original
BUD001171,20250101,P001,BU001,REG004,DEP001,Revenue,1530935.99,1563072.28,Base,Original
BUD001172,20250101,P001,BU001,REG004,DEP006,COGS,757135.45,698465.63,Base,Original
BUD001173,20250101,P001,BU001,REG004,DEP002,OPEX,470371.72,505041.61,Base,Original
BUD001174,20250101,P001,BU001,REG004,DEP003,EBITDA,368093.5,351176.57,Base,Original
BUD001175,20250101,P001,BU001,REG004,DEP003,Cash Inflow,1485227.73,1481246.17,Base,Original
BUD001176,20250101,P001,BU001,REG004,DEP003,Cash Outflow,1148125.21,1239582.14,Base,Original
BUD001177,20250101,P005,BU002,REG001,DEP001,Revenue,9144791.53,10069316.26,Base,Original
BUD001178,20250101,P005,BU002,REG001,DEP006,COGS,4854135.76,4561044.3,Base,Original
BUD001179,20250101,P005,BU002,REG001,DEP005,OPEX,3416477.17,3526942.42,Base,Original
BUD001180,20250101,P005,BU002,REG001,DEP003,EBITDA,1811348.57,1851150.66,Base,Original
BUD001181,20250101,P005,BU002,REG001,DEP003,Cash Inflow,9361307.9,9647947.1,Base,Original
BUD001182,20250101,P005,BU002,REG001,DEP003,Cash Outflow,7546575.37,8066538.4,Base,Original
BUD001183,20250101,P005,BU002,REG002,DEP001,Revenue,6017328.18,5866840.74,Base,Original
BUD001184,20250101,P005,BU002,REG002,DEP006,COGS,2759707.12,2741685.51,Base,Original
BUD001185,20250101,P005,BU002,REG002,DEP005,OPEX,1950273.09,2093269.44,Base,Original
BUD001186,20250101,P005,BU002,REG002,DEP003,EBITDA,1214655.99,1161206.88,Base,Original
BUD001187,20250101,P005,BU002,REG002,DEP003,Cash Inflow,5381432.42,5733095.73,Base,Original
BUD001188,20250101,P005,BU002,REG002,DEP003,Cash Outflow,4409635.25,4640893.56,Base,Original
BUD001189,20250101,P005,BU002,REG003,DEP001,Revenue,4221583.72,4571895.48,Base,Original
BUD001190,20250101,P005,BU002,REG003,DEP006,COGS,2232124.47,2082258.52,Base,Original
BUD001191,20250101,P005,BU002,REG003,DEP005,OPEX,1433325.96,1560381.44,Base,Original
BUD001192,20250101,P005,BU002,REG003,DEP003,EBITDA,986791.03,1048413.08,Base,Original
BUD001193,20250101,P005,BU002,REG003,DEP003,Cash Inflow,3947802.71,4537035.11,Base,Original
BUD001194,20250101,P005,BU002,REG003,DEP003,Cash Outflow,3530729.06,3677480.38,Base,Original
BUD001195,20250101,P005,BU002,REG004,DEP001,Revenue,2096234.7,2240976.64,Base,Original
BUD001196,20250101,P005,BU002,REG004,DEP006,COGS,921842.85,987312.5,Base,Original
BUD001197,20250101,P005,BU002,REG004,DEP005,OPEX,653085.95,694097.09,Base,Original
BUD001198,20250101,P005,BU002,REG004,DEP003,EBITDA,530352.05,524668.11,Base,Original
BUD001199,20250101,P005,BU002,REG004,DEP003,Cash Inflow,1912232.61,2017865.32,Base,Original
BUD001200,20250101,P005,BU002,REG004,DEP003,Cash Outflow,1591898.42,1648785.93,Base,Original
BUD001201,20250101,P009,BU003,REG001,DEP001,Revenue,10073590.66,10289985.27,Base,Original
BUD001202,20250101,P009,BU003,REG001,DEP006,COGS,4367554.72,4242943.45,Base,Original
BUD001203,20250101,P009,BU003,REG001,DEP005,OPEX,3325715.68,3552516.14,Base,Original
BUD001204,20250101,P009,BU003,REG001,DEP003,EBITDA,2695692.53,2596882.13,Base,Original
BUD001205,20250101,P009,BU003,REG001,DEP003,Cash Inflow,9622440.09,10253826.84,Base,Original
BUD001206,20250101,P009,BU003,REG001,DEP003,Cash Outflow,7131334.03,7877494.6,Base,Original
BUD001207,20250101,P009,BU003,REG002,DEP001,Revenue,6462694.87,6338680.89,Base,Original
BUD001208,20250101,P009,BU003,REG002,DEP006,COGS,2369716.67,2476784.81,Base,Original
BUD001209,20250101,P009,BU003,REG002,DEP005,OPEX,1995501.75,2083460.85,Base,Original
BUD001210,20250101,P009,BU003,REG002,DEP003,EBITDA,1684411.09,1602642.22,Base,Original
BUD001211,20250101,P009,BU003,REG002,DEP003,Cash Inflow,5689360.31,5742889.77,Base,Original
BUD001212,20250101,P009,BU003,REG002,DEP003,Cash Outflow,4516219.09,4694750.75,Base,Original
BUD001213,20250101,P009,BU003,REG003,DEP001,Revenue,4074167.98,4352311.48,Base,Original
BUD001214,20250101,P009,BU003,REG003,DEP006,COGS,1757591.46,1789566.54,Base,Original
BUD001215,20250101,P009,BU003,REG003,DEP005,OPEX,1328309.42,1391545.1,Base,Original
BUD001216,20250101,P009,BU003,REG003,DEP003,EBITDA,1231351.46,1236016.19,Base,Original
BUD001217,20250101,P009,BU003,REG003,DEP003,Cash Inflow,4073103.69,4445096.48,Base,Original
BUD001218,20250101,P009,BU003,REG003,DEP003,Cash Outflow,3030769.83,3104002.05,Base,Original
BUD001219,20250101,P009,BU003,REG004,DEP001,Revenue,1965552.71,1980192.88,Base,Original
BUD001220,20250101,P009,BU003,REG004,DEP006,COGS,788903.11,802281.32,Base,Original
BUD001221,20250101,P009,BU003,REG004,DEP005,OPEX,685369.67,738977.56,Base,Original
BUD001222,20250101,P009,BU003,REG004,DEP003,EBITDA,441388.39,423124.79,Base,Original
BUD001223,20250101,P009,BU003,REG004,DEP003,Cash Inflow,1704058.97,1841153.66,Base,Original
BUD001224,20250101,P009,BU003,REG004,DEP003,Cash Outflow,1454191.89,1578923.36,Base,Original
BUD001225,20250101,P013,BU004,REG001,DEP001,Revenue,5841858.51,6531544.13,Base,Original
BUD001226,20250101,P013,BU004,REG001,DEP006,COGS,2762626.39,2711232.2,Base,Original
BUD001227,20250101,P013,BU004,REG001,DEP005,OPEX,2173112.52,2258243.97,Base,Original
BUD001228,20250101,P013,BU004,REG001,DEP003,EBITDA,1567856.7,1635706.92,Base,Original
BUD001229,20250101,P013,BU004,REG001,DEP003,Cash Inflow,5512939.54,6498060.31,Base,Original
BUD001230,20250101,P013,BU004,REG001,DEP003,Cash Outflow,4582766.99,5134689.73,Base,Original
BUD001231,20250101,P013,BU004,REG002,DEP001,Revenue,3752676.34,4078322.84,Base,Original
BUD001232,20250101,P013,BU004,REG002,DEP006,COGS,1698256.91,1647108.61,Base,Original
BUD001233,20250101,P013,BU004,REG002,DEP005,OPEX,1296622.36,1384687.33,Base,Original
BUD001234,20250101,P013,BU004,REG002,DEP003,EBITDA,988994.22,994575.08,Base,Original
BUD001235,20250101,P013,BU004,REG002,DEP003,Cash Inflow,3734639.59,3860588.99,Base,Original
BUD001236,20250101,P013,BU004,REG002,DEP003,Cash Outflow,2826250.61,3165948.01,Base,Original
BUD001237,20250101,P013,BU004,REG003,DEP001,Revenue,4148352.46,4808267.71,Base,Original
BUD001238,20250101,P013,BU004,REG003,DEP006,COGS,1871682.93,1942852.18,Base,Original
BUD001239,20250101,P013,BU004,REG003,DEP005,OPEX,1449218.12,1598205.42,Base,Original
BUD001240,20250101,P013,BU004,REG003,DEP003,EBITDA,1194690.36,1316521.5,Base,Original
BUD001241,20250101,P013,BU004,REG003,DEP003,Cash Inflow,3900805.38,4481030.14,Base,Original
BUD001242,20250101,P013,BU004,REG003,DEP003,Cash Outflow,3203305.23,3388817.84,Base,Original
BUD001243,20250101,P013,BU004,REG004,DEP001,Revenue,1574020.68,1790778.43,Base,Original
BUD001244,20250101,P013,BU004,REG004,DEP006,COGS,701331.94,751225.34,Base,Original
BUD001245,20250101,P013,BU004,REG004,DEP005,OPEX,607531.79,653575.04,Base,Original
BUD001246,20250101,P013,BU004,REG004,DEP003,EBITDA,397473.54,416226.74,Base,Original
BUD001247,20250101,P013,BU004,REG004,DEP003,Cash Inflow,1522270.1,1748474.4,Base,Original
BUD001248,20250101,P013,BU004,REG004,DEP003,Cash Outflow,1313860.32,1404964.83,Base,Original
BUD001249,20250201,P001,BU001,REG001,DEP001,Revenue,7395984.14,7798678.28,Base,Original
BUD001250,20250201,P001,BU001,REG001,DEP006,COGS,3792065.53,3681977.72,Base,Original
BUD001251,20250201,P001,BU001,REG001,DEP002,OPEX,2400158.52,2601938.2,Base,Original
BUD001252,20250201,P001,BU001,REG001,DEP003,EBITDA,1677594.92,1648200.39,Base,Original
BUD001253,20250201,P001,BU001,REG001,DEP003,Cash Inflow,7014538.23,7562058.15,Base,Original
BUD001254,20250201,P001,BU001,REG001,DEP003,Cash Outflow,5919727.63,6333784.6,Base,Original
BUD001255,20250201,P001,BU001,REG002,DEP001,Revenue,5203176.75,5123985.87,Base,Original
BUD001256,20250201,P001,BU001,REG002,DEP006,COGS,2482129.89,2347299.55,Base,Original
BUD001257,20250201,P001,BU001,REG002,DEP002,OPEX,1591168.1,1668579.1,Base,Original
BUD001258,20250201,P001,BU001,REG002,DEP003,EBITDA,1225973.79,1178630.2,Base,Original
BUD001259,20250201,P001,BU001,REG002,DEP003,Cash Inflow,4916996.84,4830499.63,Base,Original
BUD001260,20250201,P001,BU001,REG002,DEP003,Cash Outflow,3942137.39,3934164.83,Base,Original
BUD001261,20250201,P001,BU001,REG003,DEP001,Revenue,4541278.21,4865430.09,Base,Original
BUD001262,20250201,P001,BU001,REG003,DEP006,COGS,2196395.77,2298483.54,Base,Original
BUD001263,20250201,P001,BU001,REG003,DEP002,OPEX,1590889.47,1683099.62,Base,Original
BUD001264,20250201,P001,BU001,REG003,DEP003,EBITDA,1002579.54,1021482.32,Base,Original
BUD001265,20250201,P001,BU001,REG003,DEP003,Cash Inflow,4529362.1,4699430.23,Base,Original
BUD001266,20250201,P001,BU001,REG003,DEP003,Cash Outflow,3628148.86,3917695.19,Base,Original
BUD001267,20250201,P001,BU001,REG004,DEP001,Revenue,2806103.24,2842907.08,Base,Original
BUD001268,20250201,P001,BU001,REG004,DEP006,COGS,1273552.45,1285830.08,Base,Original
BUD001269,20250201,P001,BU001,REG004,DEP002,OPEX,873566.9,916997.42,Base,Original
BUD001270,20250201,P001,BU001,REG004,DEP003,EBITDA,709658.0,672754.14,Base,Original
BUD001271,20250201,P001,BU001,REG004,DEP003,Cash Inflow,2557368.46,2768154.97,Base,Original
BUD001272,20250201,P001,BU001,REG004,DEP003,Cash Outflow,2136284.3,2246751.34,Base,Original
BUD001273,20250201,P005,BU002,REG001,DEP001,Revenue,9699412.75,10826976.45,Base,Original
BUD001274,20250201,P005,BU002,REG001,DEP006,COGS,4966762.54,4664698.98,Base,Original
BUD001275,20250201,P005,BU002,REG001,DEP005,OPEX,3495323.69,3944527.13,Base,Original
BUD001276,20250201,P005,BU002,REG001,DEP003,EBITDA,1823237.41,1813058.35,Base,Original
BUD001277,20250201,P005,BU002,REG001,DEP003,Cash Inflow,9214260.66,10205205.64,Base,Original
BUD001278,20250201,P005,BU002,REG001,DEP003,Cash Outflow,8410033.45,9036262.72,Base,Original
BUD001279,20250201,P005,BU002,REG002,DEP001,Revenue,6719371.38,6752732.19,Base,Original
BUD001280,20250201,P005,BU002,REG002,DEP006,COGS,2905223.72,3008515.24,Base,Original
BUD001281,20250201,P005,BU002,REG002,DEP005,OPEX,2224557.63,2398704.5,Base,Original
BUD001282,20250201,P005,BU002,REG002,DEP003,EBITDA,1220712.11,1193284.33,Base,Original
BUD001283,20250201,P005,BU002,REG002,DEP003,Cash Inflow,6655273.09,6262480.6,Base,Original
BUD001284,20250201,P005,BU002,REG002,DEP003,Cash Outflow,5150193.9,5284440.75,Base,Original
BUD001285,20250201,P005,BU002,REG003,DEP001,Revenue,5063683.96,5836884.82,Base,Original
BUD001286,20250201,P005,BU002,REG003,DEP006,COGS,2595978.89,2657058.28,Base,Original
BUD001287,20250201,P005,BU002,REG003,DEP005,OPEX,1826248.28,1980786.44,Base,Original
BUD001288,20250201,P005,BU002,REG003,DEP003,EBITDA,1145671.84,1131113.1,Base,Original
BUD001289,20250201,P005,BU002,REG003,DEP003,Cash Inflow,5062276.08,5493148.43,Base,Original
BUD001290,20250201,P005,BU002,REG003,DEP003,Cash Outflow,4201203.14,4444791.97,Base,Original
BUD001291,20250201,P005,BU002,REG004,DEP001,Revenue,2022819.43,2071596.07,Base,Original
BUD001292,20250201,P005,BU002,REG004,DEP006,COGS,918787.1,955643.6,Base,Original
BUD001293,20250201,P005,BU002,REG004,DEP005,OPEX,662816.99,730811.95,Base,Original
BUD001294,20250201,P005,BU002,REG004,DEP003,EBITDA,389507.02,386776.6,Base,Original
BUD001295,20250201,P005,BU002,REG004,DEP003,Cash Inflow,1837332.16,2001031.44,Base,Original
BUD001296,20250201,P005,BU002,REG004,DEP003,Cash Outflow,1547442.41,1691259.96,Base,Original
BUD001297,20250201,P009,BU003,REG001,DEP001,Revenue,7172058.18,7470851.09,Base,Original
BUD001298,20250201,P009,BU003,REG001,DEP006,COGS,2934982.92,3147948.91,Base,Original
BUD001299,20250201,P009,BU003,REG001,DEP005,OPEX,2254982.52,2468611.15,Base,Original
BUD001300,20250201,P009,BU003,REG001,DEP003,EBITDA,2061238.19,2017088.73,Base,Original
BUD001301,20250201,P009,BU003,REG001,DEP003,Cash Inflow,6691271.21,7287133.29,Base,Original
BUD001302,20250201,P009,BU003,REG001,DEP003,Cash Outflow,5285446.97,5684613.14,Base,Original
BUD001303,20250201,P009,BU003,REG002,DEP001,Revenue,8610308.96,8363880.95,Base,Original
BUD001304,20250201,P009,BU003,REG002,DEP006,COGS,3166645.58,3425285.56,Base,Original
BUD001305,20250201,P009,BU003,REG002,DEP005,OPEX,2651375.98,2866968.93,Base,Original
BUD001306,20250201,P009,BU003,REG002,DEP003,EBITDA,2259127.49,2113285.17,Base,Original
BUD001307,20250201,P009,BU003,REG002,DEP003,Cash Inflow,7868431.31,7775969.96,Base,Original
BUD001308,20250201,P009,BU003,REG002,DEP003,Cash Outflow,5618439.7,6021404.25,Base,Original
BUD001309,20250201,P009,BU003,REG003,DEP001,Revenue,4926762.48,5538578.15,Base,Original
BUD001310,20250201,P009,BU003,REG003,DEP006,COGS,2282294.28,2169777.92,Base,Original
BUD001311,20250201,P009,BU003,REG003,DEP005,OPEX,1796018.48,1862211.84,Base,Original
BUD001312,20250201,P009,BU003,REG003,DEP003,EBITDA,1303713.76,1294947.52,Base,Original
BUD001313,20250201,P009,BU003,REG003,DEP003,Cash Inflow,4642179.6,4940540.08,Base,Original
BUD001314,20250201,P009,BU003,REG003,DEP003,Cash Outflow,4085460.7,4232296.98,Base,Original
BUD001315,20250201,P009,BU003,REG004,DEP001,Revenue,1366444.08,1395121.48,Base,Original
BUD001316,20250201,P009,BU003,REG004,DEP006,COGS,540080.04,553095.8,Base,Original
BUD001317,20250201,P009,BU003,REG004,DEP005,OPEX,477704.85,515779.27,Base,Original
BUD001318,20250201,P009,BU003,REG004,DEP003,EBITDA,339597.73,327695.29,Base,Original
BUD001319,20250201,P009,BU003,REG004,DEP003,Cash Inflow,1344244.18,1320600.17,Base,Original
BUD001320,20250201,P009,BU003,REG004,DEP003,Cash Outflow,970766.84,1024397.3,Base,Original
BUD001321,20250201,P013,BU004,REG001,DEP001,Revenue,5562545.32,6557468.37,Base,Original
BUD001322,20250201,P013,BU004,REG001,DEP006,COGS,2511492.62,2667471.2,Base,Original
BUD001323,20250201,P013,BU004,REG001,DEP005,OPEX,2146290.33,2225147.44,Base,Original
BUD001324,20250201,P013,BU004,REG001,DEP003,EBITDA,1419675.5,1476306.84,Base,Original
BUD001325,20250201,P013,BU004,REG001,DEP003,Cash Inflow,5268202.09,6199635.25,Base,Original
BUD001326,20250201,P013,BU004,REG001,DEP003,Cash Outflow,4474586.47,4880382.01,Base,Original
BUD001327,20250201,P013,BU004,REG002,DEP001,Revenue,4163956.48,4542132.21,Base,Original
BUD001328,20250201,P013,BU004,REG002,DEP006,COGS,1796288.03,1944000.6,Base,Original
BUD001329,20250201,P013,BU004,REG002,DEP005,OPEX,1449474.41,1522652.43,Base,Original
BUD001330,20250201,P013,BU004,REG002,DEP003,EBITDA,1161900.2,1151046.84,Base,Original
BUD001331,20250201,P013,BU004,REG002,DEP003,Cash Inflow,4100340.38,4326298.22,Base,Original
BUD001332,20250201,P013,BU004,REG002,DEP003,Cash Outflow,3223852.27,3380556.39,Base,Original
BUD001333,20250201,P013,BU004,REG003,DEP001,Revenue,3827886.7,4358637.89,Base,Original
BUD001334,20250201,P013,BU004,REG003,DEP006,COGS,1895529.16,1797798.02,Base,Original
BUD001335,20250201,P013,BU004,REG003,DEP005,OPEX,1484097.13,1619003.13,Base,Original
BUD001336,20250201,P013,BU004,REG003,DEP003,EBITDA,920928.04,974686.94,Base,Original
BUD001337,20250201,P013,BU004,REG003,DEP003,Cash Inflow,3682481.56,4218896.01,Base,Original
BUD001338,20250201,P013,BU004,REG003,DEP003,Cash Outflow,3273404.57,3391078.37,Base,Original
BUD001339,20250201,P013,BU004,REG004,DEP001,Revenue,1801801.46,1999333.07,Base,Original
BUD001340,20250201,P013,BU004,REG004,DEP006,COGS,855686.1,863622.64,Base,Original
BUD001341,20250201,P013,BU004,REG004,DEP005,OPEX,662072.51,703107.17,Base,Original
BUD001342,20250201,P013,BU004,REG004,DEP003,EBITDA,485157.37,502076.11,Base,Original
BUD001343,20250201,P013,BU004,REG004,DEP003,Cash Inflow,1706774.35,2006348.28,Base,Original
BUD001344,20250201,P013,BU004,REG004,DEP003,Cash Outflow,1501264.85,1563920.3,Base,Original
BUD001345,20250301,P001,BU001,REG001,DEP001,Revenue,7781978.26,8224448.67,Base,Original
BUD001346,20250301,P001,BU001,REG001,DEP006,COGS,3534692.8,3849178.09,Base,Original
BUD001347,20250301,P001,BU001,REG001,DEP002,OPEX,2584599.74,2741461.96,Base,Original
BUD001348,20250301,P001,BU001,REG001,DEP003,EBITDA,1732876.5,1783268.45,Base,Original
BUD001349,20250301,P001,BU001,REG001,DEP003,Cash Inflow,7472762.3,7754131.07,Base,Original
BUD001350,20250301,P001,BU001,REG001,DEP003,Cash Outflow,6217379.58,6550395.05,Base,Original
BUD001351,20250301,P001,BU001,REG002,DEP001,Revenue,7165388.74,7202218.09,Base,Original
BUD001352,20250301,P001,BU001,REG002,DEP006,COGS,3347058.45,3130633.68,Base,Original
BUD001353,20250301,P001,BU001,REG002,DEP002,OPEX,2072332.02,2192716.15,Base,Original
BUD001354,20250301,P001,BU001,REG002,DEP003,EBITDA,1707535.25,1626958.75,Base,Original
BUD001355,20250301,P001,BU001,REG002,DEP003,Cash Inflow,7206285.1,6606950.39,Base,Original
BUD001356,20250301,P001,BU001,REG002,DEP003,Cash Outflow,5167558.31,5299840.7,Base,Original
BUD001357,20250301,P001,BU001,REG003,DEP001,Revenue,3694029.84,3929000.49,Base,Original
BUD001358,20250301,P001,BU001,REG003,DEP006,COGS,1742642.05,1863607.86,Base,Original
BUD001359,20250301,P001,BU001,REG003,DEP002,OPEX,1288870.51,1381657.23,Base,Original
BUD001360,20250301,P001,BU001,REG003,DEP003,EBITDA,785518.65,798654.28,Base,Original
BUD001361,20250301,P001,BU001,REG003,DEP003,Cash Inflow,3487863.33,3803137.85,Base,Original
BUD001362,20250301,P001,BU001,REG003,DEP003,Cash Outflow,3040803.08,3268220.56,Base,Original
BUD001363,20250301,P001,BU001,REG004,DEP001,Revenue,2155512.27,2207520.48,Base,Original
BUD001364,20250301,P001,BU001,REG004,DEP006,COGS,1057188.34,973310.61,Base,Original
BUD001365,20250301,P001,BU001,REG004,DEP002,OPEX,751979.39,808277.09,Base,Original
BUD001366,20250301,P001,BU001,REG004,DEP003,EBITDA,417617.27,421556.16,Base,Original
BUD001367,20250301,P001,BU001,REG004,DEP003,Cash Inflow,2032802.23,2036976.98,Base,Original
BUD001368,20250301,P001,BU001,REG004,DEP003,Cash Outflow,1773835.26,1773597.19,Base,Original
BUD001369,20250301,P005,BU002,REG001,DEP001,Revenue,8859779.52,9355809.95,Base,Original
BUD001370,20250301,P005,BU002,REG001,DEP006,COGS,4299138.58,4562584.38,Base,Original
BUD001371,20250301,P005,BU002,REG001,DEP005,OPEX,3168627.46,3541738.01,Base,Original
BUD001372,20250301,P005,BU002,REG001,DEP003,EBITDA,1769613.6,1738214.36,Base,Original
BUD001373,20250301,P005,BU002,REG001,DEP003,Cash Inflow,8624717.98,8994491.58,Base,Original
BUD001374,20250301,P005,BU002,REG001,DEP003,Cash Outflow,7258416.39,7862366.12,Base,Original
BUD001375,20250301,P005,BU002,REG002,DEP001,Revenue,6450661.0,6334467.43,Base,Original
BUD001376,20250301,P005,BU002,REG002,DEP006,COGS,2896403.03,2914348.29,Base,Original
BUD001377,20250301,P005,BU002,REG002,DEP005,OPEX,2206616.11,2392522.59,Base,Original
BUD001378,20250301,P005,BU002,REG002,DEP003,EBITDA,1269414.56,1168847.89,Base,Original
BUD001379,20250301,P005,BU002,REG002,DEP003,Cash Inflow,6131198.26,6341358.72,Base,Original
BUD001380,20250301,P005,BU002,REG002,DEP003,Cash Outflow,5010603.32,5247998.39,Base,Original
BUD001381,20250301,P005,BU002,REG003,DEP001,Revenue,6498087.72,7168249.85,Base,Original
BUD001382,20250301,P005,BU002,REG003,DEP006,COGS,3237072.93,3245617.06,Base,Original
BUD001383,20250301,P005,BU002,REG003,DEP005,OPEX,2438991.63,2605981.21,Base,Original
BUD001384,20250301,P005,BU002,REG003,DEP003,EBITDA,1283953.41,1304545.18,Base,Original
BUD001385,20250301,P005,BU002,REG003,DEP003,Cash Inflow,6196584.22,6929387.57,Base,Original
BUD001386,20250301,P005,BU002,REG003,DEP003,Cash Outflow,5693271.38,5799581.1,Base,Original
BUD001387,20250301,P005,BU002,REG004,DEP001,Revenue,2633938.2,2751957.9,Base,Original
BUD001388,20250301,P005,BU002,REG004,DEP006,COGS,1173172.41,1244793.42,Base,Original
BUD001389,20250301,P005,BU002,REG004,DEP005,OPEX,952486.47,1021604.55,Base,Original
BUD001390,20250301,P005,BU002,REG004,DEP003,EBITDA,513374.47,492967.88,Base,Original
BUD001391,20250301,P005,BU002,REG004,DEP003,Cash Inflow,2629916.2,2550080.97,Base,Original
BUD001392,20250301,P005,BU002,REG004,DEP003,Cash Outflow,2134350.37,2269682.3,Base,Original
BUD001393,20250301,P009,BU003,REG001,DEP001,Revenue,11465480.08,12318628.82,Base,Original
BUD001394,20250301,P009,BU003,REG001,DEP006,COGS,5223998.8,5097279.2,Base,Original
BUD001395,20250301,P009,BU003,REG001,DEP005,OPEX,3795364.59,3891299.58,Base,Original
BUD001396,20250301,P009,BU003,REG001,DEP003,EBITDA,3169474.79,3039545.74,Base,Original
BUD001397,20250301,P009,BU003,REG001,DEP003,Cash Inflow,11366436.8,11314156.41,Base,Original
BUD001398,20250301,P009,BU003,REG001,DEP003,Cash Outflow,8710251.51,8936360.68,Base,Original
BUD001399,20250301,P009,BU003,REG002,DEP001,Revenue,5542957.48,5310430.16,Base,Original
BUD001400,20250301,P009,BU003,REG002,DEP006,COGS,2251803.49,2223551.21,Base,Original
BUD001401,20250301,P009,BU003,REG002,DEP005,OPEX,1632343.15,1768844.08,Base,Original
BUD001402,20250301,P009,BU003,REG002,DEP003,EBITDA,1442285.09,1343580.75,Base,Original
BUD001403,20250301,P009,BU003,REG002,DEP003,Cash Inflow,5171515.98,5068234.28,Base,Original
BUD001404,20250301,P009,BU003,REG002,DEP003,Cash Outflow,3572305.65,3891681.88,Base,Original
BUD001405,20250301,P009,BU003,REG003,DEP001,Revenue,3911654.39,4329451.46,Base,Original
BUD001406,20250301,P009,BU003,REG003,DEP006,COGS,1807772.74,1780960.13,Base,Original
BUD001407,20250301,P009,BU003,REG003,DEP005,OPEX,1315436.28,1456006.69,Base,Original
BUD001408,20250301,P009,BU003,REG003,DEP003,EBITDA,1148783.8,1123198.21,Base,Original
BUD001409,20250301,P009,BU003,REG003,DEP003,Cash Inflow,3784352.88,4141352.54,Base,Original
BUD001410,20250301,P009,BU003,REG003,DEP003,Cash Outflow,3127752.44,3299916.17,Base,Original
BUD001411,20250301,P009,BU003,REG004,DEP001,Revenue,2405059.37,2390355.69,Base,Original
BUD001412,20250301,P009,BU003,REG004,DEP006,COGS,992873.39,1013651.92,Base,Original
BUD001413,20250301,P009,BU003,REG004,DEP005,OPEX,685042.74,763516.17,Base,Original
BUD001414,20250301,P009,BU003,REG004,DEP003,EBITDA,721715.29,668420.8,Base,Original
BUD001415,20250301,P009,BU003,REG004,DEP003,Cash Inflow,2229190.26,2223007.99,Base,Original
BUD001416,20250301,P009,BU003,REG004,DEP003,Cash Outflow,1645012.72,1753333.64,Base,Original
BUD001417,20250301,P013,BU004,REG001,DEP001,Revenue,6328255.93,7451758.82,Base,Original
BUD001418,20250301,P013,BU004,REG001,DEP006,COGS,2823338.23,2895657.13,Base,Original
BUD001419,20250301,P013,BU004,REG001,DEP005,OPEX,2350453.31,2534889.64,Base,Original
BUD001420,20250301,P013,BU004,REG001,DEP003,EBITDA,1671153.34,1755633.13,Base,Original
BUD001421,20250301,P013,BU004,REG001,DEP003,Cash Inflow,6346129.09,6784547.59,Base,Original
BUD001422,20250301,P013,BU004,REG001,DEP003,Cash Outflow,5270498.74,5532740.93,Base,Original
BUD001423,20250301,P013,BU004,REG002,DEP001,Revenue,4588424.67,4978992.32,Base,Original
BUD001424,20250301,P013,BU004,REG002,DEP006,COGS,1973629.56,2030669.54,Base,Original
BUD001425,20250301,P013,BU004,REG002,DEP005,OPEX,1523681.49,1672104.55,Base,Original
BUD001426,20250301,P013,BU004,REG002,DEP003,EBITDA,1260581.88,1288877.97,Base,Original
BUD001427,20250301,P013,BU004,REG002,DEP003,Cash Inflow,4556295.74,4582594.43,Base,Original
BUD001428,20250301,P013,BU004,REG002,DEP003,Cash Outflow,3623892.14,3684537.08,Base,Original
BUD001429,20250301,P013,BU004,REG003,DEP001,Revenue,5054816.54,5816892.87,Base,Original
BUD001430,20250301,P013,BU004,REG003,DEP006,COGS,2564686.11,2371828.32,Base,Original
BUD001431,20250301,P013,BU004,REG003,DEP005,OPEX,1802360.61,1873995.2,Base,Original
BUD001432,20250301,P013,BU004,REG003,DEP003,EBITDA,1390165.33,1476183.15,Base,Original
BUD001433,20250301,P013,BU004,REG003,DEP003,Cash Inflow,4734896.3,5542283.99,Base,Original
BUD001434,20250301,P013,BU004,REG003,DEP003,Cash Outflow,3930821.71,4246460.9,Base,Original
BUD001435,20250301,P013,BU004,REG004,DEP001,Revenue,1115152.15,1315192.2,Base,Original
BUD001436,20250301,P013,BU004,REG004,DEP006,COGS,483028.69,522889.1,Base,Original
BUD001437,20250301,P013,BU004,REG004,DEP005,OPEX,433134.03,469619.09,Base,Original
BUD001438,20250301,P013,BU004,REG004,DEP003,EBITDA,302342.14,304794.87,Base,Original
BUD001439,20250301,P013,BU004,REG004,DEP003,Cash Inflow,1094102.12,1189397.55,Base,Original
BUD001440,20250301,P013,BU004,REG004,DEP003,Cash Outflow,949398.49,1018475.05,Base,Original
BUD001441,20250401,P001,BU001,REG001,DEP001,Revenue,9653749.0,10601708.38,Base,Original
BUD001442,20250401,P001,BU001,REG001,DEP006,COGS,4450392.12,4588452.87,Base,Original
BUD001443,20250401,P001,BU001,REG001,DEP002,OPEX,3385267.2,3502428.12,Base,Original
BUD001444,20250401,P001,BU001,REG001,DEP003,EBITDA,2133871.6,2089111.6,Base,Original
BUD001445,20250401,P001,BU001,REG001,DEP003,Cash Inflow,9376885.3,9760277.76,Base,Original
BUD001446,20250401,P001,BU001,REG001,DEP003,Cash Outflow,7875103.32,8424941.31,Base,Original
BUD001447,20250401,P001,BU001,REG002,DEP001,Revenue,4769537.38,4537404.42,Base,Original
BUD001448,20250401,P001,BU001,REG002,DEP006,COGS,2320106.49,2187358.74,Base,Original
BUD001449,20250401,P001,BU001,REG002,DEP002,OPEX,1473859.0,1576260.15,Base,Original
BUD001450,20250401,P001,BU001,REG002,DEP003,EBITDA,1025212.85,926664.87,Base,Original
BUD001451,20250401,P001,BU001,REG002,DEP003,Cash Inflow,4511243.68,4506392.02,Base,Original
BUD001452,20250401,P001,BU001,REG002,DEP003,Cash Outflow,3569590.43,3598853.21,Base,Original
BUD001453,20250401,P001,BU001,REG003,DEP001,Revenue,4097495.02,4442374.51,Base,Original
BUD001454,20250401,P001,BU001,REG003,DEP006,COGS,2159496.12,1992870.01,Base,Original
BUD001455,20250401,P001,BU001,REG003,DEP002,OPEX,1457900.0,1553609.58,Base,Original
BUD001456,20250401,P001,BU001,REG003,DEP003,EBITDA,883354.1,939324.07,Base,Original
BUD001457,20250401,P001,BU001,REG003,DEP003,Cash Inflow,3841945.39,4381732.11,Base,Original
BUD001458,20250401,P001,BU001,REG003,DEP003,Cash Outflow,3590225.2,3641771.27,Base,Original
BUD001459,20250401,P001,BU001,REG004,DEP001,Revenue,2569686.2,2658207.18,Base,Original
BUD001460,20250401,P001,BU001,REG004,DEP006,COGS,1144900.67,1169244.83,Base,Original
BUD001461,20250401,P001,BU001,REG004,DEP002,OPEX,853105.24,924031.24,Base,Original
BUD001462,20250401,P001,BU001,REG004,DEP003,EBITDA,558104.39,553479.02,Base,Original
BUD001463,20250401,P001,BU001,REG004,DEP003,Cash Inflow,2516072.48,2408029.64,Base,Original
BUD001464,20250401,P001,BU001,REG004,DEP003,Cash Outflow,2000455.93,2085686.23,Base,Original
BUD001465,20250401,P005,BU002,REG001,DEP001,Revenue,9705238.26,10150940.37,Base,Original
BUD001466,20250401,P005,BU002,REG001,DEP006,COGS,4859779.54,4873378.51,Base,Original
BUD001467,20250401,P005,BU002,REG001,DEP005,OPEX,3643209.81,3800162.13,Base,Original
BUD001468,20250401,P005,BU002,REG001,DEP003,EBITDA,1810279.17,1856524.73,Base,Original
BUD001469,20250401,P005,BU002,REG001,DEP003,Cash Inflow,8935852.65,9804111.7,Base,Original
BUD001470,20250401,P005,BU002,REG001,DEP003,Cash Outflow,8066803.22,8499217.24,Base,Original
BUD001471,20250401,P005,BU002,REG002,DEP001,Revenue,7123205.07,7266898.52,Base,Original
BUD001472,20250401,P005,BU002,REG002,DEP006,COGS,3298450.06,3300069.04,Base,Original
BUD001473,20250401,P005,BU002,REG002,DEP005,OPEX,2290374.49,2462546.62,Base,Original
BUD001474,20250401,P005,BU002,REG002,DEP003,EBITDA,1432870.42,1294687.08,Base,Original
BUD001475,20250401,P005,BU002,REG002,DEP003,Cash Inflow,7011605.28,6622493.85,Base,Original
BUD001476,20250401,P005,BU002,REG002,DEP003,Cash Outflow,5369982.44,5923444.72,Base,Original
BUD001477,20250401,P005,BU002,REG003,DEP001,Revenue,4901707.26,5556586.74,Base,Original
BUD001478,20250401,P005,BU002,REG003,DEP006,COGS,2633891.95,2455121.41,Base,Original
BUD001479,20250401,P005,BU002,REG003,DEP005,OPEX,1905660.5,2010270.4,Base,Original
BUD001480,20250401,P005,BU002,REG003,DEP003,EBITDA,906081.7,904022.15,Base,Original
BUD001481,20250401,P005,BU002,REG003,DEP003,Cash Inflow,4776249.27,5335532.08,Base,Original
BUD001482,20250401,P005,BU002,REG003,DEP003,Cash Outflow,4271636.28,4583918.76,Base,Original
BUD001483,20250401,P005,BU002,REG004,DEP001,Revenue,3091596.15,3119607.05,Base,Original
BUD001484,20250401,P005,BU002,REG004,DEP006,COGS,1474191.02,1417859.59,Base,Original
BUD001485,20250401,P005,BU002,REG004,DEP005,OPEX,1119274.19,1195065.62,Base,Original
BUD001486,20250401,P005,BU002,REG004,DEP003,EBITDA,521207.36,525793.73,Base,Original
BUD001487,20250401,P005,BU002,REG004,DEP003,Cash Inflow,3044425.26,2949793.76,Base,Original
BUD001488,20250401,P005,BU002,REG004,DEP003,Cash Outflow,2401229.67,2673827.22,Base,Original
BUD001489,20250401,P009,BU003,REG001,DEP001,Revenue,9828721.03,10414152.79,Base,Original
BUD001490,20250401,P009,BU003,REG001,DEP006,COGS,4421109.84,4250437.6,Base,Original
BUD001491,20250401,P009,BU003,REG001,DEP005,OPEX,3242050.99,3411538.86,Base,Original
BUD001492,20250401,P009,BU003,REG001,DEP003,EBITDA,2536700.32,2601518.43,Base,Original
BUD001493,20250401,P009,BU003,REG001,DEP003,Cash Inflow,9321804.64,10068909.15,Base,Original
BUD001494,20250401,P009,BU003,REG001,DEP003,Cash Outflow,7469953.89,7779435.28,Base,Original
BUD001495,20250401,P009,BU003,REG002,DEP001,Revenue,7552040.83,7556469.31,Base,Original
BUD001496,20250401,P009,BU003,REG002,DEP006,COGS,3297154.53,3052405.64,Base,Original
BUD001497,20250401,P009,BU003,REG002,DEP005,OPEX,2223730.2,2351527.86,Base,Original
BUD001498,20250401,P009,BU003,REG002,DEP003,EBITDA,1992505.57,1884394.78,Base,Original
BUD001499,20250401,P009,BU003,REG002,DEP003,Cash Inflow,6851186.3,6881604.16,Base,Original
BUD001500,20250401,P009,BU003,REG002,DEP003,Cash Outflow,5106163.41,5420804.63,Base,Original
BUD001501,20250401,P009,BU003,REG003,DEP001,Revenue,3713689.93,4037871.25,Base,Original
BUD001502,20250401,P009,BU003,REG003,DEP006,COGS,1724082.21,1686618.77,Base,Original
BUD001503,20250401,P009,BU003,REG003,DEP005,OPEX,1200335.89,1318833.65,Base,Original
BUD001504,20250401,P009,BU003,REG003,DEP003,EBITDA,1042565.7,1052077.29,Base,Original
BUD001505,20250401,P009,BU003,REG003,DEP003,Cash Inflow,3655393.9,3802012.28,Base,Original
BUD001506,20250401,P009,BU003,REG003,DEP003,Cash Outflow,2910156.0,3004527.26,Base,Original
BUD001507,20250401,P009,BU003,REG004,DEP001,Revenue,1954545.73,2067882.09,Base,Original
BUD001508,20250401,P009,BU003,REG004,DEP006,COGS,888661.93,824913.85,Base,Original
BUD001509,20250401,P009,BU003,REG004,DEP005,OPEX,647691.43,678474.15,Base,Original
BUD001510,20250401,P009,BU003,REG004,DEP003,EBITDA,518145.23,503641.98,Base,Original
BUD001511,20250401,P009,BU003,REG004,DEP003,Cash Inflow,1842463.86,1844786.94,Base,Original
BUD001512,20250401,P009,BU003,REG004,DEP003,Cash Outflow,1370558.99,1444491.54,Base,Original
BUD001513,20250401,P013,BU004,REG001,DEP001,Revenue,8620834.1,10068973.13,Base,Original
BUD001514,20250401,P013,BU004,REG001,DEP006,COGS,4274031.16,4068361.21,Base,Original
BUD001515,20250401,P013,BU004,REG001,DEP005,OPEX,2910595.08,3131782.1,Base,Original
BUD001516,20250401,P013,BU004,REG001,DEP003,EBITDA,2578178.57,2766651.75,Base,Original
BUD001517,20250401,P013,BU004,REG001,DEP003,Cash Inflow,8137292.24,9140833.56,Base,Original
BUD001518,20250401,P013,BU004,REG001,DEP003,Cash Outflow,6843743.4,7299593.42,Base,Original
BUD001519,20250401,P013,BU004,REG002,DEP001,Revenue,4012855.52,4342905.11,Base,Original
BUD001520,20250401,P013,BU004,REG002,DEP006,COGS,1691757.33,1753124.58,Base,Original
BUD001521,20250401,P013,BU004,REG002,DEP005,OPEX,1331919.53,1480646.03,Base,Original
BUD001522,20250401,P013,BU004,REG002,DEP003,EBITDA,1059498.04,1089483.7,Base,Original
BUD001523,20250401,P013,BU004,REG002,DEP003,Cash Inflow,3797230.8,4225120.86,Base,Original
BUD001524,20250401,P013,BU004,REG002,DEP003,Cash Outflow,3143740.68,3312961.78,Base,Original
BUD001525,20250401,P013,BU004,REG003,DEP001,Revenue,4236059.78,4735375.9,Base,Original
BUD001526,20250401,P013,BU004,REG003,DEP006,COGS,1970916.23,1929735.74,Base,Original
BUD001527,20250401,P013,BU004,REG003,DEP005,OPEX,1634580.19,1778001.57,Base,Original
BUD001528,20250401,P013,BU004,REG003,DEP003,EBITDA,1038466.5,1138464.79,Base,Original
BUD001529,20250401,P013,BU004,REG003,DEP003,Cash Inflow,4012960.09,4592522.0,Base,Original
BUD001530,20250401,P013,BU004,REG003,DEP003,Cash Outflow,3396803.57,3750746.67,Base,Original
BUD001531,20250401,P013,BU004,REG004,DEP001,Revenue,1537526.71,1770391.36,Base,Original
BUD001532,20250401,P013,BU004,REG004,DEP006,COGS,690264.43,701395.85,Base,Original
BUD001533,20250401,P013,BU004,REG004,DEP005,OPEX,526416.13,543972.08,Base,Original
BUD001534,20250401,P013,BU004,REG004,DEP003,EBITDA,451137.64,454179.31,Base,Original
BUD001535,20250401,P013,BU004,REG004,DEP003,Cash Inflow,1467443.37,1670200.52,Base,Original
BUD001536,20250401,P013,BU004,REG004,DEP003,Cash Outflow,1197640.41,1314122.78,Base,Original
BUD001537,20250501,P001,BU001,REG001,DEP001,Revenue,7838022.37,8090669.6,Base,Original
BUD001538,20250501,P001,BU001,REG001,DEP006,COGS,3633148.38,3766003.24,Base,Original
BUD001539,20250501,P001,BU001,REG001,DEP002,OPEX,2627819.34,2799913.79,Base,Original
BUD001540,20250501,P001,BU001,REG001,DEP003,EBITDA,1669070.03,1621420.43,Base,Original
BUD001541,20250501,P001,BU001,REG001,DEP003,Cash Inflow,7213915.64,7616067.92,Base,Original
BUD001542,20250501,P001,BU001,REG001,DEP003,Cash Outflow,6404097.99,6796497.74,Base,Original
BUD001543,20250501,P001,BU001,REG002,DEP001,Revenue,6495202.01,6507673.74,Base,Original
BUD001544,20250501,P001,BU001,REG002,DEP006,COGS,2701888.36,2852507.98,Base,Original
BUD001545,20250501,P001,BU001,REG002,DEP002,OPEX,2077784.59,2171706.98,Base,Original
BUD001546,20250501,P001,BU001,REG002,DEP003,EBITDA,1378934.83,1309371.68,Base,Original
BUD001547,20250501,P001,BU001,REG002,DEP003,Cash Inflow,6020305.01,6088291.65,Base,Original
BUD001548,20250501,P001,BU001,REG002,DEP003,Cash Outflow,4764511.75,5134533.13,Base,Original
BUD001549,20250501,P001,BU001,REG003,DEP001,Revenue,4891198.74,5382087.33,Base,Original
BUD001550,20250501,P001,BU001,REG003,DEP006,COGS,2536187.48,2398283.88,Base,Original
BUD001551,20250501,P001,BU001,REG003,DEP002,OPEX,1602142.99,1758807.11,Base,Original
BUD001552,20250501,P001,BU001,REG003,DEP003,EBITDA,1174054.95,1207841.38,Base,Original
BUD001553,20250501,P001,BU001,REG003,DEP003,Cash Inflow,4604665.22,4986238.73,Base,Original
BUD001554,20250501,P001,BU001,REG003,DEP003,Cash Outflow,3975930.5,4038341.68,Base,Original
BUD001555,20250501,P001,BU001,REG004,DEP001,Revenue,2189305.85,2208197.39,Base,Original
BUD001556,20250501,P001,BU001,REG004,DEP006,COGS,929389.46,983707.11,Base,Original
BUD001557,20250501,P001,BU001,REG004,DEP002,OPEX,666420.43,713630.44,Base,Original
BUD001558,20250501,P001,BU001,REG004,DEP003,EBITDA,501437.0,483121.26,Base,Original
BUD001559,20250501,P001,BU001,REG004,DEP003,Cash Inflow,2121914.23,2061805.99,Base,Original
BUD001560,20250501,P001,BU001,REG004,DEP003,Cash Outflow,1600313.15,1640285.88,Base,Original
BUD001561,20250501,P005,BU002,REG001,DEP001,Revenue,10761819.62,11392909.48,Base,Original
BUD001562,20250501,P005,BU002,REG001,DEP006,COGS,4997744.34,5369840.31,Base,Original
BUD001563,20250501,P005,BU002,REG001,DEP005,OPEX,3785836.47,4181977.37,Base,Original
BUD001564,20250501,P005,BU002,REG001,DEP003,EBITDA,2251541.3,2231676.42,Base,Original
BUD001565,20250501,P005,BU002,REG001,DEP003,Cash Inflow,10659155.55,11043041.55,Base,Original
BUD001566,20250501,P005,BU002,REG001,DEP003,Cash Outflow,9126675.88,9350496.52,Base,Original
BUD001567,20250501,P005,BU002,REG002,DEP001,Revenue,7370263.26,7087676.07,Base,Original
BUD001568,20250501,P005,BU002,REG002,DEP006,COGS,3342626.16,3309484.98,Base,Original
BUD001569,20250501,P005,BU002,REG002,DEP005,OPEX,2303532.58,2489949.12,Base,Original
BUD001570,20250501,P005,BU002,REG002,DEP003,EBITDA,1493163.31,1390247.0,Base,Original
BUD001571,20250501,P005,BU002,REG002,DEP003,Cash Inflow,6906151.07,6929088.14,Base,Original
BUD001572,20250501,P005,BU002,REG002,DEP003,Cash Outflow,5485098.73,5936528.41,Base,Original
BUD001573,20250501,P005,BU002,REG003,DEP001,Revenue,4985715.91,5450847.64,Base,Original
BUD001574,20250501,P005,BU002,REG003,DEP006,COGS,2694239.64,2492972.38,Base,Original
BUD001575,20250501,P005,BU002,REG003,DEP005,OPEX,1823751.2,2015060.41,Base,Original
BUD001576,20250501,P005,BU002,REG003,DEP003,EBITDA,1038860.5,1070169.34,Base,Original
BUD001577,20250501,P005,BU002,REG003,DEP003,Cash Inflow,4963729.79,5333917.66,Base,Original
BUD001578,20250501,P005,BU002,REG003,DEP003,Cash Outflow,4429693.92,4574372.84,Base,Original
BUD001579,20250501,P005,BU002,REG004,DEP001,Revenue,2187324.88,2313080.98,Base,Original
BUD001580,20250501,P005,BU002,REG004,DEP006,COGS,1029398.45,1019232.12,Base,Original
BUD001581,20250501,P005,BU002,REG004,DEP005,OPEX,771255.0,807756.84,Base,Original
BUD001582,20250501,P005,BU002,REG004,DEP003,EBITDA,431731.82,419871.56,Base,Original
BUD001583,20250501,P005,BU002,REG004,DEP003,Cash Inflow,2078404.69,2210692.38,Base,Original
BUD001584,20250501,P005,BU002,REG004,DEP003,Cash Outflow,1738935.04,1732664.23,Base,Original
BUD001585,20250501,P009,BU003,REG001,DEP001,Revenue,9854232.35,10593161.4,Base,Original
BUD001586,20250501,P009,BU003,REG001,DEP006,COGS,4110249.82,4156313.18,Base,Original
BUD001587,20250501,P009,BU003,REG001,DEP005,OPEX,3207048.98,3412718.26,Base,Original
BUD001588,20250501,P009,BU003,REG001,DEP003,EBITDA,2661365.65,2613300.1,Base,Original
BUD001589,20250501,P009,BU003,REG001,DEP003,Cash Inflow,9506760.7,10158243.31,Base,Original
BUD001590,20250501,P009,BU003,REG001,DEP003,Cash Outflow,6999056.3,7902522.78,Base,Original
BUD001591,20250501,P009,BU003,REG002,DEP001,Revenue,5643698.71,5379328.06,Base,Original
BUD001592,20250501,P009,BU003,REG002,DEP006,COGS,2037530.97,2245280.93,Base,Original
BUD001593,20250501,P009,BU003,REG002,DEP005,OPEX,1639084.48,1858248.35,Base,Original
BUD001594,20250501,P009,BU003,REG002,DEP003,EBITDA,1468199.86,1378383.39,Base,Original
BUD001595,20250501,P009,BU003,REG002,DEP003,Cash Inflow,4987221.99,5022792.68,Base,Original
BUD001596,20250501,P009,BU003,REG002,DEP003,Cash Outflow,3704431.1,3949836.94,Base,Original
BUD001597,20250501,P009,BU003,REG003,DEP001,Revenue,5668027.03,6441175.16,Base,Original
BUD001598,20250501,P009,BU003,REG003,DEP006,COGS,2665544.1,2575536.18,Base,Original
BUD001599,20250501,P009,BU003,REG003,DEP005,OPEX,1820840.31,1926387.99,Base,Original
BUD001600,20250501,P009,BU003,REG003,DEP003,EBITDA,1775056.34,1815940.03,Base,Original
BUD001601,20250501,P009,BU003,REG003,DEP003,Cash Inflow,5225962.03,5859027.44,Base,Original
BUD001602,20250501,P009,BU003,REG003,DEP003,Cash Outflow,4141712.07,4605876.26,Base,Original
BUD001603,20250501,P009,BU003,REG004,DEP001,Revenue,3205188.3,3339307.63,Base,Original
BUD001604,20250501,P009,BU003,REG004,DEP006,COGS,1427057.11,1436332.14,Base,Original
BUD001605,20250501,P009,BU003,REG004,DEP005,OPEX,1086505.89,1153225.59,Base,Original
BUD001606,20250501,P009,BU003,REG004,DEP003,EBITDA,791765.41,770455.57,Base,Original
BUD001607,20250501,P009,BU003,REG004,DEP003,Cash Inflow,3303195.11,3278676.03,Base,Original
BUD001608,20250501,P009,BU003,REG004,DEP003,Cash Outflow,2386871.48,2669503.18,Base,Original
BUD001609,20250501,P013,BU004,REG001,DEP001,Revenue,7594848.38,8504732.1,Base,Original
BUD001610,20250501,P013,BU004,REG001,DEP006,COGS,3370351.64,3724555.18,Base,Original
BUD001611,20250501,P013,BU004,REG001,DEP005,OPEX,2915809.76,3151442.49,Base,Original
BUD001612,20250501,P013,BU004,REG001,DEP003,EBITDA,1890187.86,2014569.07,Base,Original
BUD001613,20250501,P013,BU004,REG001,DEP003,Cash Inflow,7206685.77,8153632.23,Base,Original
BUD001614,20250501,P013,BU004,REG001,DEP003,Cash Outflow,6219818.54,6932607.68,Base,Original
BUD001615,20250501,P013,BU004,REG002,DEP001,Revenue,5927644.04,6572378.61,Base,Original
BUD001616,20250501,P013,BU004,REG002,DEP006,COGS,2451679.41,2673324.81,Base,Original
BUD001617,20250501,P013,BU004,REG002,DEP005,OPEX,2038584.9,2277059.99,Base,Original
BUD001618,20250501,P013,BU004,REG002,DEP003,EBITDA,1556082.3,1593087.33,Base,Original
BUD001619,20250501,P013,BU004,REG002,DEP003,Cash Inflow,5788325.12,6000710.21,Base,Original
BUD001620,20250501,P013,BU004,REG002,DEP003,Cash Outflow,4399968.09,4727636.6,Base,Original
BUD001621,20250501,P013,BU004,REG003,DEP001,Revenue,3293756.31,3698635.35,Base,Original
BUD001622,20250501,P013,BU004,REG003,DEP006,COGS,1411758.95,1554409.93,Base,Original
BUD001623,20250501,P013,BU004,REG003,DEP005,OPEX,1084312.64,1183898.95,Base,Original
BUD001624,20250501,P013,BU004,REG003,DEP003,EBITDA,1051035.37,1150397.8,Base,Original
BUD001625,20250501,P013,BU004,REG003,DEP003,Cash Inflow,3100891.85,3498146.63,Base,Original
BUD001626,20250501,P013,BU004,REG003,DEP003,Cash Outflow,2419269.14,2599040.39,Base,Original
BUD001627,20250501,P013,BU004,REG004,DEP001,Revenue,1845623.42,2156616.0,Base,Original
BUD001628,20250501,P013,BU004,REG004,DEP006,COGS,887948.09,862982.14,Base,Original
BUD001629,20250501,P013,BU004,REG004,DEP005,OPEX,713698.86,753387.7,Base,Original
BUD001630,20250501,P013,BU004,REG004,DEP003,EBITDA,436449.92,452148.68,Base,Original
BUD001631,20250501,P013,BU004,REG004,DEP003,Cash Inflow,1763551.71,1968071.5,Base,Original
BUD001632,20250501,P013,BU004,REG004,DEP003,Cash Outflow,1538776.91,1684323.59,Base,Original
BUD001633,20250601,P001,BU001,REG001,DEP001,Revenue,8590817.73,9079662.65,Base,Original
BUD001634,20250601,P001,BU001,REG001,DEP006,COGS,4103015.37,4277651.77,Base,Original
BUD001635,20250601,P001,BU001,REG001,DEP002,OPEX,3044235.92,3326406.29,Base,Original
BUD001636,20250601,P001,BU001,REG001,DEP003,EBITDA,1818815.57,1830386.88,Base,Original
BUD001637,20250601,P001,BU001,REG001,DEP003,Cash Inflow,8144865.68,8726195.92,Base,Original
BUD001638,20250601,P001,BU001,REG001,DEP003,Cash Outflow,6861314.97,7324891.74,Base,Original
BUD001639,20250601,P001,BU001,REG002,DEP001,Revenue,5647868.51,5486468.76,Base,Original
BUD001640,20250601,P001,BU001,REG002,DEP006,COGS,2372245.95,2397741.38,Base,Original
BUD001641,20250601,P001,BU001,REG002,DEP002,OPEX,1703439.46,1803035.19,Base,Original
BUD001642,20250601,P001,BU001,REG002,DEP003,EBITDA,1175643.05,1066243.71,Base,Original
BUD001643,20250601,P001,BU001,REG002,DEP003,Cash Inflow,5465549.08,5043562.21,Base,Original
BUD001644,20250601,P001,BU001,REG002,DEP003,Cash Outflow,4005062.49,4319117.58,Base,Original
BUD001645,20250601,P001,BU001,REG003,DEP001,Revenue,5085278.35,5708685.51,Base,Original
BUD001646,20250601,P001,BU001,REG003,DEP006,COGS,2390381.56,2534902.74,Base,Original
BUD001647,20250601,P001,BU001,REG003,DEP002,OPEX,1699916.9,1861901.45,Base,Original
BUD001648,20250601,P001,BU001,REG003,DEP003,EBITDA,1175009.1,1196503.7,Base,Original
BUD001649,20250601,P001,BU001,REG003,DEP003,Cash Inflow,5045948.81,5430314.32,Base,Original
BUD001650,20250601,P001,BU001,REG003,DEP003,Cash Outflow,4009387.04,4276066.6,Base,Original
BUD001651,20250601,P001,BU001,REG004,DEP001,Revenue,2709599.26,2728579.09,Base,Original
BUD001652,20250601,P001,BU001,REG004,DEP006,COGS,1182359.88,1236902.78,Base,Original
BUD001653,20250601,P001,BU001,REG004,DEP002,OPEX,870085.56,951589.95,Base,Original
BUD001654,20250601,P001,BU001,REG004,DEP003,EBITDA,585102.05,581388.02,Base,Original
BUD001655,20250601,P001,BU001,REG004,DEP003,Cash Inflow,2549771.35,2641523.36,Base,Original
BUD001656,20250601,P001,BU001,REG004,DEP003,Cash Outflow,2015875.43,2241656.16,Base,Original
BUD001657,20250601,P005,BU002,REG001,DEP001,Revenue,9340791.19,9803106.55,Base,Original
BUD001658,20250601,P005,BU002,REG001,DEP006,COGS,4475091.46,4442283.26,Base,Original
BUD001659,20250601,P005,BU002,REG001,DEP005,OPEX,2955038.77,3278511.85,Base,Original
BUD001660,20250601,P005,BU002,REG001,DEP003,EBITDA,2099659.51,2095098.34,Base,Original
BUD001661,20250601,P005,BU002,REG001,DEP003,Cash Inflow,8588868.93,9153142.67,Base,Original
BUD001662,20250601,P005,BU002,REG001,DEP003,Cash Outflow,7119472.23,7723091.24,Base,Original
BUD001663,20250601,P005,BU002,REG002,DEP001,Revenue,8736330.14,8565510.91,Base,Original
BUD001664,20250601,P005,BU002,REG002,DEP006,COGS,4168230.3,3892435.2,Base,Original
BUD001665,20250601,P005,BU002,REG002,DEP005,OPEX,2812385.08,2905521.93,Base,Original
BUD001666,20250601,P005,BU002,REG002,DEP003,EBITDA,1925256.04,1837524.41,Base,Original
BUD001667,20250601,P005,BU002,REG002,DEP003,Cash Inflow,8442572.33,8314083.85,Base,Original
BUD001668,20250601,P005,BU002,REG002,DEP003,Cash Outflow,6280797.81,6766706.78,Base,Original
BUD001669,20250601,P005,BU002,REG003,DEP001,Revenue,5209369.21,5728446.82,Base,Original
BUD001670,20250601,P005,BU002,REG003,DEP006,COGS,2401773.83,2620938.26,Base,Original
BUD001671,20250601,P005,BU002,REG003,DEP005,OPEX,2038513.49,2199648.64,Base,Original
BUD001672,20250601,P005,BU002,REG003,DEP003,EBITDA,1035144.53,1080707.18,Base,Original
BUD001673,20250601,P005,BU002,REG003,DEP003,Cash Inflow,5147925.83,5626190.47,Base,Original
BUD001674,20250601,P005,BU002,REG003,DEP003,Cash Outflow,4414046.28,4722142.7,Base,Original
BUD001675,20250601,P005,BU002,REG004,DEP001,Revenue,1842098.15,1832181.24,Base,Original
BUD001676,20250601,P005,BU002,REG004,DEP006,COGS,888020.9,844221.26,Base,Original
BUD001677,20250601,P005,BU002,REG004,DEP005,OPEX,585010.63,623574.85,Base,Original
BUD001678,20250601,P005,BU002,REG004,DEP003,EBITDA,451833.86,443156.99,Base,Original
BUD001679,20250601,P005,BU002,REG004,DEP003,Cash Inflow,1711828.81,1816831.16,Base,Original
BUD001680,20250601,P005,BU002,REG004,DEP003,Cash Outflow,1360291.81,1453085.71,Base,Original
BUD001681,20250601,P009,BU003,REG001,DEP001,Revenue,9020492.35,9751590.56,Base,Original
BUD001682,20250601,P009,BU003,REG001,DEP006,COGS,4160253.47,3943471.19,Base,Original
BUD001683,20250601,P009,BU003,REG001,DEP005,OPEX,2966043.41,3252224.8,Base,Original
BUD001684,20250601,P009,BU003,REG001,DEP003,EBITDA,2407494.06,2357630.71,Base,Original
BUD001685,20250601,P009,BU003,REG001,DEP003,Cash Inflow,8356236.67,8947774.83,Base,Original
BUD001686,20250601,P009,BU003,REG001,DEP003,Cash Outflow,6633817.31,7322193.66,Base,Original
BUD001687,20250601,P009,BU003,REG002,DEP001,Revenue,8010157.11,7548322.86,Base,Original
BUD001688,20250601,P009,BU003,REG002,DEP006,COGS,3344180.53,3153915.1,Base,Original
BUD001689,20250601,P009,BU003,REG002,DEP005,OPEX,2296125.84,2565543.06,Base,Original
BUD001690,20250601,P009,BU003,REG002,DEP003,EBITDA,2185224.62,2079076.7,Base,Original
BUD001691,20250601,P009,BU003,REG002,DEP003,Cash Inflow,7538306.02,7233821.75,Base,Original
BUD001692,20250601,P009,BU003,REG002,DEP003,Cash Outflow,5288878.55,5605420.14,Base,Original
BUD001693,20250601,P009,BU003,REG003,DEP001,Revenue,6038063.37,6604963.65,Base,Original
BUD001694,20250601,P009,BU003,REG003,DEP006,COGS,2713119.89,2762107.73,Base,Original
BUD001695,20250601,P009,BU003,REG003,DEP005,OPEX,2007043.34,2189184.27,Base,Original
BUD001696,20250601,P009,BU003,REG003,DEP003,EBITDA,1676762.26,1688421.33,Base,Original
BUD001697,20250601,P009,BU003,REG003,DEP003,Cash Inflow,6121016.76,6378637.28,Base,Original
BUD001698,20250601,P009,BU003,REG003,DEP003,Cash Outflow,4517809.83,4937422.4,Base,Original
BUD001699,20250601,P009,BU003,REG004,DEP001,Revenue,2404409.15,2390400.9,Base,Original
BUD001700,20250601,P009,BU003,REG004,DEP006,COGS,1004223.35,1010498.32,Base,Original
BUD001701,20250601,P009,BU003,REG004,DEP005,OPEX,828421.9,917433.25,Base,Original
BUD001702,20250601,P009,BU003,REG004,DEP003,EBITDA,567743.35,559318.11,Base,Original
BUD001703,20250601,P009,BU003,REG004,DEP003,Cash Inflow,2321266.39,2299641.6,Base,Original
BUD001704,20250601,P009,BU003,REG004,DEP003,Cash Outflow,1783456.94,1804865.9,Base,Original
BUD001705,20250601,P013,BU004,REG001,DEP001,Revenue,6942482.68,7978171.96,Base,Original
BUD001706,20250601,P013,BU004,REG001,DEP006,COGS,3557497.19,3207435.6,Base,Original
BUD001707,20250601,P013,BU004,REG001,DEP005,OPEX,2509052.15,2736869.35,Base,Original
BUD001708,20250601,P013,BU004,REG001,DEP003,EBITDA,1926145.75,1982108.02,Base,Original
BUD001709,20250601,P013,BU004,REG001,DEP003,Cash Inflow,6728563.15,7578536.52,Base,Original
BUD001710,20250601,P013,BU004,REG001,DEP003,Cash Outflow,5394688.09,6080646.61,Base,Original
BUD001711,20250601,P013,BU004,REG002,DEP001,Revenue,5538863.95,6060450.83,Base,Original
BUD001712,20250601,P013,BU004,REG002,DEP006,COGS,2524129.04,2405915.39,Base,Original
BUD001713,20250601,P013,BU004,REG002,DEP005,OPEX,1871051.42,1981128.84,Base,Original
BUD001714,20250601,P013,BU004,REG002,DEP003,EBITDA,1633387.38,1605932.3,Base,Original
BUD001715,20250601,P013,BU004,REG002,DEP003,Cash Inflow,5323810.61,5875574.81,Base,Original
BUD001716,20250601,P013,BU004,REG002,DEP003,Cash Outflow,4354320.12,4400142.92,Base,Original
BUD001717,20250601,P013,BU004,REG003,DEP001,Revenue,3646493.45,4092475.91,Base,Original
BUD001718,20250601,P013,BU004,REG003,DEP006,COGS,1709763.07,1748038.44,Base,Original
BUD001719,20250601,P013,BU004,REG003,DEP005,OPEX,1232086.11,1269761.12,Base,Original
BUD001720,20250601,P013,BU004,REG003,DEP003,EBITDA,1079886.28,1188163.18,Base,Original
BUD001721,20250601,P013,BU004,REG003,DEP003,Cash Inflow,3425507.81,3864502.82,Base,Original
BUD001722,20250601,P013,BU004,REG003,DEP003,Cash Outflow,2920393.05,3020079.55,Base,Original
BUD001723,20250601,P013,BU004,REG004,DEP001,Revenue,2385401.67,2635075.3,Base,Original
BUD001724,20250601,P013,BU004,REG004,DEP006,COGS,1130646.92,1172796.56,Base,Original
BUD001725,20250601,P013,BU004,REG004,DEP005,OPEX,957421.09,1018497.99,Base,Original
BUD001726,20250601,P013,BU004,REG004,DEP003,EBITDA,533451.55,556396.5,Base,Original
BUD001727,20250601,P013,BU004,REG004,DEP003,Cash Inflow,2338237.98,2621599.88,Base,Original
BUD001728,20250601,P013,BU004,REG004,DEP003,Cash Outflow,2055515.98,2168573.64,Base,Original
BUD001729,20250701,P001,BU001,REG001,DEP001,Revenue,6851912.98,7396469.73,Base,Original
BUD001730,20250701,P001,BU001,REG001,DEP006,COGS,3133464.37,3470660.47,Base,Original
BUD001731,20250701,P001,BU001,REG001,DEP002,OPEX,2384032.25,2574173.96,Base,Original
BUD001732,20250701,P001,BU001,REG001,DEP003,EBITDA,1366440.38,1388215.61,Base,Original
BUD001733,20250701,P001,BU001,REG001,DEP003,Cash Inflow,6851882.11,6896541.0,Base,Original
BUD001734,20250701,P001,BU001,REG001,DEP003,Cash Outflow,5638516.3,5981867.56,Base,Original
BUD001735,20250701,P001,BU001,REG002,DEP001,Revenue,6660821.36,6642763.61,Base,Original
BUD001736,20250701,P001,BU001,REG002,DEP006,COGS,2859872.35,2917868.42,Base,Original
BUD001737,20250701,P001,BU001,REG002,DEP002,OPEX,2024564.03,2160524.9,Base,Original
BUD001738,20250701,P001,BU001,REG002,DEP003,EBITDA,1508149.16,1476636.47,Base,Original
BUD001739,20250701,P001,BU001,REG002,DEP003,Cash Inflow,6560475.17,6242792.51,Base,Original
BUD001740,20250701,P001,BU001,REG002,DEP003,Cash Outflow,4960653.37,5137076.5,Base,Original
BUD001741,20250701,P001,BU001,REG003,DEP001,Revenue,5043047.93,5487836.69,Base,Original
BUD001742,20250701,P001,BU001,REG003,DEP006,COGS,2590387.41,2515798.57,Base,Original
BUD001743,20250701,P001,BU001,REG003,DEP002,OPEX,1789427.25,1847350.27,Base,Original
BUD001744,20250701,P001,BU001,REG003,DEP003,EBITDA,1131371.88,1159055.66,Base,Original
BUD001745,20250701,P001,BU001,REG003,DEP003,Cash Inflow,4668486.34,5159064.74,Base,Original
BUD001746,20250701,P001,BU001,REG003,DEP003,Cash Outflow,4109529.72,4441077.57,Base,Original
BUD001747,20250701,P001,BU001,REG004,DEP001,Revenue,2016884.34,2022284.37,Base,Original
BUD001748,20250701,P001,BU001,REG004,DEP006,COGS,1008102.96,919912.44,Base,Original
BUD001749,20250701,P001,BU001,REG004,DEP002,OPEX,602599.51,627035.68,Base,Original
BUD001750,20250701,P001,BU001,REG004,DEP003,EBITDA,491066.95,492838.88,Base,Original
BUD001751,20250701,P001,BU001,REG004,DEP003,Cash Inflow,1882463.14,1914663.3,Base,Original
BUD001752,20250701,P001,BU001,REG004,DEP003,Cash Outflow,1480168.44,1575005.95,Base,Original
BUD001753,20250701,P005,BU002,REG001,DEP001,Revenue,10980228.57,11620333.37,Base,Original
BUD001754,20250701,P005,BU002,REG001,DEP006,COGS,5501529.21,5328049.67,Base,Original
BUD001755,20250701,P005,BU002,REG001,DEP005,OPEX,3883128.37,4324078.34,Base,Original
BUD001756,20250701,P005,BU002,REG001,DEP003,EBITDA,2300274.96,2277820.02,Base,Original
BUD001757,20250701,P005,BU002,REG001,DEP003,Cash Inflow,10808894.29,11276370.6,Base,Original
BUD001758,20250701,P005,BU002,REG001,DEP003,Cash Outflow,8877905.24,9889293.56,Base,Original
BUD001759,20250701,P005,BU002,REG002,DEP001,Revenue,5783647.96,5792226.26,Base,Original
BUD001760,20250701,P005,BU002,REG002,DEP006,COGS,2687282.07,2571695.93,Base,Original
BUD001761,20250701,P005,BU002,REG002,DEP005,OPEX,1908665.48,2108423.85,Base,Original
BUD001762,20250701,P005,BU002,REG002,DEP003,EBITDA,1158530.84,1101679.09,Base,Original
BUD001763,20250701,P005,BU002,REG002,DEP003,Cash Inflow,5735317.65,5674626.43,Base,Original
BUD001764,20250701,P005,BU002,REG002,DEP003,Cash Outflow,4339933.95,4747342.9,Base,Original
BUD001765,20250701,P005,BU002,REG003,DEP001,Revenue,5968979.43,6574412.65,Base,Original
BUD001766,20250701,P005,BU002,REG003,DEP006,COGS,3095312.22,3038461.87,Base,Original
BUD001767,20250701,P005,BU002,REG003,DEP005,OPEX,2195586.16,2445339.05,Base,Original
BUD001768,20250701,P005,BU002,REG003,DEP003,EBITDA,1154047.92,1171019.17,Base,Original
BUD001769,20250701,P005,BU002,REG003,DEP003,Cash Inflow,5866371.39,6188737.13,Base,Original
BUD001770,20250701,P005,BU002,REG003,DEP003,Cash Outflow,5189284.27,5303230.95,Base,Original
BUD001771,20250701,P005,BU002,REG004,DEP001,Revenue,1504525.14,1573612.3,Base,Original
BUD001772,20250701,P005,BU002,REG004,DEP006,COGS,631063.02,654759.85,Base,Original
BUD001773,20250701,P005,BU002,REG004,DEP005,OPEX,532521.97,583237.1,Base,Original
BUD001774,20250701,P005,BU002,REG004,DEP003,EBITDA,308270.22,287909.86,Base,Original
BUD001775,20250701,P005,BU002,REG004,DEP003,Cash Inflow,1471165.89,1460208.27,Base,Original
BUD001776,20250701,P005,BU002,REG004,DEP003,Cash Outflow,1178614.31,1207531.03,Base,Original
BUD001777,20250701,P009,BU003,REG001,DEP001,Revenue,10951459.05,11187755.42,Base,Original
BUD001778,20250701,P009,BU003,REG001,DEP006,COGS,5036205.73,4701880.02,Base,Original
BUD001779,20250701,P009,BU003,REG001,DEP005,OPEX,3842105.91,4018047.69,Base,Original
BUD001780,20250701,P009,BU003,REG001,DEP003,EBITDA,2668296.31,2637898.46,Base,Original
BUD001781,20250701,P009,BU003,REG001,DEP003,Cash Inflow,10637730.52,10633027.52,Base,Original
BUD001782,20250701,P009,BU003,REG001,DEP003,Cash Outflow,8415964.79,8860803.09,Base,Original
BUD001783,20250701,P009,BU003,REG002,DEP001,Revenue,5859053.57,5648429.91,Base,Original
BUD001784,20250701,P009,BU003,REG002,DEP006,COGS,2471987.32,2367966.71,Base,Original
BUD001785,20250701,P009,BU003,REG002,DEP005,OPEX,1712820.07,1900418.3,Base,Original
BUD001786,20250701,P009,BU003,REG002,DEP003,EBITDA,1658941.05,1488537.47,Base,Original
BUD001787,20250701,P009,BU003,REG002,DEP003,Cash Inflow,5451645.71,5511827.99,Base,Original
BUD001788,20250701,P009,BU003,REG002,DEP003,Cash Outflow,3808057.37,4098985.47,Base,Original
BUD001789,20250701,P009,BU003,REG003,DEP001,Revenue,3993419.29,4551859.06,Base,Original
BUD001790,20250701,P009,BU003,REG003,DEP006,COGS,1799359.01,1869385.06,Base,Original
BUD001791,20250701,P009,BU003,REG003,DEP005,OPEX,1411144.86,1542778.42,Base,Original
BUD001792,20250701,P009,BU003,REG003,DEP003,EBITDA,1062226.01,1070111.29,Base,Original
BUD001793,20250701,P009,BU003,REG003,DEP003,Cash Inflow,3819424.28,4211290.49,Base,Original
BUD001794,20250701,P009,BU003,REG003,DEP003,Cash Outflow,3124799.23,3441057.44,Base,Original
BUD001795,20250701,P009,BU003,REG004,DEP001,Revenue,2480966.73,2630402.92,Base,Original
BUD001796,20250701,P009,BU003,REG004,DEP006,COGS,1118322.04,1026327.59,Base,Original
BUD001797,20250701,P009,BU003,REG004,DEP005,OPEX,713342.42,775595.35,Base,Original
BUD001798,20250701,P009,BU003,REG004,DEP003,EBITDA,749809.43,729787.64,Base,Original
BUD001799,20250701,P009,BU003,REG004,DEP003,Cash Inflow,2371966.58,2535861.51,Base,Original
BUD001800,20250701,P009,BU003,REG004,DEP003,Cash Outflow,1703389.61,1821089.7,Base,Original
BUD001801,20250701,P013,BU004,REG001,DEP001,Revenue,8142923.56,9215059.19,Base,Original
BUD001802,20250701,P013,BU004,REG001,DEP006,COGS,3717443.77,3880073.9,Base,Original
BUD001803,20250701,P013,BU004,REG001,DEP005,OPEX,3137157.74,3371950.18,Base,Original
BUD001804,20250701,P013,BU004,REG001,DEP003,EBITDA,2176326.28,2329792.21,Base,Original
BUD001805,20250701,P013,BU004,REG001,DEP003,Cash Inflow,7951612.67,8739591.64,Base,Original
BUD001806,20250701,P013,BU004,REG001,DEP003,Cash Outflow,6549705.33,7201348.87,Base,Original
BUD001807,20250701,P013,BU004,REG002,DEP001,Revenue,5535434.19,6108310.32,Base,Original
BUD001808,20250701,P013,BU004,REG002,DEP006,COGS,2292664.26,2379534.55,Base,Original
BUD001809,20250701,P013,BU004,REG002,DEP005,OPEX,1921218.51,2103765.34,Base,Original
BUD001810,20250701,P013,BU004,REG002,DEP003,EBITDA,1490502.3,1529333.23,Base,Original
BUD001811,20250701,P013,BU004,REG002,DEP003,Cash Inflow,5331814.49,5644874.96,Base,Original
BUD001812,20250701,P013,BU004,REG002,DEP003,Cash Outflow,4096802.38,4546573.02,Base,Original
BUD001813,20250701,P013,BU004,REG003,DEP001,Revenue,3711232.03,4370932.4,Base,Original
BUD001814,20250701,P013,BU004,REG003,DEP006,COGS,1692199.12,1730329.98,Base,Original
BUD001815,20250701,P013,BU004,REG003,DEP005,OPEX,1446010.11,1545375.08,Base,Original
BUD001816,20250701,P013,BU004,REG003,DEP003,EBITDA,898231.38,981254.12,Base,Original
BUD001817,20250701,P013,BU004,REG003,DEP003,Cash Inflow,3517422.78,4102215.68,Base,Original
BUD001818,20250701,P013,BU004,REG003,DEP003,Cash Outflow,3013607.09,3256693.83,Base,Original
BUD001819,20250701,P013,BU004,REG004,DEP001,Revenue,1824861.67,2122457.55,Base,Original
BUD001820,20250701,P013,BU004,REG004,DEP006,COGS,811256.48,814389.65,Base,Original
BUD001821,20250701,P013,BU004,REG004,DEP005,OPEX,710084.09,762009.03,Base,Original
BUD001822,20250701,P013,BU004,REG004,DEP003,EBITDA,488582.72,525183.53,Base,Original
BUD001823,20250701,P013,BU004,REG004,DEP003,Cash Inflow,1770829.34,2036585.28,Base,Original
BUD001824,20250701,P013,BU004,REG004,DEP003,Cash Outflow,1528900.55,1618714.04,Base,Original
BUD001825,20250801,P001,BU001,REG001,DEP001,Revenue,8036370.56,8529022.97,Base,Original
BUD001826,20250801,P001,BU001,REG001,DEP006,COGS,3865621.08,4010545.74,Base,Original
BUD001827,20250801,P001,BU001,REG001,DEP002,OPEX,2806370.45,2911382.08,Base,Original
BUD001828,20250801,P001,BU001,REG001,DEP003,EBITDA,1624336.36,1617130.76,Base,Original
BUD001829,20250801,P001,BU001,REG001,DEP003,Cash Inflow,7925738.58,8071606.43,Base,Original
BUD001830,20250801,P001,BU001,REG001,DEP003,Cash Outflow,6483167.57,7032513.51,Base,Original
BUD001831,20250801,P001,BU001,REG002,DEP001,Revenue,6476859.98,6546745.26,Base,Original
BUD001832,20250801,P001,BU001,REG002,DEP006,COGS,3070893.55,2936839.49,Base,Original
BUD001833,20250801,P001,BU001,REG002,DEP002,OPEX,2003109.03,2203286.22,Base,Original
BUD001834,20250801,P001,BU001,REG002,DEP003,EBITDA,1434290.97,1355928.84,Base,Original
BUD001835,20250801,P001,BU001,REG002,DEP003,Cash Inflow,6244234.93,5937377.61,Base,Original
BUD001836,20250801,P001,BU001,REG002,DEP003,Cash Outflow,4919705.85,5056152.79,Base,Original
BUD001837,20250801,P001,BU001,REG003,DEP001,Revenue,4431538.79,4982956.11,Base,Original
BUD001838,20250801,P001,BU001,REG003,DEP006,COGS,2308590.97,2258709.18,Base,Original
BUD001839,20250801,P001,BU001,REG003,DEP002,OPEX,1514284.96,1678882.47,Base,Original
BUD001840,20250801,P001,BU001,REG003,DEP003,EBITDA,1019901.25,1075553.4,Base,Original
BUD001841,20250801,P001,BU001,REG003,DEP003,Cash Inflow,4420500.86,4736934.6,Base,Original
BUD001842,20250801,P001,BU001,REG003,DEP003,Cash Outflow,3616525.13,3834546.27,Base,Original
BUD001843,20250801,P001,BU001,REG004,DEP001,Revenue,1808512.48,1862216.4,Base,Original
BUD001844,20250801,P001,BU001,REG004,DEP006,COGS,822598.92,850726.93,Base,Original
BUD001845,20250801,P001,BU001,REG004,DEP002,OPEX,606134.83,632207.57,Base,Original
BUD001846,20250801,P001,BU001,REG004,DEP003,EBITDA,390307.47,391900.68,Base,Original
BUD001847,20250801,P001,BU001,REG004,DEP003,Cash Inflow,1778970.24,1752575.03,Base,Original
BUD001848,20250801,P001,BU001,REG004,DEP003,Cash Outflow,1413361.62,1504434.28,Base,Original
BUD001849,20250801,P005,BU002,REG001,DEP001,Revenue,7953199.23,8311200.34,Base,Original
BUD001850,20250801,P005,BU002,REG001,DEP006,COGS,3677236.32,4003041.23,Base,Original
BUD001851,20250801,P005,BU002,REG001,DEP005,OPEX,2884337.81,3153517.89,Base,Original
BUD001852,20250801,P005,BU002,REG001,DEP003,EBITDA,1594157.5,1581479.22,Base,Original
BUD001853,20250801,P005,BU002,REG001,DEP003,Cash Inflow,7325799.56,8111406.0,Base,Original
BUD001854,20250801,P005,BU002,REG001,DEP003,Cash Outflow,6422508.66,7022830.35,Base,Original
BUD001855,20250801,P005,BU002,REG002,DEP001,Revenue,8498913.99,8598998.23,Base,Original
BUD001856,20250801,P005,BU002,REG002,DEP006,COGS,3876678.63,3824977.61,Base,Original
BUD001857,20250801,P005,BU002,REG002,DEP005,OPEX,2673506.67,2860793.99,Base,Original
BUD001858,20250801,P005,BU002,REG002,DEP003,EBITDA,1868288.44,1827257.55,Base,Original
BUD001859,20250801,P005,BU002,REG002,DEP003,Cash Inflow,7732015.6,8044607.32,Base,Original
BUD001860,20250801,P005,BU002,REG002,DEP003,Cash Outflow,6233964.59,6589803.03,Base,Original
BUD001861,20250801,P005,BU002,REG003,DEP001,Revenue,5851464.42,6563757.01,Base,Original
BUD001862,20250801,P005,BU002,REG003,DEP006,COGS,2898629.14,2947799.11,Base,Original
BUD001863,20250801,P005,BU002,REG003,DEP005,OPEX,2098219.17,2240527.6,Base,Original
BUD001864,20250801,P005,BU002,REG003,DEP003,EBITDA,1219170.1,1285081.66,Base,Original
BUD001865,20250801,P005,BU002,REG003,DEP003,Cash Inflow,5567268.5,6136438.64,Base,Original
BUD001866,20250801,P005,BU002,REG003,DEP003,Cash Outflow,4863494.33,5345403.95,Base,Original
BUD001867,20250801,P005,BU002,REG004,DEP001,Revenue,2339089.39,2450284.66,Base,Original
BUD001868,20250801,P005,BU002,REG004,DEP006,COGS,1070363.24,1150508.76,Base,Original
BUD001869,20250801,P005,BU002,REG004,DEP005,OPEX,828823.45,893382.61,Base,Original
BUD001870,20250801,P005,BU002,REG004,DEP003,EBITDA,399308.45,403186.7,Base,Original
BUD001871,20250801,P005,BU002,REG004,DEP003,Cash Inflow,2173558.82,2244961.71,Base,Original
BUD001872,20250801,P005,BU002,REG004,DEP003,Cash Outflow,1839985.47,1915604.65,Base,Original
BUD001873,20250801,P009,BU003,REG001,DEP001,Revenue,8723254.93,9313991.78,Base,Original
BUD001874,20250801,P009,BU003,REG001,DEP006,COGS,3780618.37,3977282.56,Base,Original
BUD001875,20250801,P009,BU003,REG001,DEP005,OPEX,2983001.76,3282307.85,Base,Original
BUD001876,20250801,P009,BU003,REG001,DEP003,EBITDA,2341206.13,2258797.13,Base,Original
BUD001877,20250801,P009,BU003,REG001,DEP003,Cash Inflow,8649991.42,8933315.72,Base,Original
BUD001878,20250801,P009,BU003,REG001,DEP003,Cash Outflow,6479066.87,7059750.07,Base,Original
BUD001879,20250801,P009,BU003,REG002,DEP001,Revenue,6189623.22,5743628.28,Base,Original
BUD001880,20250801,P009,BU003,REG002,DEP006,COGS,2313452.88,2461187.51,Base,Original
BUD001881,20250801,P009,BU003,REG002,DEP005,OPEX,1813833.09,1972503.39,Base,Original
BUD001882,20250801,P009,BU003,REG002,DEP003,EBITDA,1568773.32,1455214.64,Base,Original
BUD001883,20250801,P009,BU003,REG002,DEP003,Cash Inflow,6121681.49,5710346.96,Base,Original
BUD001884,20250801,P009,BU003,REG002,DEP003,Cash Outflow,4064565.63,4401761.5,Base,Original
BUD001885,20250801,P009,BU003,REG003,DEP001,Revenue,4280681.59,4856952.18,Base,Original
BUD001886,20250801,P009,BU003,REG003,DEP006,COGS,1941853.55,1922908.84,Base,Original
BUD001887,20250801,P009,BU003,REG003,DEP005,OPEX,1421341.35,1556728.32,Base,Original
BUD001888,20250801,P009,BU003,REG003,DEP003,EBITDA,1149054.96,1191120.29,Base,Original
BUD001889,20250801,P009,BU003,REG003,DEP003,Cash Inflow,4142089.11,4479340.22,Base,Original
BUD001890,20250801,P009,BU003,REG003,DEP003,Cash Outflow,3445820.35,3662537.73,Base,Original
BUD001891,20250801,P009,BU003,REG004,DEP001,Revenue,3798717.54,3822594.75,Base,Original
BUD001892,20250801,P009,BU003,REG004,DEP006,COGS,1647003.88,1594917.76,Base,Original
BUD001893,20250801,P009,BU003,REG004,DEP005,OPEX,1141603.57,1171376.88,Base,Original
BUD001894,20250801,P009,BU003,REG004,DEP003,EBITDA,1072021.07,1073955.56,Base,Original
BUD001895,20250801,P009,BU003,REG004,DEP003,Cash Inflow,3726136.66,3616196.06,Base,Original
BUD001896,20250801,P009,BU003,REG004,DEP003,Cash Outflow,2699147.68,2932652.79,Base,Original
BUD001897,20250801,P013,BU004,REG001,DEP001,Revenue,8024028.76,9386864.02,Base,Original
BUD001898,20250801,P013,BU004,REG001,DEP006,COGS,3563662.8,3729592.66,Base,Original
BUD001899,20250801,P013,BU004,REG001,DEP005,OPEX,2887024.16,3019364.81,Base,Original
BUD001900,20250801,P013,BU004,REG001,DEP003,EBITDA,2172352.51,2321095.63,Base,Original
BUD001901,20250801,P013,BU004,REG001,DEP003,Cash Inflow,7890669.98,8547330.58,Base,Original
BUD001902,20250801,P013,BU004,REG001,DEP003,Cash Outflow,6553071.59,6804553.24,Base,Original
BUD001903,20250801,P013,BU004,REG002,DEP001,Revenue,5529834.26,6014038.35,Base,Original
BUD001904,20250801,P013,BU004,REG002,DEP006,COGS,2596735.91,2424959.54,Base,Original
BUD001905,20250801,P013,BU004,REG002,DEP005,OPEX,2010667.32,2216015.92,Base,Original
BUD001906,20250801,P013,BU004,REG002,DEP003,EBITDA,1479206.39,1475254.56,Base,Original
BUD001907,20250801,P013,BU004,REG002,DEP003,Cash Inflow,5342456.54,5681765.37,Base,Original
BUD001908,20250801,P013,BU004,REG002,DEP003,Cash Outflow,4515890.37,4570838.38,Base,Original
BUD001909,20250801,P013,BU004,REG003,DEP001,Revenue,2397428.76,2689019.84,Base,Original
BUD001910,20250801,P013,BU004,REG003,DEP006,COGS,1126484.62,1117414.18,Base,Original
BUD001911,20250801,P013,BU004,REG003,DEP005,OPEX,935774.93,1050441.47,Base,Original
BUD001912,20250801,P013,BU004,REG003,DEP003,EBITDA,559150.83,616403.54,Base,Original
BUD001913,20250801,P013,BU004,REG003,DEP003,Cash Inflow,2246500.69,2599656.13,Base,Original
BUD001914,20250801,P013,BU004,REG003,DEP003,Cash Outflow,1942365.16,2106227.98,Base,Original
BUD001915,20250801,P013,BU004,REG004,DEP001,Revenue,2280740.43,2624746.79,Base,Original
BUD001916,20250801,P013,BU004,REG004,DEP006,COGS,1132642.52,1042607.96,Base,Original
BUD001917,20250801,P013,BU004,REG004,DEP005,OPEX,882158.53,987928.78,Base,Original
BUD001918,20250801,P013,BU004,REG004,DEP003,EBITDA,585100.99,621829.98,Base,Original
BUD001919,20250801,P013,BU004,REG004,DEP003,Cash Inflow,2346701.77,2545174.26,Base,Original
BUD001920,20250801,P013,BU004,REG004,DEP003,Cash Outflow,1929129.99,2040768.62,Base,Original
BUD001921,20250901,P001,BU001,REG001,DEP001,Revenue,9451232.91,9914550.3,Base,Original
BUD001922,20250901,P001,BU001,REG001,DEP006,COGS,4722000.4,4474192.63,Base,Original
BUD001923,20250901,P001,BU001,REG001,DEP002,OPEX,3390787.26,3452192.67,Base,Original
BUD001924,20250901,P001,BU001,REG001,DEP003,EBITDA,1813939.53,1829242.82,Base,Original
BUD001925,20250901,P001,BU001,REG001,DEP003,Cash Inflow,8751364.84,9292578.38,Base,Original
BUD001926,20250901,P001,BU001,REG001,DEP003,Cash Outflow,7994619.02,7945603.66,Base,Original
BUD001927,20250901,P001,BU001,REG002,DEP001,Revenue,7615713.43,7440783.19,Base,Original
BUD001928,20250901,P001,BU001,REG002,DEP006,COGS,3140781.19,3253340.87,Base,Original
BUD001929,20250901,P001,BU001,REG002,DEP002,OPEX,2423729.35,2508003.11,Base,Original
BUD001930,20250901,P001,BU001,REG002,DEP003,EBITDA,1462975.74,1392203.67,Base,Original
BUD001931,20250901,P001,BU001,REG002,DEP003,Cash Inflow,6751560.67,6944999.96,Base,Original
BUD001932,20250901,P001,BU001,REG002,DEP003,Cash Outflow,5635140.43,5886033.29,Base,Original
BUD001933,20250901,P001,BU001,REG003,DEP001,Revenue,5510940.45,5865396.79,Base,Original
BUD001934,20250901,P001,BU001,REG003,DEP006,COGS,2790146.14,2637420.07,Base,Original
BUD001935,20250901,P001,BU001,REG003,DEP002,OPEX,1886783.74,1926070.14,Base,Original
BUD001936,20250901,P001,BU001,REG003,DEP003,EBITDA,1246715.42,1292307.56,Base,Original
BUD001937,20250901,P001,BU001,REG003,DEP003,Cash Inflow,5124403.95,5503096.93,Base,Original
BUD001938,20250901,P001,BU001,REG003,DEP003,Cash Outflow,4415251.4,4679903.0,Base,Original
BUD001939,20250901,P001,BU001,REG004,DEP001,Revenue,1766627.65,1851477.99,Base,Original
BUD001940,20250901,P001,BU001,REG004,DEP006,COGS,819553.23,796413.67,Base,Original
BUD001941,20250901,P001,BU001,REG004,DEP002,OPEX,610636.65,656538.42,Base,Original
BUD001942,20250901,P001,BU001,REG004,DEP003,EBITDA,356690.45,358063.06,Base,Original
BUD001943,20250901,P001,BU001,REG004,DEP003,Cash Inflow,1616837.56,1662443.09,Base,Original
BUD001944,20250901,P001,BU001,REG004,DEP003,Cash Outflow,1346695.18,1420123.32,Base,Original
BUD001945,20250901,P005,BU002,REG001,DEP001,Revenue,9428320.21,9958311.94,Base,Original
BUD001946,20250901,P005,BU002,REG001,DEP006,COGS,4408892.15,4576345.45,Base,Original
BUD001947,20250901,P005,BU002,REG001,DEP005,OPEX,3518063.24,3726290.58,Base,Original
BUD001948,20250901,P005,BU002,REG001,DEP003,EBITDA,1791535.82,1787972.33,Base,Original
BUD001949,20250901,P005,BU002,REG001,DEP003,Cash Inflow,8933284.19,9409785.56,Base,Original
BUD001950,20250901,P005,BU002,REG001,DEP003,Cash Outflow,7972185.98,8480948.35,Base,Original
BUD001951,20250901,P005,BU002,REG002,DEP001,Revenue,6462992.16,6204045.56,Base,Original
BUD001952,20250901,P005,BU002,REG002,DEP006,COGS,2914906.75,2945968.42,Base,Original
BUD001953,20250901,P005,BU002,REG002,DEP005,OPEX,1874625.55,2053101.36,Base,Original
BUD001954,20250901,P005,BU002,REG002,DEP003,EBITDA,1536115.9,1456871.66,Base,Original
BUD001955,20250901,P005,BU002,REG002,DEP003,Cash Inflow,6324398.79,6204550.3,Base,Original
BUD001956,20250901,P005,BU002,REG002,DEP003,Cash Outflow,4579403.92,4924748.81,Base,Original
BUD001957,20250901,P005,BU002,REG003,DEP001,Revenue,5241209.34,5849504.45,Base,Original
BUD001958,20250901,P005,BU002,REG003,DEP006,COGS,2442341.22,2562540.61,Base,Original
BUD001959,20250901,P005,BU002,REG003,DEP005,OPEX,1884817.65,2120920.41,Base,Original
BUD001960,20250901,P005,BU002,REG003,DEP003,EBITDA,1134587.38,1148891.67,Base,Original
BUD001961,20250901,P005,BU002,REG003,DEP003,Cash Inflow,5274927.46,5729472.36,Base,Original
BUD001962,20250901,P005,BU002,REG003,DEP003,Cash Outflow,4458060.88,4720335.06,Base,Original
BUD001963,20250901,P005,BU002,REG004,DEP001,Revenue,3846702.61,3912928.59,Base,Original
BUD001964,20250901,P005,BU002,REG004,DEP006,COGS,1786069.79,1763965.44,Base,Original
BUD001965,20250901,P005,BU002,REG004,DEP005,OPEX,1374912.59,1481518.36,Base,Original
BUD001966,20250901,P005,BU002,REG004,DEP003,EBITDA,736127.52,703766.21,Base,Original
BUD001967,20250901,P005,BU002,REG004,DEP003,Cash Inflow,3506473.27,3897667.94,Base,Original
BUD001968,20250901,P005,BU002,REG004,DEP003,Cash Outflow,3102735.15,3227271.17,Base,Original
BUD001969,20250901,P009,BU003,REG001,DEP001,Revenue,10727790.62,11603483.16,Base,Original
BUD001970,20250901,P009,BU003,REG001,DEP006,COGS,4430476.23,4626522.19,Base,Original
BUD001971,20250901,P009,BU003,REG001,DEP005,OPEX,3255976.48,3617878.96,Base,Original
BUD001972,20250901,P009,BU003,REG001,DEP003,EBITDA,3157899.58,3224147.97,Base,Original
BUD001973,20250901,P009,BU003,REG001,DEP003,Cash Inflow,10205940.41,11058682.16,Base,Original
BUD001974,20250901,P009,BU003,REG001,DEP003,Cash Outflow,7775769.79,8121137.06,Base,Original
BUD001975,20250901,P009,BU003,REG002,DEP001,Revenue,7144152.48,6819650.23,Base,Original
BUD001976,20250901,P009,BU003,REG002,DEP006,COGS,2831798.52,2790578.31,Base,Original
BUD001977,20250901,P009,BU003,REG002,DEP005,OPEX,2155933.77,2319420.0,Base,Original
BUD001978,20250901,P009,BU003,REG002,DEP003,EBITDA,1963067.69,1791387.09,Base,Original
BUD001979,20250901,P009,BU003,REG002,DEP003,Cash Inflow,6877073.32,6605021.51,Base,Original
BUD001980,20250901,P009,BU003,REG002,DEP003,Cash Outflow,4886874.24,5272650.84,Base,Original
BUD001981,20250901,P009,BU003,REG003,DEP001,Revenue,3924459.91,4344065.09,Base,Original
BUD001982,20250901,P009,BU003,REG003,DEP006,COGS,1937503.51,1787524.64,Base,Original
BUD001983,20250901,P009,BU003,REG003,DEP005,OPEX,1227022.56,1341125.83,Base,Original
BUD001984,20250901,P009,BU003,REG003,DEP003,EBITDA,1196064.03,1199885.38,Base,Original
BUD001985,20250901,P009,BU003,REG003,DEP003,Cash Inflow,3815610.37,4152481.01,Base,Original
BUD001986,20250901,P009,BU003,REG003,DEP003,Cash Outflow,2851832.7,3107947.43,Base,Original
BUD001987,20250901,P009,BU003,REG004,DEP001,Revenue,2645787.1,2717869.82,Base,Original
BUD001988,20250901,P009,BU003,REG004,DEP006,COGS,1063266.5,1142357.6,Base,Original
BUD001989,20250901,P009,BU003,REG004,DEP005,OPEX,722305.23,783559.08,Base,Original
BUD001990,20250901,P009,BU003,REG004,DEP003,EBITDA,811729.8,776653.96,Base,Original
BUD001991,20250901,P009,BU003,REG004,DEP003,Cash Inflow,2440660.6,2558310.5,Base,Original
BUD001992,20250901,P009,BU003,REG004,DEP003,Cash Outflow,1790682.21,1923538.87,Base,Original
BUD001993,20250901,P013,BU004,REG001,DEP001,Revenue,7818468.95,9060762.43,Base,Original
BUD001994,20250901,P013,BU004,REG001,DEP006,COGS,3368783.88,3637653.87,Base,Original
BUD001995,20250901,P013,BU004,REG001,DEP005,OPEX,2970287.83,3196248.01,Base,Original
BUD001996,20250901,P013,BU004,REG001,DEP003,EBITDA,2108661.04,2169960.9,Base,Original
BUD001997,20250901,P013,BU004,REG001,DEP003,Cash Inflow,7356354.43,8508071.71,Base,Original
BUD001998,20250901,P013,BU004,REG001,DEP003,Cash Outflow,6235629.88,6833866.06,Base,Original
BUD001999,20250901,P013,BU004,REG002,DEP001,Revenue,5343918.35,5934477.83,Base,Original
BUD002000,20250901,P013,BU004,REG002,DEP006,COGS,2271612.13,2356285.95,Base,Original
BUD002001,20250901,P013,BU004,REG002,DEP005,OPEX,1922546.17,2120480.5,Base,Original
BUD002002,20250901,P013,BU004,REG002,DEP003,EBITDA,1288151.4,1338863.91,Base,Original
BUD002003,20250901,P013,BU004,REG002,DEP003,Cash Inflow,5081613.1,5471732.84,Base,Original
BUD002004,20250901,P013,BU004,REG002,DEP003,Cash Outflow,4132760.19,4631617.67,Base,Original
BUD002005,20250901,P013,BU004,REG003,DEP001,Revenue,4564263.53,5403948.61,Base,Original
BUD002006,20250901,P013,BU004,REG003,DEP006,COGS,2350003.54,2121259.89,Base,Original
BUD002007,20250901,P013,BU004,REG003,DEP005,OPEX,1646615.97,1777925.36,Base,Original
BUD002008,20250901,P013,BU004,REG003,DEP003,EBITDA,1180789.37,1271287.58,Base,Original
BUD002009,20250901,P013,BU004,REG003,DEP003,Cash Inflow,4507581.74,5234330.72,Base,Original
BUD002010,20250901,P013,BU004,REG003,DEP003,Cash Outflow,3602769.55,3919177.52,Base,Original
BUD002011,20250901,P013,BU004,REG004,DEP001,Revenue,1497361.15,1659476.89,Base,Original
BUD002012,20250901,P013,BU004,REG004,DEP006,COGS,652101.81,684492.71,Base,Original
BUD002013,20250901,P013,BU004,REG004,DEP005,OPEX,510888.54,549992.71,Base,Original
BUD002014,20250901,P013,BU004,REG004,DEP003,EBITDA,413463.87,439429.08,Base,Original
BUD002015,20250901,P013,BU004,REG004,DEP003,Cash Inflow,1460034.5,1652322.74,Base,Original
BUD002016,20250901,P013,BU004,REG004,DEP003,Cash Outflow,1144154.34,1241152.79,Base,Original
BUD002017,20251001,P001,BU001,REG001,DEP001,Revenue,8512292.24,8757427.37,Base,Original
BUD002018,20251001,P001,BU001,REG001,DEP006,COGS,4405621.23,4047807.33,Base,Original
BUD002019,20251001,P001,BU001,REG001,DEP002,OPEX,3048670.21,3101683.19,Base,Original
BUD002020,20251001,P001,BU001,REG001,DEP003,EBITDA,1733693.68,1701334.51,Base,Original
BUD002021,20251001,P001,BU001,REG001,DEP003,Cash Inflow,7920019.88,8353634.79,Base,Original
BUD002022,20251001,P001,BU001,REG001,DEP003,Cash Outflow,7317941.32,7439362.08,Base,Original
BUD002023,20251001,P001,BU001,REG002,DEP001,Revenue,7640406.16,7441879.25,Base,Original
BUD002024,20251001,P001,BU001,REG002,DEP006,COGS,3234484.66,3380355.27,Base,Original
BUD002025,20251001,P001,BU001,REG002,DEP002,OPEX,2391224.4,2640620.13,Base,Original
BUD002026,20251001,P001,BU001,REG002,DEP003,EBITDA,1536454.09,1476493.71,Base,Original
BUD002027,20251001,P001,BU001,REG002,DEP003,Cash Inflow,7066571.16,7038307.6,Base,Original
BUD002028,20251001,P001,BU001,REG002,DEP003,Cash Outflow,5921515.83,6013650.82,Base,Original
BUD002029,20251001,P001,BU001,REG003,DEP001,Revenue,4989464.78,5467965.42,Base,Original
BUD002030,20251001,P001,BU001,REG003,DEP006,COGS,2360729.81,2513689.88,Base,Original
BUD002031,20251001,P001,BU001,REG003,DEP002,OPEX,1853873.46,1888627.25,Base,Original
BUD002032,20251001,P001,BU001,REG003,DEP003,EBITDA,1009347.93,1012599.62,Base,Original
BUD002033,20251001,P001,BU001,REG003,DEP003,Cash Inflow,4875231.06,5325798.5,Base,Original
BUD002034,20251001,P001,BU001,REG003,DEP003,Cash Outflow,4243526.97,4483661.38,Base,Original
BUD002035,20251001,P001,BU001,REG004,DEP001,Revenue,3254262.97,3291139.78,Base,Original
BUD002036,20251001,P001,BU001,REG004,DEP006,COGS,1529509.55,1486797.77,Base,Original
BUD002037,20251001,P001,BU001,REG004,DEP002,OPEX,1018916.92,1071328.67,Base,Original
BUD002038,20251001,P001,BU001,REG004,DEP003,EBITDA,711788.97,707928.2,Base,Original
BUD002039,20251001,P001,BU001,REG004,DEP003,Cash Inflow,3181595.24,3093082.59,Base,Original
BUD002040,20251001,P001,BU001,REG004,DEP003,Cash Outflow,2539996.84,2608742.3,Base,Original
BUD002041,20251001,P005,BU002,REG001,DEP001,Revenue,11463263.68,12572792.53,Base,Original
BUD002042,20251001,P005,BU002,REG001,DEP006,COGS,5563626.19,5652989.23,Base,Original
BUD002043,20251001,P005,BU002,REG001,DEP005,OPEX,4130131.5,4467279.11,Base,Original
BUD002044,20251001,P005,BU002,REG001,DEP003,EBITDA,2482844.11,2515974.53,Base,Original
BUD002045,20251001,P005,BU002,REG001,DEP003,Cash Inflow,11092474.99,12286721.2,Base,Original
BUD002046,20251001,P005,BU002,REG001,DEP003,Cash Outflow,9463592.23,9870301.17,Base,Original
BUD002047,20251001,P005,BU002,REG002,DEP001,Revenue,8401610.3,8101253.74,Base,Original
BUD002048,20251001,P005,BU002,REG002,DEP006,COGS,3572995.21,3667355.22,Base,Original
BUD002049,20251001,P005,BU002,REG002,DEP005,OPEX,2872064.52,2999547.68,Base,Original
BUD002050,20251001,P005,BU002,REG002,DEP003,EBITDA,1661202.61,1543712.58,Base,Original
BUD002051,20251001,P005,BU002,REG002,DEP003,Cash Inflow,8449585.75,7830472.89,Base,Original
BUD002052,20251001,P005,BU002,REG002,DEP003,Cash Outflow,6539132.34,6996253.39,Base,Original
BUD002053,20251001,P005,BU002,REG003,DEP001,Revenue,6498843.76,7215256.79,Base,Original
BUD002054,20251001,P005,BU002,REG003,DEP006,COGS,3556242.0,3242312.49,Base,Original
BUD002055,20251001,P005,BU002,REG003,DEP005,OPEX,2439933.0,2655126.56,Base,Original
BUD002056,20251001,P005,BU002,REG003,DEP003,EBITDA,1216747.03,1205577.83,Base,Original
BUD002057,20251001,P005,BU002,REG003,DEP003,Cash Inflow,6383871.5,6708029.14,Base,Original
BUD002058,20251001,P005,BU002,REG003,DEP003,Cash Outflow,5535409.66,5971877.04,Base,Original
BUD002059,20251001,P005,BU002,REG004,DEP001,Revenue,1898494.66,2021606.11,Base,Original
BUD002060,20251001,P005,BU002,REG004,DEP006,COGS,922885.98,882634.84,Base,Original
BUD002061,20251001,P005,BU002,REG004,DEP005,OPEX,688947.32,747856.96,Base,Original
BUD002062,20251001,P005,BU002,REG004,DEP003,EBITDA,351732.98,338359.73,Base,Original
BUD002063,20251001,P005,BU002,REG004,DEP003,Cash Inflow,1917797.76,1859968.2,Base,Original
BUD002064,20251001,P005,BU002,REG004,DEP003,Cash Outflow,1509908.17,1640101.93,Base,Original
BUD002065,20251001,P009,BU003,REG001,DEP001,Revenue,11074625.35,11791272.21,Base,Original
BUD002066,20251001,P009,BU003,REG001,DEP006,COGS,4913350.37,4807855.12,Base,Original
BUD002067,20251001,P009,BU003,REG001,DEP005,OPEX,3451161.04,3705204.54,Base,Original
BUD002068,20251001,P009,BU003,REG001,DEP003,EBITDA,3442887.92,3478275.17,Base,Original
BUD002069,20251001,P009,BU003,REG001,DEP003,Cash Inflow,10381038.77,11020351.77,Base,Original
BUD002070,20251001,P009,BU003,REG001,DEP003,Cash Outflow,7863640.17,8347968.31,Base,Original
BUD002071,20251001,P009,BU003,REG002,DEP001,Revenue,7933438.54,7996872.05,Base,Original
BUD002072,20251001,P009,BU003,REG002,DEP006,COGS,3217790.31,3321593.31,Base,Original
BUD002073,20251001,P009,BU003,REG002,DEP005,OPEX,2346547.41,2539047.19,Base,Original
BUD002074,20251001,P009,BU003,REG002,DEP003,EBITDA,2261748.32,2092382.74,Base,Original
BUD002075,20251001,P009,BU003,REG002,DEP003,Cash Inflow,7508167.2,7426673.94,Base,Original
BUD002076,20251001,P009,BU003,REG002,DEP003,Cash Outflow,5506524.88,5874040.03,Base,Original
BUD002077,20251001,P009,BU003,REG003,DEP001,Revenue,5244410.88,5672054.87,Base,Original
BUD002078,20251001,P009,BU003,REG003,DEP006,COGS,2326518.48,2435446.74,Base,Original
BUD002079,20251001,P009,BU003,REG003,DEP005,OPEX,1743397.29,1897497.97,Base,Original
BUD002080,20251001,P009,BU003,REG003,DEP003,EBITDA,1430415.31,1405992.06,Base,Original
BUD002081,20251001,P009,BU003,REG003,DEP003,Cash Inflow,4925718.41,5619078.28,Base,Original
BUD002082,20251001,P009,BU003,REG003,DEP003,Cash Outflow,4096081.89,4435019.18,Base,Original
BUD002083,20251001,P009,BU003,REG004,DEP001,Revenue,2819229.59,2775614.11,Base,Original
BUD002084,20251001,P009,BU003,REG004,DEP006,COGS,1233829.07,1173673.48,Base,Original
BUD002085,20251001,P009,BU003,REG004,DEP005,OPEX,911246.47,999126.59,Base,Original
BUD002086,20251001,P009,BU003,REG004,DEP003,EBITDA,736312.06,699259.71,Base,Original
BUD002087,20251001,P009,BU003,REG004,DEP003,Cash Inflow,2645287.56,2779150.68,Base,Original
BUD002088,20251001,P009,BU003,REG004,DEP003,Cash Outflow,1943551.19,2092290.32,Base,Original
BUD002089,20251001,P013,BU004,REG001,DEP001,Revenue,7820946.54,9169355.6,Base,Original
BUD002090,20251001,P013,BU004,REG001,DEP006,COGS,3558799.5,3627122.2,Base,Original
BUD002091,20251001,P013,BU004,REG001,DEP005,OPEX,2815733.26,2924375.37,Base,Original
BUD002092,20251001,P013,BU004,REG001,DEP003,EBITDA,2271003.14,2462860.61,Base,Original
BUD002093,20251001,P013,BU004,REG001,DEP003,Cash Inflow,7452667.33,8740563.56,Base,Original
BUD002094,20251001,P013,BU004,REG001,DEP003,Cash Outflow,6172812.96,6592278.3,Base,Original
BUD002095,20251001,P013,BU004,REG002,DEP001,Revenue,5381954.14,5945334.19,Base,Original
BUD002096,20251001,P013,BU004,REG002,DEP006,COGS,2436482.93,2258516.32,Base,Original
BUD002097,20251001,P013,BU004,REG002,DEP005,OPEX,2031594.08,2233106.45,Base,Original
BUD002098,20251001,P013,BU004,REG002,DEP003,EBITDA,1304321.68,1277251.05,Base,Original
BUD002099,20251001,P013,BU004,REG002,DEP003,Cash Inflow,5202167.24,5475115.45,Base,Original
BUD002100,20251001,P013,BU004,REG002,DEP003,Cash Outflow,4349140.13,4554313.13,Base,Original
BUD002101,20251001,P013,BU004,REG003,DEP001,Revenue,5552589.74,6468996.33,Base,Original
BUD002102,20251001,P013,BU004,REG003,DEP006,COGS,2768596.04,2598022.63,Base,Original
BUD002103,20251001,P013,BU004,REG003,DEP005,OPEX,2092266.49,2231546.69,Base,Original
BUD002104,20251001,P013,BU004,REG003,DEP003,EBITDA,1383281.46,1542130.12,Base,Original
BUD002105,20251001,P013,BU004,REG003,DEP003,Cash Inflow,5253297.16,6084417.07,Base,Original
BUD002106,20251001,P013,BU004,REG003,DEP003,Cash Outflow,4713239.48,4780925.8,Base,Original
BUD002107,20251001,P013,BU004,REG004,DEP001,Revenue,2306400.19,2568417.06,Base,Original
BUD002108,20251001,P013,BU004,REG004,DEP006,COGS,1075934.2,1026116.04,Base,Original
BUD002109,20251001,P013,BU004,REG004,DEP005,OPEX,838094.61,901236.17,Base,Original
BUD002110,20251001,P013,BU004,REG004,DEP003,EBITDA,604546.19,636247.63,Base,Original
BUD002111,20251001,P013,BU004,REG004,DEP003,Cash Inflow,2143576.4,2445522.65,Base,Original
BUD002112,20251001,P013,BU004,REG004,DEP003,Cash Outflow,1825302.7,1868161.72,Base,Original
BUD002113,20251101,P001,BU001,REG001,DEP001,Revenue,9697158.3,10246052.94,Base,Original
BUD002114,20251101,P001,BU001,REG001,DEP006,COGS,4704742.1,4663512.43,Base,Original
BUD002115,20251101,P001,BU001,REG001,DEP002,OPEX,3212917.76,3411558.86,Base,Original
BUD002116,20251101,P001,BU001,REG001,DEP003,EBITDA,2229313.28,2192776.54,Base,Original
BUD002117,20251101,P001,BU001,REG001,DEP003,Cash Inflow,9092927.32,9816052.69,Base,Original
BUD002118,20251101,P001,BU001,REG001,DEP003,Cash Outflow,7896528.62,8239064.76,Base,Original
BUD002119,20251101,P001,BU001,REG002,DEP001,Revenue,7385272.79,7015750.27,Base,Original
BUD002120,20251101,P001,BU001,REG002,DEP006,COGS,3050011.04,3141609.58,Base,Original
BUD002121,20251101,P001,BU001,REG002,DEP002,OPEX,2360803.86,2574118.42,Base,Original
BUD002122,20251101,P001,BU001,REG002,DEP003,EBITDA,1451445.51,1346382.91,Base,Original
BUD002123,20251101,P001,BU001,REG002,DEP003,Cash Inflow,7144356.32,6731745.67,Base,Original
BUD002124,20251101,P001,BU001,REG002,DEP003,Cash Outflow,5336693.57,5700180.32,Base,Original
BUD002125,20251101,P001,BU001,REG003,DEP001,Revenue,4886644.17,5371642.7,Base,Original
BUD002126,20251101,P001,BU001,REG003,DEP006,COGS,2374410.56,2572654.56,Base,Original
BUD002127,20251101,P001,BU001,REG003,DEP002,OPEX,1684845.45,1864997.45,Base,Original
BUD002128,20251101,P001,BU001,REG003,DEP003,EBITDA,1087855.78,1119298.44,Base,Original
BUD002129,20251101,P001,BU001,REG003,DEP003,Cash Inflow,4855432.46,5337339.69,Base,Original
BUD002130,20251101,P001,BU001,REG003,DEP003,Cash Outflow,4175461.09,4378582.78,Base,Original
BUD002131,20251101,P001,BU001,REG004,DEP001,Revenue,2748038.31,2769708.26,Base,Original
BUD002132,20251101,P001,BU001,REG004,DEP006,COGS,1236174.56,1271326.31,Base,Original
BUD002133,20251101,P001,BU001,REG004,DEP002,OPEX,946178.71,1000531.85,Base,Original
BUD002134,20251101,P001,BU001,REG004,DEP003,EBITDA,531137.21,526174.47,Base,Original
BUD002135,20251101,P001,BU001,REG004,DEP003,Cash Inflow,2797527.5,2681932.26,Base,Original
BUD002136,20251101,P001,BU001,REG004,DEP003,Cash Outflow,2228541.73,2231762.6,Base,Original
BUD002137,20251101,P005,BU002,REG001,DEP001,Revenue,10495749.41,11294149.5,Base,Original
BUD002138,20251101,P005,BU002,REG001,DEP006,COGS,4831127.48,4979792.37,Base,Original
BUD002139,20251101,P005,BU002,REG001,DEP005,OPEX,4013445.38,4213370.23,Base,Original
BUD002140,20251101,P005,BU002,REG001,DEP003,EBITDA,2030209.74,2003504.61,Base,Original
BUD002141,20251101,P005,BU002,REG001,DEP003,Cash Inflow,9775983.77,10684484.58,Base,Original
BUD002142,20251101,P005,BU002,REG001,DEP003,Cash Outflow,8767562.97,9339382.34,Base,Original
BUD002143,20251101,P005,BU002,REG002,DEP001,Revenue,9810085.66,9749481.52,Base,Original
BUD002144,20251101,P005,BU002,REG002,DEP006,COGS,4177406.31,4443913.66,Base,Original
BUD002145,20251101,P005,BU002,REG002,DEP005,OPEX,3167454.2,3428276.4,Base,Original
BUD002146,20251101,P005,BU002,REG002,DEP003,EBITDA,1847877.06,1741043.93,Base,Original
BUD002147,20251101,P005,BU002,REG002,DEP003,Cash Inflow,9747939.58,9091360.59,Base,Original
BUD002148,20251101,P005,BU002,REG002,DEP003,Cash Outflow,7339526.89,7980532.74,Base,Original
BUD002149,20251101,P005,BU002,REG003,DEP001,Revenue,6809620.17,7511107.85,Base,Original
BUD002150,20251101,P005,BU002,REG003,DEP006,COGS,3365442.61,3646044.56,Base,Original
BUD002151,20251101,P005,BU002,REG003,DEP005,OPEX,2659331.86,2801155.45,Base,Original
BUD002152,20251101,P005,BU002,REG003,DEP003,EBITDA,1241940.86,1297603.88,Base,Original
BUD002153,20251101,P005,BU002,REG003,DEP003,Cash Inflow,6410539.9,7419000.95,Base,Original
BUD002154,20251101,P005,BU002,REG003,DEP003,Cash Outflow,6213882.22,6481351.21,Base,Original
BUD002155,20251101,P005,BU002,REG004,DEP001,Revenue,3312484.17,3371182.32,Base,Original
BUD002156,20251101,P005,BU002,REG004,DEP006,COGS,1542396.21,1591712.19,Base,Original
BUD002157,20251101,P005,BU002,REG004,DEP005,OPEX,1085100.96,1164424.87,Base,Original
BUD002158,20251101,P005,BU002,REG004,DEP003,EBITDA,671536.03,631280.63,Base,Original
BUD002159,20251101,P005,BU002,REG004,DEP003,Cash Inflow,3159681.11,3186064.2,Base,Original
BUD002160,20251101,P005,BU002,REG004,DEP003,Cash Outflow,2544838.87,2780430.77,Base,Original
BUD002161,20251101,P009,BU003,REG001,DEP001,Revenue,10832872.34,11550189.07,Base,Original
BUD002162,20251101,P009,BU003,REG001,DEP006,COGS,4594591.44,4777115.64,Base,Original
BUD002163,20251101,P009,BU003,REG001,DEP005,OPEX,3562713.24,3756381.84,Base,Original
BUD002164,20251101,P009,BU003,REG001,DEP003,EBITDA,2921273.18,2911662.24,Base,Original
BUD002165,20251101,P009,BU003,REG001,DEP003,Cash Inflow,10920523.02,11384603.88,Base,Original
BUD002166,20251101,P009,BU003,REG001,DEP003,Cash Outflow,7904535.58,8506240.84,Base,Original
BUD002167,20251101,P009,BU003,REG002,DEP001,Revenue,8050769.22,7678657.97,Base,Original
BUD002168,20251101,P009,BU003,REG002,DEP006,COGS,3437648.46,3130566.96,Base,Original
BUD002169,20251101,P009,BU003,REG002,DEP005,OPEX,2353790.5,2490880.6,Base,Original
BUD002170,20251101,P009,BU003,REG002,DEP003,EBITDA,2225022.51,2086486.69,Base,Original
BUD002171,20251101,P009,BU003,REG002,DEP003,Cash Inflow,7363950.01,7412474.22,Base,Original
BUD002172,20251101,P009,BU003,REG002,DEP003,Cash Outflow,5242035.76,5502589.22,Base,Original
BUD002173,20251101,P009,BU003,REG003,DEP001,Revenue,6012063.57,6518746.0,Base,Original
BUD002174,20251101,P009,BU003,REG003,DEP006,COGS,2942670.38,2714538.49,Base,Original
BUD002175,20251101,P009,BU003,REG003,DEP005,OPEX,2060477.14,2274573.8,Base,Original
BUD002176,20251101,P009,BU003,REG003,DEP003,EBITDA,1646362.38,1728937.95,Base,Original
BUD002177,20251101,P009,BU003,REG003,DEP003,Cash Inflow,5903791.49,6179110.4,Base,Original
BUD002178,20251101,P009,BU003,REG003,DEP003,Cash Outflow,4791484.8,5065512.63,Base,Original
BUD002179,20251101,P009,BU003,REG004,DEP001,Revenue,3088795.62,3232093.78,Base,Original
BUD002180,20251101,P009,BU003,REG004,DEP006,COGS,1233146.99,1280567.56,Base,Original
BUD002181,20251101,P009,BU003,REG004,DEP005,OPEX,985040.63,1063037.51,Base,Original
BUD002182,20251101,P009,BU003,REG004,DEP003,EBITDA,839136.52,774915.89,Base,Original
BUD002183,20251101,P009,BU003,REG004,DEP003,Cash Inflow,3028698.67,3057720.05,Base,Original
BUD002184,20251101,P009,BU003,REG004,DEP003,Cash Outflow,2236829.49,2352957.25,Base,Original
BUD002185,20251101,P013,BU004,REG001,DEP001,Revenue,8858519.33,10090572.47,Base,Original
BUD002186,20251101,P013,BU004,REG001,DEP006,COGS,3951210.4,4159719.21,Base,Original
BUD002187,20251101,P013,BU004,REG001,DEP005,OPEX,3277151.5,3625857.72,Base,Original
BUD002188,20251101,P013,BU004,REG001,DEP003,EBITDA,2354239.79,2510531.99,Base,Original
BUD002189,20251101,P013,BU004,REG001,DEP003,Cash Inflow,8851306.19,9968566.32,Base,Original
BUD002190,20251101,P013,BU004,REG001,DEP003,Cash Outflow,7276545.64,7530370.29,Base,Original
BUD002191,20251101,P013,BU004,REG002,DEP001,Revenue,4585175.39,5010294.42,Base,Original
BUD002192,20251101,P013,BU004,REG002,DEP006,COGS,2057805.08,2093139.04,Base,Original
BUD002193,20251101,P013,BU004,REG002,DEP005,OPEX,1644184.45,1788785.82,Base,Original
BUD002194,20251101,P013,BU004,REG002,DEP003,EBITDA,1149350.5,1157670.4,Base,Original
BUD002195,20251101,P013,BU004,REG002,DEP003,Cash Inflow,4410417.05,4935699.12,Base,Original
BUD002196,20251101,P013,BU004,REG002,DEP003,Cash Outflow,3671159.6,3873189.62,Base,Original
BUD002197,20251101,P013,BU004,REG003,DEP001,Revenue,6392078.97,7273351.14,Base,Original
BUD002198,20251101,P013,BU004,REG003,DEP006,COGS,3210911.28,2984921.05,Base,Original
BUD002199,20251101,P013,BU004,REG003,DEP005,OPEX,2284506.48,2439590.38,Base,Original
BUD002200,20251101,P013,BU004,REG003,DEP003,EBITDA,1727117.68,1855237.38,Base,Original
BUD002201,20251101,P013,BU004,REG003,DEP003,Cash Inflow,6092418.9,6981220.18,Base,Original
BUD002202,20251101,P013,BU004,REG003,DEP003,Cash Outflow,5000926.48,5490725.74,Base,Original
BUD002203,20251101,P013,BU004,REG004,DEP001,Revenue,1962319.86,2274939.69,Base,Original
BUD002204,20251101,P013,BU004,REG004,DEP006,COGS,935538.46,941791.79,Base,Original
BUD002205,20251101,P013,BU004,REG004,DEP005,OPEX,653845.47,689621.05,Base,Original
BUD002206,20251101,P013,BU004,REG004,DEP003,EBITDA,570927.84,582298.44,Base,Original
BUD002207,20251101,P013,BU004,REG004,DEP003,Cash Inflow,1836737.05,2025961.41,Base,Original
BUD002208,20251101,P013,BU004,REG004,DEP003,Cash Outflow,1555697.71,1655580.34,Base,Original
BUD002209,20251201,P001,BU001,REG001,DEP001,Revenue,11178736.41,11456231.26,Base,Original
BUD002210,20251201,P001,BU001,REG001,DEP006,COGS,5558154.36,5355663.4,Base,Original
BUD002211,20251201,P001,BU001,REG001,DEP002,OPEX,3660618.78,3725285.6,Base,Original
BUD002212,20251201,P001,BU001,REG001,DEP003,EBITDA,2547633.72,2549650.37,Base,Original
BUD002213,20251201,P001,BU001,REG001,DEP003,Cash Inflow,10795135.92,11199374.88,Base,Original
BUD002214,20251201,P001,BU001,REG001,DEP003,Cash Outflow,8686876.47,9387461.94,Base,Original
BUD002215,20251201,P001,BU001,REG002,DEP001,Revenue,8626056.11,8212526.29,Base,Original
BUD002216,20251201,P001,BU001,REG002,DEP006,COGS,3677064.79,3673164.98,Base,Original
BUD002217,20251201,P001,BU001,REG002,DEP002,OPEX,2544402.14,2689966.12,Base,Original
BUD002218,20251201,P001,BU001,REG002,DEP003,EBITDA,1894638.43,1723261.84,Base,Original
BUD002219,20251201,P001,BU001,REG002,DEP003,Cash Inflow,7727377.36,7958145.83,Base,Original
BUD002220,20251201,P001,BU001,REG002,DEP003,Cash Outflow,6443155.97,6407204.28,Base,Original
BUD002221,20251201,P001,BU001,REG003,DEP001,Revenue,5264638.16,5616225.89,Base,Original
BUD002222,20251201,P001,BU001,REG003,DEP006,COGS,2744204.75,2690720.91,Base,Original
BUD002223,20251201,P001,BU001,REG003,DEP002,OPEX,1829351.73,1933569.77,Base,Original
BUD002224,20251201,P001,BU001,REG003,DEP003,EBITDA,1136288.36,1143871.24,Base,Original
BUD002225,20251201,P001,BU001,REG003,DEP003,Cash Inflow,5214780.93,5543079.78,Base,Original
BUD002226,20251201,P001,BU001,REG003,DEP003,Cash Outflow,4453722.71,4724740.52,Base,Original
BUD002227,20251201,P001,BU001,REG004,DEP001,Revenue,2436541.59,2476023.86,Base,Original
BUD002228,20251201,P001,BU001,REG004,DEP006,COGS,1040070.55,1112792.02,Base,Original
BUD002229,20251201,P001,BU001,REG004,DEP002,OPEX,750301.59,806044.2,Base,Original
BUD002230,20251201,P001,BU001,REG004,DEP003,EBITDA,561798.83,530969.43,Base,Original
BUD002231,20251201,P001,BU001,REG004,DEP003,Cash Inflow,2234574.68,2434966.3,Base,Original
BUD002232,20251201,P001,BU001,REG004,DEP003,Cash Outflow,1938370.62,2008877.64,Base,Original
BUD002233,20251201,P005,BU002,REG001,DEP001,Revenue,11754253.99,12206532.64,Base,Original
BUD002234,20251201,P005,BU002,REG001,DEP006,COGS,5479585.41,5762009.51,Base,Original
BUD002235,20251201,P005,BU002,REG001,DEP005,OPEX,4194307.51,4675595.81,Base,Original
BUD002236,20251201,P005,BU002,REG001,DEP003,EBITDA,2183576.45,2243685.35,Base,Original
BUD002237,20251201,P005,BU002,REG001,DEP003,Cash Inflow,10739411.54,11760050.65,Base,Original
BUD002238,20251201,P005,BU002,REG001,DEP003,Cash Outflow,9951749.51,10246610.7,Base,Original
BUD002239,20251201,P005,BU002,REG002,DEP001,Revenue,8280991.83,8026215.45,Base,Original
BUD002240,20251201,P005,BU002,REG002,DEP006,COGS,3675193.62,3708150.67,Base,Original
BUD002241,20251201,P005,BU002,REG002,DEP005,OPEX,2821051.73,3074189.53,Base,Original
BUD002242,20251201,P005,BU002,REG002,DEP003,EBITDA,1455619.82,1403113.38,Base,Original
BUD002243,20251201,P005,BU002,REG002,DEP003,Cash Inflow,7688525.07,7599956.59,Base,Original
BUD002244,20251201,P005,BU002,REG002,DEP003,Cash Outflow,6200842.64,6699780.43,Base,Original
BUD002245,20251201,P005,BU002,REG003,DEP001,Revenue,9154645.72,10403807.82,Base,Original
BUD002246,20251201,P005,BU002,REG003,DEP006,COGS,4330107.0,4670396.19,Base,Original
BUD002247,20251201,P005,BU002,REG003,DEP005,OPEX,3380312.39,3736245.74,Base,Original
BUD002248,20251201,P005,BU002,REG003,DEP003,EBITDA,1899934.97,1928759.86,Base,Original
BUD002249,20251201,P005,BU002,REG003,DEP003,Cash Inflow,8807406.32,9641529.15,Base,Original
BUD002250,20251201,P005,BU002,REG003,DEP003,Cash Outflow,7700764.73,8080069.0,Base,Original
BUD002251,20251201,P005,BU002,REG004,DEP001,Revenue,2631844.3,2764805.56,Base,Original
BUD002252,20251201,P005,BU002,REG004,DEP006,COGS,1316258.85,1233125.55,Base,Original
BUD002253,20251201,P005,BU002,REG004,DEP005,OPEX,986533.43,1069554.71,Base,Original
BUD002254,20251201,P005,BU002,REG004,DEP003,EBITDA,479176.85,481912.13,Base,Original
BUD002255,20251201,P005,BU002,REG004,DEP003,Cash Inflow,2552908.01,2553814.37,Base,Original
BUD002256,20251201,P005,BU002,REG004,DEP003,Cash Outflow,2049908.77,2242246.24,Base,Original
BUD002257,20251201,P009,BU003,REG001,DEP001,Revenue,10708447.26,11353529.67,Base,Original
BUD002258,20251201,P009,BU003,REG001,DEP006,COGS,5077333.96,4637693.46,Base,Original
BUD002259,20251201,P009,BU003,REG001,DEP005,OPEX,3301308.15,3542627.59,Base,Original
BUD002260,20251201,P009,BU003,REG001,DEP003,EBITDA,3347273.08,3331705.44,Base,Original
BUD002261,20251201,P009,BU003,REG001,DEP003,Cash Inflow,10686958.11,10798481.01,Base,Original
BUD002262,20251201,P009,BU003,REG001,DEP003,Cash Outflow,8067592.73,8217148.84,Base,Original
BUD002263,20251201,P009,BU003,REG002,DEP001,Revenue,8555535.48,8132790.1,Base,Original
BUD002264,20251201,P009,BU003,REG002,DEP006,COGS,3357799.75,3411233.14,Base,Original
BUD002265,20251201,P009,BU003,REG002,DEP005,OPEX,2488721.69,2593559.52,Base,Original
BUD002266,20251201,P009,BU003,REG002,DEP003,EBITDA,2341377.06,2226107.38,Base,Original
BUD002267,20251201,P009,BU003,REG002,DEP003,Cash Inflow,7735208.46,7886248.75,Base,Original
BUD002268,20251201,P009,BU003,REG002,DEP003,Cash Outflow,5767039.79,6271927.07,Base,Original
BUD002269,20251201,P009,BU003,REG003,DEP001,Revenue,8216744.91,9384751.1,Base,Original
BUD002270,20251201,P009,BU003,REG003,DEP006,COGS,3660887.98,3687034.66,Base,Original
BUD002271,20251201,P009,BU003,REG003,DEP005,OPEX,2777068.35,2866596.7,Base,Original
BUD002272,20251201,P009,BU003,REG003,DEP003,EBITDA,2429900.89,2549502.71,Base,Original
BUD002273,20251201,P009,BU003,REG003,DEP003,Cash Inflow,8166503.33,8384505.4,Base,Original
BUD002274,20251201,P009,BU003,REG003,DEP003,Cash Outflow,6339579.96,6474379.61,Base,Original
BUD002275,20251201,P009,BU003,REG004,DEP001,Revenue,3419870.64,3444961.89,Base,Original
BUD002276,20251201,P009,BU003,REG004,DEP006,COGS,1556907.51,1433152.71,Base,Original
BUD002277,20251201,P009,BU003,REG004,DEP005,OPEX,1118893.13,1227388.23,Base,Original
BUD002278,20251201,P009,BU003,REG004,DEP003,EBITDA,841148.68,823537.28,Base,Original
BUD002279,20251201,P009,BU003,REG004,DEP003,Cash Inflow,3264430.91,3381633.0,Base,Original
BUD002280,20251201,P009,BU003,REG004,DEP003,Cash Outflow,2483208.49,2774334.98,Base,Original
BUD002281,20251201,P013,BU004,REG001,DEP001,Revenue,8986639.62,10361772.08,Base,Original
BUD002282,20251201,P013,BU004,REG001,DEP006,COGS,4293889.26,4291326.09,Base,Original
BUD002283,20251201,P013,BU004,REG001,DEP005,OPEX,3414664.66,3839938.29,Base,Original
BUD002284,20251201,P013,BU004,REG001,DEP003,EBITDA,2222037.03,2311948.31,Base,Original
BUD002285,20251201,P013,BU004,REG001,DEP003,Cash Inflow,8691634.65,10045465.26,Base,Original
BUD002286,20251201,P013,BU004,REG001,DEP003,Cash Outflow,7482576.82,7949955.05,Base,Original
BUD002287,20251201,P013,BU004,REG002,DEP001,Revenue,6719429.11,7481713.51,Base,Original
BUD002288,20251201,P013,BU004,REG002,DEP006,COGS,2859459.87,3006586.9,Base,Original
BUD002289,20251201,P013,BU004,REG002,DEP005,OPEX,2281857.14,2367713.54,Base,Original
BUD002290,20251201,P013,BU004,REG002,DEP003,EBITDA,1943917.37,1958305.89,Base,Original
BUD002291,20251201,P013,BU004,REG002,DEP003,Cash Inflow,6514624.97,7086138.73,Base,Original
BUD002292,20251201,P013,BU004,REG002,DEP003,Cash Outflow,5170815.88,5515410.56,Base,Original
BUD002293,20251201,P013,BU004,REG003,DEP001,Revenue,5595407.86,6474527.58,Base,Original
BUD002294,20251201,P013,BU004,REG003,DEP006,COGS,2792322.99,2571105.4,Base,Original
BUD002295,20251201,P013,BU004,REG003,DEP005,OPEX,1976524.84,2080414.97,Base,Original
BUD002296,20251201,P013,BU004,REG003,DEP003,EBITDA,1564829.88,1699162.06,Base,Original
BUD002297,20251201,P013,BU004,REG003,DEP003,Cash Inflow,5274556.57,6103591.72,Base,Original
BUD002298,20251201,P013,BU004,REG003,DEP003,Cash Outflow,4356015.03,4644496.96,Base,Original
BUD002299,20251201,P013,BU004,REG004,DEP001,Revenue,1983847.96,2297113.69,Base,Original
BUD002300,20251201,P013,BU004,REG004,DEP006,COGS,850656.31,869076.8,Base,Original
BUD002301,20251201,P013,BU004,REG004,DEP005,OPEX,642911.77,689222.23,Base,Original
BUD002302,20251201,P013,BU004,REG004,DEP003,EBITDA,655403.99,699105.58,Base,Original
BUD002303,20251201,P013,BU004,REG004,DEP003,Cash Inflow,1969900.94,2116690.36,Base,Original
BUD002304,20251201,P013,BU004,REG004,DEP003,Cash Outflow,1510365.9,1546149.53,Base,Original
BUD002305,20240101,P001,BU001,REG001,DEP001,Revenue,6491707.74,7368174.7,Upside,Original
BUD002306,20240101,P001,BU001,REG001,DEP006,COGS,3161007.04,3220131.54,Upside,Original
BUD002307,20240101,P001,BU001,REG001,DEP002,OPEX,2166553.55,2181524.97,Upside,Original
BUD002308,20240101,P001,BU001,REG001,DEP003,EBITDA,1570118.71,1783678.73,Upside,Original
BUD002309,20240101,P001,BU001,REG001,DEP003,Cash Inflow,6505676.63,7214534.94,Upside,Original
BUD002310,20240101,P001,BU001,REG001,DEP003,Cash Outflow,5152533.62,5548431.99,Upside,Original
BUD002311,20240101,P001,BU001,REG001,DEP001,Revenue,6599958.22,6362132.9,Downside,Original
BUD002312,20240101,P001,BU001,REG001,DEP006,COGS,2883078.13,3140559.14,Downside,Original
BUD002313,20240101,P001,BU001,REG001,DEP002,OPEX,2186008.56,2533537.95,Downside,Original
BUD002314,20240101,P001,BU001,REG001,DEP003,EBITDA,1575376.23,1096109.43,Downside,Original
BUD002315,20240101,P001,BU001,REG001,DEP003,Cash Inflow,6515887.69,5684926.4,Downside,Original
BUD002316,20240101,P001,BU001,REG001,DEP003,Cash Outflow,5172740.09,5873154.92,Downside,Original
BUD002317,20240101,P005,BU002,REG001,DEP001,Revenue,7199629.23,8280604.3,Upside,Original
BUD002318,20240101,P005,BU002,REG001,DEP006,COGS,3671283.32,3910562.37,Upside,Original
BUD002319,20240101,P005,BU002,REG001,DEP005,OPEX,2571753.49,2792177.37,Upside,Original
BUD002320,20240101,P005,BU002,REG001,DEP003,EBITDA,1355839.49,1673368.03,Upside,Original
BUD002321,20240101,P005,BU002,REG001,DEP003,Cash Inflow,6700515.42,7927749.96,Upside,Original
BUD002322,20240101,P005,BU002,REG001,DEP003,Cash Outflow,6140304.78,6407386.62,Upside,Original
BUD002323,20240101,P005,BU002,REG001,DEP001,Revenue,7390130.55,7152243.73,Downside,Original
BUD002324,20240101,P005,BU002,REG001,DEP006,COGS,3491775.94,3692496.02,Downside,Original
BUD002325,20240101,P005,BU002,REG001,DEP005,OPEX,2573073.44,3165543.33,Downside,Original
BUD002326,20240101,P005,BU002,REG001,DEP003,EBITDA,1357019.92,987605.37,Downside,Original
BUD002327,20240101,P005,BU002,REG001,DEP003,Cash Inflow,7074439.49,6438314.59,Downside,Original
BUD002328,20240101,P005,BU002,REG001,DEP003,Cash Outflow,6093251.25,7003553.49,Downside,Original
BUD002329,20240101,P009,BU003,REG001,DEP001,Revenue,7686100.9,8745966.03,Upside,Original
BUD002330,20240101,P009,BU003,REG001,DEP006,COGS,3554735.62,3478373.96,Upside,Original
BUD002331,20240101,P009,BU003,REG001,DEP005,OPEX,2510903.69,2630064.51,Upside,Original
BUD002332,20240101,P009,BU003,REG001,DEP003,EBITDA,2156179.25,2508322.66,Upside,Original
BUD002333,20240101,P009,BU003,REG001,DEP003,Cash Inflow,7053484.44,8460812.61,Upside,Original
BUD002334,20240101,P009,BU003,REG001,DEP003,Cash Outflow,5807086.69,6136934.84,Upside,Original
BUD002335,20240101,P009,BU003,REG001,DEP001,Revenue,7486023.48,7447289.47,Downside,Original
BUD002336,20240101,P009,BU003,REG001,DEP006,COGS,3087579.27,3414773.93,Downside,Original
BUD002337,20240101,P009,BU003,REG001,DEP005,OPEX,2426206.67,2968328.78,Downside,Original
BUD002338,20240101,P009,BU003,REG001,DEP003,EBITDA,2105232.68,1467425.72,Downside,Original
BUD002339,20240101,P009,BU003,REG001,DEP003,Cash Inflow,7516226.24,6497553.91,Downside,Original
BUD002340,20240101,P009,BU003,REG001,DEP003,Cash Outflow,5559887.15,6600567.69,Downside,Original
BUD002341,20240101,P013,BU004,REG001,DEP001,Revenue,6550369.11,7936371.92,Upside,Original
BUD002342,20240101,P013,BU004,REG001,DEP006,COGS,3083568.1,3186885.9,Upside,Original
BUD002343,20240101,P013,BU004,REG001,DEP005,OPEX,2250698.03,2399447.01,Upside,Original
BUD002344,20240101,P013,BU004,REG001,DEP003,EBITDA,1875146.34,2262484.39,Upside,Original
BUD002345,20240101,P013,BU004,REG001,DEP003,Cash Inflow,6373374.58,8122379.5,Upside,Original
BUD002346,20240101,P013,BU004,REG001,DEP003,Cash Outflow,5259886.19,5522246.65,Upside,Original
BUD002347,20240101,P013,BU004,REG001,DEP001,Revenue,6550369.11,6591381.73,Downside,Original
BUD002348,20240101,P013,BU004,REG001,DEP006,COGS,2964463.86,3155633.4,Downside,Original
BUD002349,20240101,P013,BU004,REG001,DEP005,OPEX,2283814.01,2751105.0,Downside,Original
BUD002350,20240101,P013,BU004,REG001,DEP003,EBITDA,1831150.61,1374089.84,Downside,Original
BUD002351,20240101,P013,BU004,REG001,DEP003,Cash Inflow,6234193.34,6142286.58,Downside,Original
BUD002352,20240101,P013,BU004,REG001,DEP003,Cash Outflow,5356707.92,5916501.66,Downside,Original
BUD002353,20240201,P001,BU001,REG001,DEP001,Revenue,6594009.91,7439463.53,Upside,Original
BUD002354,20240201,P001,BU001,REG001,DEP006,COGS,3354268.09,3251056.66,Upside,Original
BUD002355,20240201,P001,BU001,REG001,DEP002,OPEX,2210082.13,2307926.34,Upside,Original
BUD002356,20240201,P001,BU001,REG001,DEP003,EBITDA,1584557.43,1805204.87,Upside,Original
BUD002357,20240201,P001,BU001,REG001,DEP003,Cash Inflow,6427326.47,7542929.37,Upside,Original
BUD002358,20240201,P001,BU001,REG001,DEP003,Cash Outflow,5285767.06,5620205.69,Upside,Original
BUD002359,20240201,P001,BU001,REG001,DEP001,Revenue,6665741.82,6295815.62,Downside,Original
BUD002360,20240201,P001,BU001,REG001,DEP006,COGS,3259264.33,3235388.54,Downside,Original
BUD002361,20240201,P001,BU001,REG001,DEP002,OPEX,2204085.55,2523671.84,Downside,Original
BUD002362,20240201,P001,BU001,REG001,DEP003,EBITDA,1541889.46,1118409.04,Downside,Original
BUD002363,20240201,P001,BU001,REG001,DEP003,Cash Inflow,6270422.89,6080248.89,Downside,Original
BUD002364,20240201,P001,BU001,REG001,DEP003,Cash Outflow,5367932.48,5971866.52,Downside,Original
BUD002365,20240201,P005,BU002,REG001,DEP001,Revenue,8205019.89,9545145.71,Upside,Original
BUD002366,20240201,P005,BU002,REG001,DEP006,COGS,4036540.36,4233436.54,Upside,Original
BUD002367,20240201,P005,BU002,REG001,DEP005,OPEX,2810381.29,2905157.26,Upside,Original
BUD002368,20240201,P005,BU002,REG001,DEP003,EBITDA,1788473.42,2101771.15,Upside,Original
BUD002369,20240201,P005,BU002,REG001,DEP003,Cash Inflow,7762956.07,9223730.88,Upside,Original
BUD002370,20240201,P005,BU002,REG001,DEP003,Cash Outflow,6483690.89,7137131.86,Upside,Original
BUD002371,20240201,P005,BU002,REG001,DEP001,Revenue,8244267.26,8056028.6,Downside,Original
BUD002372,20240201,P005,BU002,REG001,DEP006,COGS,4022814.58,4100161.76,Downside,Original
BUD002373,20240201,P005,BU002,REG001,DEP005,OPEX,2748382.84,3269170.35,Downside,Original
BUD002374,20240201,P005,BU002,REG001,DEP003,EBITDA,1747759.5,1283029.51,Downside,Original
BUD002375,20240201,P005,BU002,REG001,DEP003,Cash Inflow,7536283.76,7298080.8,Downside,Original
BUD002376,20240201,P005,BU002,REG001,DEP003,Cash Outflow,6752661.29,7631671.2,Downside,Original
BUD002377,20240201,P009,BU003,REG001,DEP001,Revenue,6773050.89,7429405.32,Upside,Original
BUD002378,20240201,P009,BU003,REG001,DEP006,COGS,2760496.9,3069947.67,Upside,Original
BUD002379,20240201,P009,BU003,REG001,DEP005,OPEX,2052259.71,2219311.35,Upside,Original
BUD002380,20240201,P009,BU003,REG001,DEP003,EBITDA,1885351.45,2194193.7,Upside,Original
BUD002381,20240201,P009,BU003,REG001,DEP003,Cash Inflow,6347298.85,7463645.84,Upside,Original
BUD002382,20240201,P009,BU003,REG001,DEP003,Cash Outflow,4642143.55,5258513.18,Upside,Original
BUD002383,20240201,P009,BU003,REG001,DEP001,Revenue,6557165.16,6427623.75,Downside,Original
BUD002384,20240201,P009,BU003,REG001,DEP006,COGS,2779634.72,3086128.56,Downside,Original
BUD002385,20240201,P009,BU003,REG001,DEP005,OPEX,2132036.85,2489845.09,Downside,Original
BUD002386,20240201,P009,BU003,REG001,DEP003,EBITDA,1891374.12,1332491.32,Downside,Original
BUD002387,20240201,P009,BU003,REG001,DEP003,Cash Inflow,6427099.4,5768541.2,Downside,Original
BUD002388,20240201,P009,BU003,REG001,DEP003,Cash Outflow,4910470.54,5487134.14,Downside,Original
BUD002389,20240201,P013,BU004,REG001,DEP001,Revenue,5493207.77,6899002.27,Upside,Original
BUD002390,20240201,P013,BU004,REG001,DEP006,COGS,2489875.55,2648494.12,Upside,Original
BUD002391,20240201,P013,BU004,REG001,DEP005,OPEX,1816836.01,1927580.32,Upside,Original
BUD002392,20240201,P013,BU004,REG001,DEP003,EBITDA,1644157.0,2115230.83,Upside,Original
BUD002393,20240201,P013,BU004,REG001,DEP003,Cash Inflow,5464745.44,6766906.98,Upside,Original
BUD002394,20240201,P013,BU004,REG001,DEP003,Cash Outflow,4151699.9,4735168.16,Upside,Original
BUD002395,20240201,P013,BU004,REG001,DEP001,Revenue,5493207.77,5832017.72,Downside,Original
BUD002396,20240201,P013,BU004,REG001,DEP006,COGS,2814897.4,2709850.45,Downside,Original
BUD002397,20240201,P013,BU004,REG001,DEP005,OPEX,1835214.34,2145050.58,Downside,Original
BUD002398,20240201,P013,BU004,REG001,DEP003,EBITDA,1643131.65,1277218.4,Downside,Original
BUD002399,20240201,P013,BU004,REG001,DEP003,Cash Inflow,5490712.16,5202144.9,Downside,Original
BUD002400,20240201,P013,BU004,REG001,DEP003,Cash Outflow,4187395.08,4987116.38,Downside,Original
BUD002401,20240301,P001,BU001,REG001,DEP001,Revenue,8499885.46,9642596.0,Upside,Original
BUD002402,20240301,P001,BU001,REG001,DEP006,COGS,3864501.36,4410598.3,Upside,Original
BUD002403,20240301,P001,BU001,REG001,DEP002,OPEX,2799266.14,2937402.39,Upside,Original
BUD002404,20240301,P001,BU001,REG001,DEP003,EBITDA,1908063.6,2300906.96,Upside,Original
BUD002405,20240301,P001,BU001,REG001,DEP003,Cash Inflow,8554434.98,9647167.41,Upside,Original
BUD002406,20240301,P001,BU001,REG001,DEP003,Cash Outflow,6727438.56,7231013.76,Upside,Original
BUD002407,20240301,P001,BU001,REG001,DEP001,Revenue,8342210.66,7897420.07,Downside,Original
BUD002408,20240301,P001,BU001,REG001,DEP006,COGS,4125661.52,4196463.54,Downside,Original
BUD002409,20240301,P001,BU001,REG001,DEP002,OPEX,2811074.34,3176375.2,Downside,Original
BUD002410,20240301,P001,BU001,REG001,DEP003,EBITDA,1923656.18,1330754.2,Downside,Original
BUD002411,20240301,P001,BU001,REG001,DEP003,Cash Inflow,8154976.1,7523427.02,Downside,Original
BUD002412,20240301,P001,BU001,REG001,DEP003,Cash Outflow,6978380.09,7601547.67,Downside,Original
BUD002413,20240301,P005,BU002,REG001,DEP001,Revenue,7994462.04,9511285.85,Upside,Original
BUD002414,20240301,P005,BU002,REG001,DEP006,COGS,3919883.34,4224025.29,Upside,Original
BUD002415,20240301,P005,BU002,REG001,DEP005,OPEX,2732985.76,2928601.06,Upside,Original
BUD002416,20240301,P005,BU002,REG001,DEP003,EBITDA,1643431.34,1939553.89,Upside,Original
BUD002417,20240301,P005,BU002,REG001,DEP003,Cash Inflow,7513365.08,9241879.82,Upside,Original
BUD002418,20240301,P005,BU002,REG001,DEP003,Cash Outflow,6689781.61,7364737.35,Upside,Original
BUD002419,20240301,P005,BU002,REG001,DEP001,Revenue,8168385.3,7962080.72,Downside,Original
BUD002420,20240301,P005,BU002,REG001,DEP006,COGS,4314592.76,4206887.72,Downside,Original
BUD002421,20240301,P005,BU002,REG001,DEP005,OPEX,2728743.12,3388875.41,Downside,Original
BUD002422,20240301,P005,BU002,REG001,DEP003,EBITDA,1699040.91,1205278.6,Downside,Original
BUD002423,20240301,P005,BU002,REG001,DEP003,Cash Inflow,7676809.06,7284126.89,Downside,Original
BUD002424,20240301,P005,BU002,REG001,DEP003,Cash Outflow,6528116.37,7768139.58,Downside,Original
BUD002425,20240301,P009,BU003,REG001,DEP001,Revenue,8753629.4,9949861.31,Upside,Original
BUD002426,20240301,P009,BU003,REG001,DEP006,COGS,3615542.04,4078821.53,Upside,Original
BUD002427,20240301,P009,BU003,REG001,DEP005,OPEX,2896657.44,3081688.27,Upside,Original
BUD002428,20240301,P009,BU003,REG001,DEP003,EBITDA,2255292.39,2579725.6,Upside,Original
BUD002429,20240301,P009,BU003,REG001,DEP003,Cash Inflow,8407235.94,9912516.55,Upside,Original
BUD002430,20240301,P009,BU003,REG001,DEP003,Cash Outflow,6296095.39,7256740.81,Upside,Original
BUD002431,20240301,P009,BU003,REG001,DEP001,Revenue,8755837.68,8380105.49,Downside,Original
BUD002432,20240301,P009,BU003,REG001,DEP006,COGS,4034404.3,3925936.85,Downside,Original
BUD002433,20240301,P009,BU003,REG001,DEP005,OPEX,2814528.8,3453823.95,Downside,Original
BUD002434,20240301,P009,BU003,REG001,DEP003,EBITDA,2254869.58,1581367.83,Downside,Original
BUD002435,20240301,P009,BU003,REG001,DEP003,Cash Inflow,8227945.1,7715248.62,Downside,Original
BUD002436,20240301,P009,BU003,REG001,DEP003,Cash Outflow,6739396.78,7511494.66,Downside,Original
BUD002437,20240301,P013,BU004,REG001,DEP001,Revenue,6084542.74,7602720.96,Upside,Original
BUD002438,20240301,P013,BU004,REG001,DEP006,COGS,2758543.34,2913571.45,Upside,Original
BUD002439,20240301,P013,BU004,REG001,DEP005,OPEX,2260983.55,2251744.89,Upside,Original
BUD002440,20240301,P013,BU004,REG001,DEP003,EBITDA,1683034.66,2107958.02,Upside,Original
BUD002441,20240301,P013,BU004,REG001,DEP003,Cash Inflow,5863397.29,7615030.85,Upside,Original
BUD002442,20240301,P013,BU004,REG001,DEP003,Cash Outflow,4915998.85,5230681.5,Upside,Original
BUD002443,20240301,P013,BU004,REG001,DEP001,Revenue,6084542.74,6168991.56,Downside,Original
BUD002444,20240301,P013,BU004,REG001,DEP006,COGS,2873678.45,2871070.05,Downside,Original
BUD002445,20240301,P013,BU004,REG001,DEP005,OPEX,2155807.79,2599103.47,Downside,Original
BUD002446,20240301,P013,BU004,REG001,DEP003,EBITDA,1715055.64,1303554.22,Downside,Original
BUD002447,20240301,P013,BU004,REG001,DEP003,Cash Inflow,6149597.23,5916445.65,Downside,Original
BUD002448,20240301,P013,BU004,REG001,DEP003,Cash Outflow,5051706.68,5592801.53,Downside,Original
BUD002449,20240401,P001,BU001,REG001,DEP001,Revenue,7708167.35,8809467.23,Upside,Original
BUD002450,20240401,P001,BU001,REG001,DEP006,COGS,3519263.28,3692934.88,Upside,Original
BUD002451,20240401,P001,BU001,REG001,DEP002,OPEX,2576651.25,2609845.4,Upside,Original
BUD002452,20240401,P001,BU001,REG001,DEP003,EBITDA,1696052.11,1984555.55,Upside,Original
BUD002453,20240401,P001,BU001,REG001,DEP003,Cash Inflow,7066716.58,8477177.83,Upside,Original
BUD002454,20240401,P001,BU001,REG001,DEP003,Cash Outflow,6124364.83,6427516.09,Upside,Original
BUD002455,20240401,P001,BU001,REG001,DEP001,Revenue,7712549.26,7458937.48,Downside,Original
BUD002456,20240401,P001,BU001,REG001,DEP006,COGS,3466118.68,3764752.55,Downside,Original
BUD002457,20240401,P001,BU001,REG001,DEP002,OPEX,2552808.65,2929725.82,Downside,Original
BUD002458,20240401,P001,BU001,REG001,DEP003,EBITDA,1687826.57,1181895.87,Downside,Original
BUD002459,20240401,P001,BU001,REG001,DEP003,Cash Inflow,7191776.67,6716980.44,Downside,Original
BUD002460,20240401,P001,BU001,REG001,DEP003,Cash Outflow,5973166.05,6759960.34,Downside,Original
BUD002461,20240401,P005,BU002,REG001,DEP001,Revenue,6222037.12,7356317.76,Upside,Original
BUD002462,20240401,P005,BU002,REG001,DEP006,COGS,3109403.88,3308164.87,Upside,Original
BUD002463,20240401,P005,BU002,REG001,DEP005,OPEX,2100173.83,2152942.5,Upside,Original
BUD002464,20240401,P005,BU002,REG001,DEP003,EBITDA,1370423.47,1633795.53,Upside,Original
BUD002465,20240401,P005,BU002,REG001,DEP003,Cash Inflow,6285515.76,6975357.07,Upside,Original
BUD002466,20240401,P005,BU002,REG001,DEP003,Cash Outflow,5230645.6,5468932.25,Upside,Original
BUD002467,20240401,P005,BU002,REG001,DEP001,Revenue,6258559.84,6111970.95,Downside,Original
BUD002468,20240401,P005,BU002,REG001,DEP006,COGS,3312898.47,3232960.24,Downside,Original
BUD002469,20240401,P005,BU002,REG001,DEP005,OPEX,2113089.8,2385107.93,Downside,Original
BUD002470,20240401,P005,BU002,REG001,DEP003,EBITDA,1389383.01,997648.21,Downside,Original
BUD002471,20240401,P005,BU002,REG001,DEP003,Cash Inflow,5784765.11,5512910.72,Downside,Original
BUD002472,20240401,P005,BU002,REG001,DEP003,Cash Outflow,5114566.07,5897173.96,Downside,Original
BUD002473,20240401,P009,BU003,REG001,DEP001,Revenue,8886597.14,10206653.21,Upside,Original
BUD002474,20240401,P009,BU003,REG001,DEP006,COGS,3605303.42,4013815.94,Upside,Original
BUD002475,20240401,P009,BU003,REG001,DEP005,OPEX,2835578.29,2842886.07,Upside,Original
BUD002476,20240401,P009,BU003,REG001,DEP003,EBITDA,2689049.17,3035557.91,Upside,Original
BUD002477,20240401,P009,BU003,REG001,DEP003,Cash Inflow,8326054.03,9623764.91,Upside,Original
BUD002478,20240401,P009,BU003,REG001,DEP003,Cash Outflow,6222676.67,6855317.39,Upside,Original
BUD002479,20240401,P009,BU003,REG001,DEP001,Revenue,8827744.94,8351612.61,Downside,Original
BUD002480,20240401,P009,BU003,REG001,DEP006,COGS,4114018.88,3948432.11,Downside,Original
BUD002481,20240401,P009,BU003,REG001,DEP005,OPEX,2743042.66,3316909.33,Downside,Original
BUD002482,20240401,P009,BU003,REG001,DEP003,EBITDA,2640918.79,1833342.37,Downside,Original
BUD002483,20240401,P009,BU003,REG001,DEP003,Cash Inflow,8809196.94,7995368.02,Downside,Original
BUD002484,20240401,P009,BU003,REG001,DEP003,Cash Outflow,6386865.0,7229967.55,Downside,Original
BUD002485,20240401,P013,BU004,REG001,DEP001,Revenue,5573815.06,7117400.92,Upside,Original
BUD002486,20240401,P013,BU004,REG001,DEP006,COGS,2461381.36,2733584.49,Upside,Original
BUD002487,20240401,P013,BU004,REG001,DEP005,OPEX,2299489.51,2374607.08,Upside,Original
BUD002488,20240401,P013,BU004,REG001,DEP003,EBITDA,1248871.54,1537449.35,Upside,Original
BUD002489,20240401,P013,BU004,REG001,DEP003,Cash Inflow,5339170.15,6538275.16,Upside,Original
BUD002490,20240401,P013,BU004,REG001,DEP003,Cash Outflow,4651962.73,5076193.25,Upside,Original
BUD002491,20240401,P013,BU004,REG001,DEP001,Revenue,5573815.06,5604724.21,Downside,Original
BUD002492,20240401,P013,BU004,REG001,DEP006,COGS,2602795.74,2773212.28,Downside,Original
BUD002493,20240401,P013,BU004,REG001,DEP005,OPEX,2301331.45,2724006.84,Downside,Original
BUD002494,20240401,P013,BU004,REG001,DEP003,EBITDA,1261441.85,953937.88,Downside,Original
BUD002495,20240401,P013,BU004,REG001,DEP003,Cash Inflow,5437138.13,5353553.48,Downside,Original
BUD002496,20240401,P013,BU004,REG001,DEP003,Cash Outflow,4935298.45,5329408.56,Downside,Original
BUD002497,20240501,P001,BU001,REG001,DEP001,Revenue,8080196.6,9319151.98,Upside,Original
BUD002498,20240501,P001,BU001,REG001,DEP006,COGS,4053375.41,4001427.67,Upside,Original
BUD002499,20240501,P001,BU001,REG001,DEP002,OPEX,2680908.31,2782242.42,Upside,Original
BUD002500,20240501,P001,BU001,REG001,DEP003,EBITDA,1777318.43,2060728.92,Upside,Original
BUD002501,20240501,P001,BU001,REG001,DEP003,Cash Inflow,7333846.35,8710963.21,Upside,Original
BUD002502,20240501,P001,BU001,REG001,DEP003,Cash Outflow,6405955.66,6866488.83,Upside,Original
BUD002503,20240501,P001,BU001,REG001,DEP001,Revenue,8008279.03,7814253.37,Downside,Original
BUD002504,20240501,P001,BU001,REG001,DEP006,COGS,3853313.7,4046128.06,Downside,Original
BUD002505,20240501,P001,BU001,REG001,DEP002,OPEX,2692213.97,3092027.37,Downside,Original
BUD002506,20240501,P001,BU001,REG001,DEP003,EBITDA,1748398.46,1286907.18,Downside,Original
BUD002507,20240501,P001,BU001,REG001,DEP003,Cash Inflow,7381412.42,6872814.74,Downside,Original
BUD002508,20240501,P001,BU001,REG001,DEP003,Cash Outflow,6497705.92,7342196.04,Downside,Original
BUD002509,20240501,P005,BU002,REG001,DEP001,Revenue,7261184.61,8491774.16,Upside,Original
BUD002510,20240501,P005,BU002,REG001,DEP006,COGS,3730949.17,3651079.89,Upside,Original
BUD002511,20240501,P005,BU002,REG001,DEP005,OPEX,2557454.13,2657285.82,Upside,Original
BUD002512,20240501,P005,BU002,REG001,DEP003,EBITDA,1430219.1,1711745.11,Upside,Original
BUD002513,20240501,P005,BU002,REG001,DEP003,Cash Inflow,7162828.17,8232143.61,Upside,Original
BUD002514,20240501,P005,BU002,REG001,DEP003,Cash Outflow,6123744.62,6612011.36,Upside,Original
BUD002515,20240501,P005,BU002,REG001,DEP001,Revenue,7219864.58,6766735.67,Downside,Original
BUD002516,20240501,P005,BU002,REG001,DEP006,COGS,3439460.65,3730452.82,Downside,Original
BUD002517,20240501,P005,BU002,REG001,DEP005,OPEX,2491325.4,3022693.88,Downside,Original
BUD002518,20240501,P005,BU002,REG001,DEP003,EBITDA,1477596.96,1052135.62,Downside,Original
BUD002519,20240501,P005,BU002,REG001,DEP003,Cash Inflow,6692874.98,6427368.87,Downside,Original
BUD002520,20240501,P005,BU002,REG001,DEP003,Cash Outflow,5787803.33,6623067.24,Downside,Original
BUD002521,20240501,P009,BU003,REG001,DEP001,Revenue,7570304.24,8763289.51,Upside,Original
BUD002522,20240501,P009,BU003,REG001,DEP006,COGS,3379797.71,3363473.69,Upside,Original
BUD002523,20240501,P009,BU003,REG001,DEP005,OPEX,2285991.94,2382644.66,Upside,Original
BUD002524,20240501,P009,BU003,REG001,DEP003,EBITDA,2219771.3,2637658.91,Upside,Original
BUD002525,20240501,P009,BU003,REG001,DEP003,Cash Inflow,7490652.88,8476419.92,Upside,Original
BUD002526,20240501,P009,BU003,REG001,DEP003,Cash Outflow,5292618.9,5818965.49,Upside,Original
BUD002527,20240501,P009,BU003,REG001,DEP001,Revenue,7563372.08,7330661.82,Downside,Original
BUD002528,20240501,P009,BU003,REG001,DEP006,COGS,3525830.05,3295242.52,Downside,Original
BUD002529,20240501,P009,BU003,REG001,DEP005,OPEX,2269628.16,2697931.97,Downside,Original
BUD002530,20240501,P009,BU003,REG001,DEP003,EBITDA,2212488.26,1610961.31,Downside,Original
BUD002531,20240501,P009,BU003,REG001,DEP003,Cash Inflow,7503778.31,6543699.77,Downside,Original
BUD002532,20240501,P009,BU003,REG001,DEP003,Cash Outflow,5359281.94,5988535.47,Downside,Original
BUD002533,20240501,P013,BU004,REG001,DEP001,Revenue,6252608.08,7997038.0,Upside,Original
BUD002534,20240501,P013,BU004,REG001,DEP006,COGS,3092859.54,3042357.44,Upside,Original
BUD002535,20240501,P013,BU004,REG001,DEP005,OPEX,2328277.63,2486065.65,Upside,Original
BUD002536,20240501,P013,BU004,REG001,DEP003,EBITDA,1690407.63,2109695.21,Upside,Original
BUD002537,20240501,P013,BU004,REG001,DEP003,Cash Inflow,6022830.46,7379101.01,Upside,Original
BUD002538,20240501,P013,BU004,REG001,DEP003,Cash Outflow,5064150.63,5508385.33,Upside,Original
BUD002539,20240501,P013,BU004,REG001,DEP001,Revenue,6252608.08,6364233.75,Downside,Original
BUD002540,20240501,P013,BU004,REG001,DEP006,COGS,2892413.94,2953768.8,Downside,Original
BUD002541,20240501,P013,BU004,REG001,DEP005,OPEX,2256246.69,2706412.67,Downside,Original
BUD002542,20240501,P013,BU004,REG001,DEP003,EBITDA,1668420.78,1302702.41,Downside,Original
BUD002543,20240501,P013,BU004,REG001,DEP003,Cash Inflow,6140484.02,5796074.66,Downside,Original
BUD002544,20240501,P013,BU004,REG001,DEP003,Cash Outflow,5310297.73,5670827.9,Downside,Original
BUD002545,20240601,P001,BU001,REG001,DEP001,Revenue,7010315.93,7915848.28,Upside,Original
BUD002546,20240601,P001,BU001,REG001,DEP006,COGS,3583511.17,3696991.53,Upside,Original
BUD002547,20240601,P001,BU001,REG001,DEP002,OPEX,2532789.18,2565316.7,Upside,Original
BUD002548,20240601,P001,BU001,REG001,DEP003,EBITDA,1473048.95,1673423.61,Upside,Original
BUD002549,20240601,P001,BU001,REG001,DEP003,Cash Inflow,6812719.63,7837549.12,Upside,Original
BUD002550,20240601,P001,BU001,REG001,DEP003,Cash Outflow,5823786.27,6069263.46,Upside,Original
BUD002551,20240601,P001,BU001,REG001,DEP001,Revenue,7217788.24,6647426.76,Downside,Original
BUD002552,20240601,P001,BU001,REG001,DEP006,COGS,3745481.24,3606994.47,Downside,Original
BUD002553,20240601,P001,BU001,REG001,DEP002,OPEX,2510695.45,2941353.79,Downside,Original
BUD002554,20240601,P001,BU001,REG001,DEP003,EBITDA,1446895.52,1034999.94,Downside,Original
BUD002555,20240601,P001,BU001,REG001,DEP003,Cash Inflow,6559528.44,6185081.6,Downside,Original
BUD002556,20240601,P001,BU001,REG001,DEP003,Cash Outflow,5775994.13,6409640.77,Downside,Original
BUD002557,20240601,P005,BU002,REG001,DEP001,Revenue,8361443.58,9881589.77,Upside,Original
BUD002558,20240601,P005,BU002,REG001,DEP006,COGS,4121923.66,4459686.54,Upside,Original
BUD002559,20240601,P005,BU002,REG001,DEP005,OPEX,3035197.6,3105500.88,Upside,Original
BUD002560,20240601,P005,BU002,REG001,DEP003,EBITDA,1643704.5,1989373.5,Upside,Original
BUD002561,20240601,P005,BU002,REG001,DEP003,Cash Inflow,8203229.49,9383700.08,Upside,Original
BUD002562,20240601,P005,BU002,REG001,DEP003,Cash Outflow,6949723.43,7624169.17,Upside,Original
BUD002563,20240601,P005,BU002,REG001,DEP001,Revenue,8462309.36,8225042.8,Downside,Original
BUD002564,20240601,P005,BU002,REG001,DEP006,COGS,4317813.37,4341909.88,Downside,Original
BUD002565,20240601,P005,BU002,REG001,DEP005,OPEX,2927666.0,3535722.66,Downside,Original
BUD002566,20240601,P005,BU002,REG001,DEP003,EBITDA,1621202.14,1187459.01,Downside,Original
BUD002567,20240601,P005,BU002,REG001,DEP003,Cash Inflow,8035940.64,7570003.48,Downside,Original
BUD002568,20240601,P005,BU002,REG001,DEP003,Cash Outflow,7254198.72,8065112.66,Downside,Original
BUD002569,20240601,P009,BU003,REG001,DEP001,Revenue,7551466.4,8602811.59,Upside,Original
BUD002570,20240601,P009,BU003,REG001,DEP006,COGS,3306190.47,3411351.43,Upside,Original
BUD002571,20240601,P009,BU003,REG001,DEP005,OPEX,2367061.61,2595293.09,Upside,Original
BUD002572,20240601,P009,BU003,REG001,DEP003,EBITDA,2242151.23,2612983.59,Upside,Original
BUD002573,20240601,P009,BU003,REG001,DEP003,Cash Inflow,7545463.39,8329034.32,Upside,Original
BUD002574,20240601,P009,BU003,REG001,DEP003,Cash Outflow,5417211.53,5876223.6,Upside,Original
BUD002575,20240601,P009,BU003,REG001,DEP001,Revenue,7614496.83,7484340.71,Downside,Original
BUD002576,20240601,P009,BU003,REG001,DEP006,COGS,3174471.2,3507460.9,Downside,Original
BUD002577,20240601,P009,BU003,REG001,DEP005,OPEX,2410870.2,2889852.64,Downside,Original
BUD002578,20240601,P009,BU003,REG001,DEP003,EBITDA,2274111.8,1575438.73,Downside,Original
BUD002579,20240601,P009,BU003,REG001,DEP003,Cash Inflow,7388799.57,6726704.84,Downside,Original
BUD002580,20240601,P009,BU003,REG001,DEP003,Cash Outflow,5738108.93,6184948.81,Downside,Original
BUD002581,20240601,P013,BU004,REG001,DEP001,Revenue,5568584.77,6812799.74,Upside,Original
BUD002582,20240601,P013,BU004,REG001,DEP006,COGS,2688843.93,2735139.99,Upside,Original
BUD002583,20240601,P013,BU004,REG001,DEP005,OPEX,2098242.65,2207847.86,Upside,Original
BUD002584,20240601,P013,BU004,REG001,DEP003,EBITDA,1468452.31,1801117.21,Upside,Original
BUD002585,20240601,P013,BU004,REG001,DEP003,Cash Inflow,5489364.5,7015554.35,Upside,Original
BUD002586,20240601,P013,BU004,REG001,DEP003,Cash Outflow,4540638.07,4961544.31,Upside,Original
BUD002587,20240601,P013,BU004,REG001,DEP001,Revenue,5568584.77,5819727.57,Downside,Original
BUD002588,20240601,P013,BU004,REG001,DEP006,COGS,2533427.59,2757334.28,Downside,Original
BUD002589,20240601,P013,BU004,REG001,DEP005,OPEX,2067132.33,2519783.33,Downside,Original
BUD002590,20240601,P013,BU004,REG001,DEP003,EBITDA,1448245.44,1086593.45,Downside,Original
BUD002591,20240601,P013,BU004,REG001,DEP003,Cash Inflow,5395333.26,5395186.01,Downside,Original
BUD002592,20240601,P013,BU004,REG001,DEP003,Cash Outflow,4696916.55,5072760.87,Downside,Original
BUD002593,20240701,P001,BU001,REG001,DEP001,Revenue,6410383.95,7469200.61,Upside,Original
BUD002594,20240701,P001,BU001,REG001,DEP006,COGS,2888502.58,3236336.03,Upside,Original
BUD002595,20240701,P001,BU001,REG001,DEP002,OPEX,2136675.34,2180714.89,Upside,Original
BUD002596,20240701,P001,BU001,REG001,DEP003,EBITDA,1405718.41,1673078.27,Upside,Original
BUD002597,20240701,P001,BU001,REG001,DEP003,Cash Inflow,6226000.58,6838136.78,Upside,Original
BUD002598,20240701,P001,BU001,REG001,DEP003,Cash Outflow,5037637.01,5477643.94,Upside,Original
BUD002599,20240701,P001,BU001,REG001,DEP001,Revenue,6304131.06,5976561.65,Downside,Original
BUD002600,20240701,P001,BU001,REG001,DEP006,COGS,3157315.11,3259174.76,Downside,Original
BUD002601,20240701,P001,BU001,REG001,DEP002,OPEX,2126426.3,2463054.8,Downside,Original
BUD002602,20240701,P001,BU001,REG001,DEP003,EBITDA,1383961.18,1007007.66,Downside,Original
BUD002603,20240701,P001,BU001,REG001,DEP003,Cash Inflow,5864332.15,5543721.49,Downside,Original
BUD002604,20240701,P001,BU001,REG001,DEP003,Cash Outflow,5312123.08,5698075.47,Downside,Original
BUD002605,20240701,P005,BU002,REG001,DEP001,Revenue,7677150.86,9019602.14,Upside,Original
BUD002606,20240701,P005,BU002,REG001,DEP006,COGS,3467356.46,3926539.89,Upside,Original
BUD002607,20240701,P005,BU002,REG001,DEP005,OPEX,2798248.71,2865047.84,Upside,Original
BUD002608,20240701,P005,BU002,REG001,DEP003,EBITDA,1649543.9,1891093.08,Upside,Original
BUD002609,20240701,P005,BU002,REG001,DEP003,Cash Inflow,7497564.16,8880045.19,Upside,Original
BUD002610,20240701,P005,BU002,REG001,DEP003,Cash Outflow,6202118.97,6898312.01,Upside,Original
BUD002611,20240701,P005,BU002,REG001,DEP001,Revenue,7600264.64,7531965.23,Downside,Original
BUD002612,20240701,P005,BU002,REG001,DEP006,COGS,3601699.61,3907213.94,Downside,Original
BUD002613,20240701,P005,BU002,REG001,DEP005,OPEX,2779497.66,3269536.52,Downside,Original
BUD002614,20240701,P005,BU002,REG001,DEP003,EBITDA,1605550.72,1198402.29,Downside,Original
BUD002615,20240701,P005,BU002,REG001,DEP003,Cash Inflow,7751462.49,7032615.49,Downside,Original
BUD002616,20240701,P005,BU002,REG001,DEP003,Cash Outflow,6463391.38,7262066.0,Downside,Original
BUD002617,20240701,P009,BU003,REG001,DEP001,Revenue,6620375.45,7666470.91,Upside,Original
BUD002618,20240701,P009,BU003,REG001,DEP006,COGS,2764656.85,3122647.58,Upside,Original
BUD002619,20240701,P009,BU003,REG001,DEP005,OPEX,2216824.33,2354954.33,Upside,Original
BUD002620,20240701,P009,BU003,REG001,DEP003,EBITDA,1764766.21,2025846.31,Upside,Original
BUD002621,20240701,P009,BU003,REG001,DEP003,Cash Inflow,6570860.87,7293800.05,Upside,Original
BUD002622,20240701,P009,BU003,REG001,DEP003,Cash Outflow,4897787.08,5420289.76,Upside,Original
BUD002623,20240701,P009,BU003,REG001,DEP001,Revenue,6589831.99,6254317.39,Downside,Original
BUD002624,20240701,P009,BU003,REG001,DEP006,COGS,2805775.98,3077775.29,Downside,Original
BUD002625,20240701,P009,BU003,REG001,DEP005,OPEX,2233868.84,2702035.83,Downside,Original
BUD002626,20240701,P009,BU003,REG001,DEP003,EBITDA,1766994.29,1296246.09,Downside,Original
BUD002627,20240701,P009,BU003,REG001,DEP003,Cash Inflow,6304552.38,5890762.97,Downside,Original
BUD002628,20240701,P009,BU003,REG001,DEP003,Cash Outflow,4837484.76,5647709.94,Downside,Original
BUD002629,20240701,P013,BU004,REG001,DEP001,Revenue,6117228.1,7646164.15,Upside,Original
BUD002630,20240701,P013,BU004,REG001,DEP006,COGS,2599057.76,2960276.7,Upside,Original
BUD002631,20240701,P013,BU004,REG001,DEP005,OPEX,2294240.01,2356885.16,Upside,Original
BUD002632,20240701,P013,BU004,REG001,DEP003,EBITDA,1753832.67,2158299.68,Upside,Original
BUD002633,20240701,P013,BU004,REG001,DEP003,Cash Inflow,5770990.09,7284929.59,Upside,Original
BUD002634,20240701,P013,BU004,REG001,DEP003,Cash Outflow,4790426.0,5381681.25,Upside,Original
BUD002635,20240701,P013,BU004,REG001,DEP001,Revenue,6117228.1,6206283.69,Downside,Original
BUD002636,20240701,P013,BU004,REG001,DEP006,COGS,2720433.6,2966705.47,Downside,Original
BUD002637,20240701,P013,BU004,REG001,DEP005,OPEX,2286368.88,2594465.95,Downside,Original
BUD002638,20240701,P013,BU004,REG001,DEP003,EBITDA,1719676.25,1335841.73,Downside,Original
BUD002639,20240701,P013,BU004,REG001,DEP003,Cash Inflow,5863187.67,5723778.15,Downside,Original
BUD002640,20240701,P013,BU004,REG001,DEP003,Cash Outflow,4765049.31,5636715.76,Downside,Original
BUD002641,20240801,P001,BU001,REG001,DEP001,Revenue,6616325.52,7429505.29,Upside,Original
BUD002642,20240801,P001,BU001,REG001,DEP006,COGS,3497394.95,3431913.3,Upside,Original
BUD002643,20240801,P001,BU001,REG001,DEP002,OPEX,2230796.15,2289585.62,Upside,Original
BUD002644,20240801,P001,BU001,REG001,DEP003,EBITDA,1536260.75,1768220.04,Upside,Original
BUD002645,20240801,P001,BU001,REG001,DEP003,Cash Inflow,6335568.83,7650164.92,Upside,Original
BUD002646,20240801,P001,BU001,REG001,DEP003,Cash Outflow,5292363.08,5690648.28,Upside,Original
BUD002647,20240801,P001,BU001,REG001,DEP001,Revenue,6762988.68,6187837.86,Downside,Original
BUD002648,20240801,P001,BU001,REG001,DEP006,COGS,2987446.97,3329780.49,Downside,Original
BUD002649,20240801,P001,BU001,REG001,DEP002,OPEX,2233189.42,2611323.79,Downside,Original
BUD002650,20240801,P001,BU001,REG001,DEP003,EBITDA,1502430.93,1101550.06,Downside,Original
BUD002651,20240801,P001,BU001,REG001,DEP003,Cash Inflow,6258645.24,5979586.82,Downside,Original
BUD002652,20240801,P001,BU001,REG001,DEP003,Cash Outflow,5091767.43,5857203.86,Downside,Original
BUD002653,20240801,P005,BU002,REG001,DEP001,Revenue,7097685.57,8539904.63,Upside,Original
BUD002654,20240801,P005,BU002,REG001,DEP006,COGS,3605424.93,3744520.56,Upside,Original
BUD002655,20240801,P005,BU002,REG001,DEP005,OPEX,2640039.33,2774700.05,Upside,Original
BUD002656,20240801,P005,BU002,REG001,DEP003,EBITDA,1419734.67,1718224.7,Upside,Original
BUD002657,20240801,P005,BU002,REG001,DEP003,Cash Inflow,6649848.1,8237252.92,Upside,Original
BUD002658,20240801,P005,BU002,REG001,DEP003,Cash Outflow,6018509.74,6629349.21,Upside,Original
BUD002659,20240801,P005,BU002,REG001,DEP001,Revenue,7275638.18,6926578.13,Downside,Original
BUD002660,20240801,P005,BU002,REG001,DEP006,COGS,3302972.65,3717930.91,Downside,Original
BUD002661,20240801,P005,BU002,REG001,DEP005,OPEX,2647343.29,3106791.92,Downside,Original
BUD002662,20240801,P005,BU002,REG001,DEP003,EBITDA,1397411.86,1012289.13,Downside,Original
BUD002663,20240801,P005,BU002,REG001,DEP003,Cash Inflow,7099119.18,6408220.62,Downside,Original
BUD002664,20240801,P005,BU002,REG001,DEP003,Cash Outflow,5749353.12,6747156.53,Downside,Original
BUD002665,20240801,P009,BU003,REG001,DEP001,Revenue,6915025.95,7968544.08,Upside,Original
BUD002666,20240801,P009,BU003,REG001,DEP006,COGS,3005216.9,3200659.11,Upside,Original
BUD002667,20240801,P009,BU003,REG001,DEP005,OPEX,2311318.3,2414691.35,Upside,Original
BUD002668,20240801,P009,BU003,REG001,DEP003,EBITDA,1889637.72,2116963.15,Upside,Original
BUD002669,20240801,P009,BU003,REG001,DEP003,Cash Inflow,6538935.57,7772424.0,Upside,Original
BUD002670,20240801,P009,BU003,REG001,DEP003,Cash Outflow,5363288.78,5595006.88,Upside,Original
BUD002671,20240801,P009,BU003,REG001,DEP001,Revenue,6899751.11,6800405.12,Downside,Original
BUD002672,20240801,P009,BU003,REG001,DEP006,COGS,2843308.32,3098234.11,Downside,Original
BUD002673,20240801,P009,BU003,REG001,DEP005,OPEX,2295890.14,2681446.05,Downside,Original
BUD002674,20240801,P009,BU003,REG001,DEP003,EBITDA,1829362.19,1352048.29,Downside,Original
BUD002675,20240801,P009,BU003,REG001,DEP003,Cash Inflow,6629573.54,6243534.68,Downside,Original
BUD002676,20240801,P009,BU003,REG001,DEP003,Cash Outflow,5213840.37,6072664.43,Downside,Original
BUD002677,20240801,P013,BU004,REG001,DEP001,Revenue,6588586.99,8137601.15,Upside,Original
BUD002678,20240801,P013,BU004,REG001,DEP006,COGS,2960417.43,3281253.22,Upside,Original
BUD002679,20240801,P013,BU004,REG001,DEP005,OPEX,2156848.95,2260922.89,Upside,Original
BUD002680,20240801,P013,BU004,REG001,DEP003,EBITDA,2029540.64,2511316.7,Upside,Original
BUD002681,20240801,P013,BU004,REG001,DEP003,Cash Inflow,6289873.33,7768341.94,Upside,Original
BUD002682,20240801,P013,BU004,REG001,DEP003,Cash Outflow,5003520.31,5298434.76,Upside,Original
BUD002683,20240801,P013,BU004,REG001,DEP001,Revenue,6588586.99,6838116.65,Downside,Original
BUD002684,20240801,P013,BU004,REG001,DEP006,COGS,3269887.86,3234150.94,Downside,Original
BUD002685,20240801,P013,BU004,REG001,DEP005,OPEX,2129627.1,2499225.35,Downside,Original
BUD002686,20240801,P013,BU004,REG001,DEP003,EBITDA,2060258.19,1584131.29,Downside,Original
BUD002687,20240801,P013,BU004,REG001,DEP003,Cash Inflow,6382352.88,6278481.02,Downside,Original
BUD002688,20240801,P013,BU004,REG001,DEP003,Cash Outflow,4984383.08,5609502.03,Downside,Original
BUD002689,20240901,P001,BU001,REG001,DEP001,Revenue,7471670.5,8561043.13,Upside,Original
BUD002690,20240901,P001,BU001,REG001,DEP006,COGS,3509635.77,3909140.78,Upside,Original
BUD002691,20240901,P001,BU001,REG001,DEP002,OPEX,2339015.82,2460185.25,Upside,Original
BUD002692,20240901,P001,BU001,REG001,DEP003,EBITDA,1899147.34,2159717.26,Upside,Original
BUD002693,20240901,P001,BU001,REG001,DEP003,Cash Inflow,7285226.92,8140272.01,Upside,Original
BUD002694,20240901,P001,BU001,REG001,DEP003,Cash Outflow,5779920.57,6390556.88,Upside,Original
BUD002695,20240901,P001,BU001,REG001,DEP001,Revenue,7536852.85,7144200.31,Downside,Original
BUD002696,20240901,P001,BU001,REG001,DEP006,COGS,3731538.59,3916293.18,Downside,Original
BUD002697,20240901,P001,BU001,REG001,DEP002,OPEX,2312337.85,2717359.19,Downside,Original
BUD002698,20240901,P001,BU001,REG001,DEP003,EBITDA,1861265.03,1315888.07,Downside,Original
BUD002699,20240901,P001,BU001,REG001,DEP003,Cash Inflow,6972044.97,6424024.77,Downside,Original
BUD002700,20240901,P001,BU001,REG001,DEP003,Cash Outflow,5903324.45,6744507.4,Downside,Original
BUD002701,20240901,P005,BU002,REG001,DEP001,Revenue,8295344.64,9878873.87,Upside,Original
BUD002702,20240901,P005,BU002,REG001,DEP006,COGS,4113007.28,4379279.78,Upside,Original
BUD002703,20240901,P005,BU002,REG001,DEP005,OPEX,3028213.98,3131543.38,Upside,Original
BUD002704,20240901,P005,BU002,REG001,DEP003,EBITDA,1778962.93,2083642.83,Upside,Original
BUD002705,20240901,P005,BU002,REG001,DEP003,Cash Inflow,8201361.19,9062101.68,Upside,Original
BUD002706,20240901,P005,BU002,REG001,DEP003,Cash Outflow,6768908.73,7297641.25,Upside,Original
BUD002707,20240901,P005,BU002,REG001,DEP001,Revenue,8252537.39,8152683.06,Downside,Original
BUD002708,20240901,P005,BU002,REG001,DEP006,COGS,4361996.62,4201351.47,Downside,Original
BUD002709,20240901,P005,BU002,REG001,DEP005,OPEX,2953084.99,3463366.82,Downside,Original
BUD002710,20240901,P005,BU002,REG001,DEP003,EBITDA,1779198.31,1290607.87,Downside,Original
BUD002711,20240901,P005,BU002,REG001,DEP003,Cash Inflow,7853868.88,7535571.6,Downside,Original
BUD002712,20240901,P005,BU002,REG001,DEP003,Cash Outflow,7012962.13,7681699.89,Downside,Original
BUD002713,20240901,P009,BU003,REG001,DEP001,Revenue,6524730.62,7690118.48,Upside,Original
BUD002714,20240901,P009,BU003,REG001,DEP006,COGS,3103942.44,3031059.8,Upside,Original
BUD002715,20240901,P009,BU003,REG001,DEP005,OPEX,2136906.36,2233921.42,Upside,Original
BUD002716,20240901,P009,BU003,REG001,DEP003,EBITDA,1799211.71,2076824.29,Upside,Original
BUD002717,20240901,P009,BU003,REG001,DEP003,Cash Inflow,6202300.21,7325901.38,Upside,Original
BUD002718,20240901,P009,BU003,REG001,DEP003,Cash Outflow,4776067.13,5286601.12,Upside,Original
BUD002719,20240901,P009,BU003,REG001,DEP001,Revenue,6479378.87,6360147.63,Downside,Original
BUD002720,20240901,P009,BU003,REG001,DEP006,COGS,2814324.23,3051705.31,Downside,Original
BUD002721,20240901,P009,BU003,REG001,DEP005,OPEX,2086686.84,2536427.62,Downside,Original
BUD002722,20240901,P009,BU003,REG001,DEP003,EBITDA,1818580.75,1272589.15,Downside,Original
BUD002723,20240901,P009,BU003,REG001,DEP003,Cash Inflow,6506318.09,5851945.64,Downside,Original
BUD002724,20240901,P009,BU003,REG001,DEP003,Cash Outflow,4822518.0,5522137.44,Downside,Original
BUD002725,20240901,P013,BU004,REG001,DEP001,Revenue,6155320.25,7459913.51,Upside,Original
BUD002726,20240901,P013,BU004,REG001,DEP006,COGS,2936696.82,2991239.8,Upside,Original
BUD002727,20240901,P013,BU004,REG001,DEP005,OPEX,2390863.78,2566670.43,Upside,Original
BUD002728,20240901,P013,BU004,REG001,DEP003,EBITDA,1473430.36,1859448.94,Upside,Original
BUD002729,20240901,P013,BU004,REG001,DEP003,Cash Inflow,6039768.02,7436641.11,Upside,Original
BUD002730,20240901,P013,BU004,REG001,DEP003,Cash Outflow,5159930.99,5436409.2,Upside,Original
BUD002731,20240901,P013,BU004,REG001,DEP001,Revenue,6155320.25,6251197.89,Downside,Original
BUD002732,20240901,P013,BU004,REG001,DEP006,COGS,2887207.16,2966831.05,Downside,Original
BUD002733,20240901,P013,BU004,REG001,DEP005,OPEX,2438932.49,2921733.22,Downside,Original
BUD002734,20240901,P013,BU004,REG001,DEP003,EBITDA,1483493.94,1095187.11,Downside,Original
BUD002735,20240901,P013,BU004,REG001,DEP003,Cash Inflow,5801062.66,5624595.33,Downside,Original
BUD002736,20240901,P013,BU004,REG001,DEP003,Cash Outflow,5325019.19,5867995.43,Downside,Original
BUD002737,20241001,P001,BU001,REG001,DEP001,Revenue,7936618.39,8961103.43,Upside,Original
BUD002738,20241001,P001,BU001,REG001,DEP006,COGS,4030742.49,3948302.92,Upside,Original
BUD002739,20241001,P001,BU001,REG001,DEP002,OPEX,2558089.8,2624368.07,Upside,Original
BUD002740,20241001,P001,BU001,REG001,DEP003,EBITDA,1803779.93,2197169.38,Upside,Original
BUD002741,20241001,P001,BU001,REG001,DEP003,Cash Inflow,7466213.18,8769625.33,Upside,Original
BUD002742,20241001,P001,BU001,REG001,DEP003,Cash Outflow,6078554.5,6474843.81,Upside,Original
BUD002743,20241001,P001,BU001,REG001,DEP001,Revenue,7978056.58,7459017.16,Downside,Original
BUD002744,20241001,P001,BU001,REG001,DEP006,COGS,4109959.82,4090305.49,Downside,Original
BUD002745,20241001,P001,BU001,REG001,DEP002,OPEX,2518453.09,2905101.97,Downside,Original
BUD002746,20241001,P001,BU001,REG001,DEP003,EBITDA,1792741.86,1312430.42,Downside,Original
BUD002747,20241001,P001,BU001,REG001,DEP003,Cash Inflow,7855313.38,7047351.37,Downside,Original
BUD002748,20241001,P001,BU001,REG001,DEP003,Cash Outflow,6258337.59,6696280.13,Downside,Original
BUD002749,20241001,P005,BU002,REG001,DEP001,Revenue,8058821.49,9299126.98,Upside,Original
BUD002750,20241001,P005,BU002,REG001,DEP006,COGS,3891812.5,4153093.66,Upside,Original
BUD002751,20241001,P005,BU002,REG001,DEP005,OPEX,2870455.86,3035816.86,Upside,Original
BUD002752,20241001,P005,BU002,REG001,DEP003,EBITDA,1717224.42,2087890.63,Upside,Original
BUD002753,20241001,P005,BU002,REG001,DEP003,Cash Inflow,7910831.68,9221835.1,Upside,Original
BUD002754,20241001,P005,BU002,REG001,DEP003,Cash Outflow,6545574.82,7286314.95,Upside,Original
BUD002755,20241001,P005,BU002,REG001,DEP001,Revenue,8173334.1,7743062.3,Downside,Original
BUD002756,20241001,P005,BU002,REG001,DEP006,COGS,3985527.59,4154696.64,Downside,Original
BUD002757,20241001,P005,BU002,REG001,DEP005,OPEX,2844249.1,3340817.99,Downside,Original
BUD002758,20241001,P005,BU002,REG001,DEP003,EBITDA,1701070.79,1219941.33,Downside,Original
BUD002759,20241001,P005,BU002,REG001,DEP003,Cash Inflow,7500495.22,7287399.62,Downside,Original
BUD002760,20241001,P005,BU002,REG001,DEP003,Cash Outflow,6559076.95,7760743.36,Downside,Original
BUD002761,20241001,P009,BU003,REG001,DEP001,Revenue,7259767.26,8537529.91,Upside,Original
BUD002762,20241001,P009,BU003,REG001,DEP006,COGS,3384473.11,3379979.46,Upside,Original
BUD002763,20241001,P009,BU003,REG001,DEP005,OPEX,2211912.42,2330692.58,Upside,Original
BUD002764,20241001,P009,BU003,REG001,DEP003,EBITDA,2169728.65,2515878.9,Upside,Original
BUD002765,20241001,P009,BU003,REG001,DEP003,Cash Inflow,7110640.93,8278603.22,Upside,Original
BUD002766,20241001,P009,BU003,REG001,DEP003,Cash Outflow,5468859.03,5647828.39,Upside,Original
BUD002767,20241001,P009,BU003,REG001,DEP001,Revenue,7202892.06,7024121.28,Downside,Original
BUD002768,20241001,P009,BU003,REG001,DEP006,COGS,3407900.08,3282394.08,Downside,Original
BUD002769,20241001,P009,BU003,REG001,DEP005,OPEX,2234105.03,2654880.44,Downside,Original
BUD002770,20241001,P009,BU003,REG001,DEP003,EBITDA,2171021.98,1535993.23,Downside,Original
BUD002771,20241001,P009,BU003,REG001,DEP003,Cash Inflow,7284408.37,6455767.64,Downside,Original
BUD002772,20241001,P009,BU003,REG001,DEP003,Cash Outflow,5546531.17,6004605.51,Downside,Original
BUD002773,20241001,P013,BU004,REG001,DEP001,Revenue,5356245.71,6790657.55,Upside,Original
BUD002774,20241001,P013,BU004,REG001,DEP006,COGS,2660604.17,2661973.71,Upside,Original
BUD002775,20241001,P013,BU004,REG001,DEP005,OPEX,1908130.26,1996101.5,Upside,Original
BUD002776,20241001,P013,BU004,REG001,DEP003,EBITDA,1385206.1,1772351.24,Upside,Original
BUD002777,20241001,P013,BU004,REG001,DEP003,Cash Inflow,5379981.06,6493637.13,Upside,Original
BUD002778,20241001,P013,BU004,REG001,DEP003,Cash Outflow,4309414.92,4768032.4,Upside,Original
BUD002779,20241001,P013,BU004,REG001,DEP001,Revenue,5356245.71,5394329.2,Downside,Original
BUD002780,20241001,P013,BU004,REG001,DEP006,COGS,2409716.31,2611949.26,Downside,Original
BUD002781,20241001,P013,BU004,REG001,DEP005,OPEX,1917194.11,2346456.87,Downside,Original
BUD002782,20241001,P013,BU004,REG001,DEP003,EBITDA,1408711.16,1059104.88,Downside,Original
BUD002783,20241001,P013,BU004,REG001,DEP003,Cash Inflow,5143782.97,5180440.88,Downside,Original
BUD002784,20241001,P013,BU004,REG001,DEP003,Cash Outflow,4428428.64,4889408.05,Downside,Original
BUD002785,20241101,P001,BU001,REG001,DEP001,Revenue,9524922.96,11254351.85,Upside,Original
BUD002786,20241101,P001,BU001,REG001,DEP006,COGS,4871086.06,4755558.6,Upside,Original
BUD002787,20241101,P001,BU001,REG001,DEP002,OPEX,3212151.43,3151410.18,Upside,Original
BUD002788,20241101,P001,BU001,REG001,DEP003,EBITDA,2254309.76,2654037.43,Upside,Original
BUD002789,20241101,P001,BU001,REG001,DEP003,Cash Inflow,9195037.71,10549156.24,Upside,Original
BUD002790,20241101,P001,BU001,REG001,DEP003,Cash Outflow,7943753.85,8222465.45,Upside,Original
BUD002791,20241101,P001,BU001,REG001,DEP001,Revenue,9494299.8,9065384.18,Downside,Original
BUD002792,20241101,P001,BU001,REG001,DEP006,COGS,4510280.26,4866883.48,Downside,Original
BUD002793,20241101,P001,BU001,REG001,DEP002,OPEX,3143506.96,3611341.45,Downside,Original
BUD002794,20241101,P001,BU001,REG001,DEP003,EBITDA,2238679.2,1601312.57,Downside,Original
BUD002795,20241101,P001,BU001,REG001,DEP003,Cash Inflow,8832178.74,8223147.98,Downside,Original
BUD002796,20241101,P001,BU001,REG001,DEP003,Cash Outflow,7560991.37,8670492.64,Downside,Original
BUD002797,20241101,P005,BU002,REG001,DEP001,Revenue,10138380.22,11637843.06,Upside,Original
BUD002798,20241101,P005,BU002,REG001,DEP006,COGS,4659060.06,5188467.76,Upside,Original
BUD002799,20241101,P005,BU002,REG001,DEP005,OPEX,3676658.47,3836580.56,Upside,Original
BUD002800,20241101,P005,BU002,REG001,DEP003,EBITDA,2070428.81,2423912.02,Upside,Original
BUD002801,20241101,P005,BU002,REG001,DEP003,Cash Inflow,9647276.69,11100892.59,Upside,Original
BUD002802,20241101,P005,BU002,REG001,DEP003,Cash Outflow,8126350.14,9050522.25,Upside,Original
BUD002803,20241101,P005,BU002,REG001,DEP001,Revenue,9919055.4,10012723.49,Downside,Original
BUD002804,20241101,P005,BU002,REG001,DEP006,COGS,4695166.46,5167203.7,Downside,Original
BUD002805,20241101,P005,BU002,REG001,DEP005,OPEX,3690052.74,4343582.13,Downside,Original
BUD002806,20241101,P005,BU002,REG001,DEP003,EBITDA,2133600.39,1548070.08,Downside,Original
BUD002807,20241101,P005,BU002,REG001,DEP003,Cash Inflow,10194231.62,8878520.37,Downside,Original
BUD002808,20241101,P005,BU002,REG001,DEP003,Cash Outflow,8029159.11,9523614.74,Downside,Original
BUD002809,20241101,P009,BU003,REG001,DEP001,Revenue,10323504.33,11452639.99,Upside,Original
BUD002810,20241101,P009,BU003,REG001,DEP006,COGS,4213735.19,4658983.03,Upside,Original
BUD002811,20241101,P009,BU003,REG001,DEP005,OPEX,3241819.97,3303087.68,Upside,Original
BUD002812,20241101,P009,BU003,REG001,DEP003,EBITDA,2996241.26,3377699.97,Upside,Original
BUD002813,20241101,P009,BU003,REG001,DEP003,Cash Inflow,9479231.6,11362917.19,Upside,Original
BUD002814,20241101,P009,BU003,REG001,DEP003,Cash Outflow,7550204.25,8178362.06,Upside,Original
BUD002815,20241101,P009,BU003,REG001,DEP001,Revenue,10298300.21,9514093.97,Downside,Original
BUD002816,20241101,P009,BU003,REG001,DEP006,COGS,4575342.5,4652102.82,Downside,Original
BUD002817,20241101,P009,BU003,REG001,DEP005,OPEX,3168952.09,3676727.75,Downside,Original
BUD002818,20241101,P009,BU003,REG001,DEP003,EBITDA,2956644.67,2110446.43,Downside,Original
BUD002819,20241101,P009,BU003,REG001,DEP003,Cash Inflow,10272893.49,8737267.31,Downside,Original
BUD002820,20241101,P009,BU003,REG001,DEP003,Cash Outflow,7096431.69,8125662.76,Downside,Original
BUD002821,20241101,P013,BU004,REG001,DEP001,Revenue,6301328.21,7646384.12,Upside,Original
BUD002822,20241101,P013,BU004,REG001,DEP006,COGS,2866537.64,3025532.59,Upside,Original
BUD002823,20241101,P013,BU004,REG001,DEP005,OPEX,2349742.46,2426609.22,Upside,Original
BUD002824,20241101,P013,BU004,REG001,DEP003,EBITDA,1667682.32,2054100.64,Upside,Original
BUD002825,20241101,P013,BU004,REG001,DEP003,Cash Inflow,6105482.02,7400998.46,Upside,Original
BUD002826,20241101,P013,BU004,REG001,DEP003,Cash Outflow,4930657.32,5558739.47,Upside,Original
BUD002827,20241101,P013,BU004,REG001,DEP001,Revenue,6301328.21,6695846.79,Downside,Original
BUD002828,20241101,P013,BU004,REG001,DEP006,COGS,2981721.33,3060859.85,Downside,Original
BUD002829,20241101,P013,BU004,REG001,DEP005,OPEX,2289037.74,2765467.61,Downside,Original
BUD002830,20241101,P013,BU004,REG001,DEP003,EBITDA,1683015.77,1307084.53,Downside,Original
BUD002831,20241101,P013,BU004,REG001,DEP003,Cash Inflow,6051237.08,5967294.89,Downside,Original
BUD002832,20241101,P013,BU004,REG001,DEP003,Cash Outflow,5187573.29,5616751.51,Downside,Original
BUD002833,20241201,P001,BU001,REG001,DEP001,Revenue,10724903.76,12005775.16,Upside,Original
BUD002834,20241201,P001,BU001,REG001,DEP006,COGS,5250793.47,5569352.48,Upside,Original
BUD002835,20241201,P001,BU001,REG001,DEP002,OPEX,3595398.45,3604186.82,Upside,Original
BUD002836,20241201,P001,BU001,REG001,DEP003,EBITDA,2379191.27,2818362.65,Upside,Original
BUD002837,20241201,P001,BU001,REG001,DEP003,Cash Inflow,9696573.3,12022398.24,Upside,Original
BUD002838,20241201,P001,BU001,REG001,DEP003,Cash Outflow,8470549.99,8938425.16,Upside,Original
BUD002839,20241201,P001,BU001,REG001,DEP001,Revenue,10512460.98,10073753.49,Downside,Original
BUD002840,20241201,P001,BU001,REG001,DEP006,COGS,5194137.55,5504900.75,Downside,Original
BUD002841,20241201,P001,BU001,REG001,DEP002,OPEX,3457107.39,4061676.74,Downside,Original
BUD002842,20241201,P001,BU001,REG001,DEP003,EBITDA,2303632.32,1656340.13,Downside,Original
BUD002843,20241201,P001,BU001,REG001,DEP003,Cash Inflow,10202514.72,9010358.64,Downside,Original
BUD002844,20241201,P001,BU001,REG001,DEP003,Cash Outflow,8526621.65,9631304.37,Downside,Original
BUD002845,20241201,P005,BU002,REG001,DEP001,Revenue,11716267.43,13371910.58,Upside,Original
BUD002846,20241201,P005,BU002,REG001,DEP006,COGS,6180087.84,5993689.08,Upside,Original
BUD002847,20241201,P005,BU002,REG001,DEP005,OPEX,3747333.59,4134516.63,Upside,Original
BUD002848,20241201,P005,BU002,REG001,DEP003,EBITDA,2692704.16,3088455.13,Upside,Original
BUD002849,20241201,P005,BU002,REG001,DEP003,Cash Inflow,10945086.71,13103651.83,Upside,Original
BUD002850,20241201,P005,BU002,REG001,DEP003,Cash Outflow,9248779.47,9872780.37,Upside,Original
BUD002851,20241201,P005,BU002,REG001,DEP001,Revenue,11546689.65,11140247.68,Downside,Original
BUD002852,20241201,P005,BU002,REG001,DEP006,COGS,5464486.35,5762849.46,Downside,Original
BUD002853,20241201,P005,BU002,REG001,DEP005,OPEX,3951742.14,4611869.15,Downside,Original
BUD002854,20241201,P005,BU002,REG001,DEP003,EBITDA,2695992.19,1968727.77,Downside,Original
BUD002855,20241201,P005,BU002,REG001,DEP003,Cash Inflow,11369413.85,10683241.17,Downside,Original
BUD002856,20241201,P005,BU002,REG001,DEP003,Cash Outflow,9086711.48,10783034.83,Downside,Original
BUD002857,20241201,P009,BU003,REG001,DEP001,Revenue,9440153.99,10957448.99,Upside,Original
BUD002858,20241201,P009,BU003,REG001,DEP006,COGS,4119472.46,4412178.65,Upside,Original
BUD002859,20241201,P009,BU003,REG001,DEP005,OPEX,3164703.34,3346968.58,Upside,Original
BUD002860,20241201,P009,BU003,REG001,DEP003,EBITDA,2500792.0,2947945.67,Upside,Original
BUD002861,20241201,P009,BU003,REG001,DEP003,Cash Inflow,9045942.88,10143643.28,Upside,Original
BUD002862,20241201,P009,BU003,REG001,DEP003,Cash Outflow,6907329.16,7805605.95,Upside,Original
BUD002863,20241201,P009,BU003,REG001,DEP001,Revenue,9573568.05,9042150.76,Downside,Original
BUD002864,20241201,P009,BU003,REG001,DEP006,COGS,4491775.14,4192140.23,Downside,Original
BUD002865,20241201,P009,BU003,REG001,DEP005,OPEX,3199473.39,3698702.17,Downside,Original
BUD002866,20241201,P009,BU003,REG001,DEP003,EBITDA,2520810.83,1775256.75,Downside,Original
BUD002867,20241201,P009,BU003,REG001,DEP003,Cash Inflow,9007465.95,8008728.41,Downside,Original
BUD002868,20241201,P009,BU003,REG001,DEP003,Cash Outflow,7189742.16,8123362.16,Downside,Original
BUD002869,20241201,P013,BU004,REG001,DEP001,Revenue,7155594.58,9131950.8,Upside,Original
BUD002870,20241201,P013,BU004,REG001,DEP006,COGS,3449779.91,3445534.79,Upside,Original
BUD002871,20241201,P013,BU004,REG001,DEP005,OPEX,2682625.14,2761861.86,Upside,Original
BUD002872,20241201,P013,BU004,REG001,DEP003,EBITDA,1851830.26,2304263.59,Upside,Original
BUD002873,20241201,P013,BU004,REG001,DEP003,Cash Inflow,6874004.96,8873425.46,Upside,Original
BUD002874,20241201,P013,BU004,REG001,DEP003,Cash Outflow,5871457.8,6485626.66,Upside,Original
BUD002875,20241201,P013,BU004,REG001,DEP001,Revenue,7155594.58,7413067.82,Downside,Original
BUD002876,20241201,P013,BU004,REG001,DEP006,COGS,3131945.51,3541789.29,Downside,Original
BUD002877,20241201,P013,BU004,REG001,DEP005,OPEX,2752506.35,3285839.13,Downside,Original
BUD002878,20241201,P013,BU004,REG001,DEP003,EBITDA,1813378.33,1411173.08,Downside,Original
BUD002879,20241201,P013,BU004,REG001,DEP003,Cash Inflow,6874004.96,6749787.7,Downside,Original
BUD002880,20241201,P013,BU004,REG001,DEP003,Cash Outflow,5707482.26,6595388.77,Downside,Original
BUD002881,20250101,P001,BU001,REG001,DEP001,Revenue,7582743.01,8621153.05,Upside,Original
BUD002882,20250101,P001,BU001,REG001,DEP006,COGS,3975319.85,3806339.29,Upside,Original
BUD002883,20250101,P001,BU001,REG001,DEP002,OPEX,2548983.05,2640515.64,Upside,Original
BUD002884,20250101,P001,BU001,REG001,DEP003,EBITDA,1710261.81,1984776.82,Upside,Original
BUD002885,20250101,P001,BU001,REG001,DEP003,Cash Inflow,7223845.67,8560224.22,Upside,Original
BUD002886,20250101,P001,BU001,REG001,DEP003,Cash Outflow,6096895.89,6652551.31,Upside,Original
BUD002887,20250101,P001,BU001,REG001,DEP001,Revenue,7757307.53,7271735.3,Downside,Original
BUD002888,20250101,P001,BU001,REG001,DEP006,COGS,3954129.3,3842012.75,Downside,Original
BUD002889,20250101,P001,BU001,REG001,DEP002,OPEX,2526533.74,2913142.73,Downside,Original
BUD002890,20250101,P001,BU001,REG001,DEP003,EBITDA,1673476.52,1198949.75,Downside,Original
BUD002891,20250101,P001,BU001,REG001,DEP003,Cash Inflow,7246630.59,6810490.82,Downside,Original
BUD002892,20250101,P001,BU001,REG001,DEP003,Cash Outflow,6097338.18,6971499.51,Downside,Original
BUD002893,20250101,P005,BU002,REG001,DEP001,Revenue,9186439.88,11014999.54,Upside,Original
BUD002894,20250101,P005,BU002,REG001,DEP006,COGS,4493261.83,4796174.68,Upside,Original
BUD002895,20250101,P005,BU002,REG001,DEP005,OPEX,3260976.5,3547023.79,Upside,Original
BUD002896,20250101,P005,BU002,REG001,DEP003,EBITDA,1850450.82,2169135.6,Upside,Original
BUD002897,20250101,P005,BU002,REG001,DEP003,Cash Inflow,8969521.68,10314577.02,Upside,Original
BUD002898,20250101,P005,BU002,REG001,DEP003,Cash Outflow,7748133.1,8127116.31,Upside,Original
BUD002899,20250101,P005,BU002,REG001,DEP001,Revenue,9268465.01,9250890.55,Downside,Original
BUD002900,20250101,P005,BU002,REG001,DEP006,COGS,4578614.72,4952562.61,Downside,Original
BUD002901,20250101,P005,BU002,REG001,DEP005,OPEX,3396821.51,3967252.89,Downside,Original
BUD002902,20250101,P005,BU002,REG001,DEP003,EBITDA,1821966.65,1340413.78,Downside,Original
BUD002903,20250101,P005,BU002,REG001,DEP003,Cash Inflow,9093925.61,8262583.94,Downside,Original
BUD002904,20250101,P005,BU002,REG001,DEP003,Cash Outflow,7580463.03,8912519.93,Downside,Original
BUD002905,20250101,P009,BU003,REG001,DEP001,Revenue,9740000.45,11102696.28,Upside,Original
BUD002906,20250101,P009,BU003,REG001,DEP006,COGS,4476356.66,4555632.17,Upside,Original
BUD002907,20250101,P009,BU003,REG001,DEP005,OPEX,3290189.49,3498851.72,Upside,Original
BUD002908,20250101,P009,BU003,REG001,DEP003,EBITDA,2668129.94,3091510.47,Upside,Original
BUD002909,20250101,P009,BU003,REG001,DEP003,Cash Inflow,9937535.12,11380089.16,Upside,Original
BUD002910,20250101,P009,BU003,REG001,DEP003,Cash Outflow,7560141.74,8072415.35,Upside,Original
BUD002911,20250101,P009,BU003,REG001,DEP001,Revenue,10023809.44,9535573.36,Downside,Original
BUD002912,20250101,P009,BU003,REG001,DEP006,COGS,4317944.3,4408640.25,Downside,Original
BUD002913,20250101,P009,BU003,REG001,DEP005,OPEX,3344231.55,3888440.1,Downside,Original
BUD002914,20250101,P009,BU003,REG001,DEP003,EBITDA,2651052.01,1900044.65,Downside,Original
BUD002915,20250101,P009,BU003,REG001,DEP003,Cash Inflow,9455562.72,8992619.76,Downside,Original
BUD002916,20250101,P009,BU003,REG001,DEP003,Cash Outflow,7385135.46,8137992.01,Downside,Original
BUD002917,20250101,P013,BU004,REG001,DEP001,Revenue,5841858.51,7112104.11,Upside,Original
BUD002918,20250101,P013,BU004,REG001,DEP006,COGS,2712964.08,2837468.01,Upside,Original
BUD002919,20250101,P013,BU004,REG001,DEP005,OPEX,2175332.21,2309659.73,Upside,Original
BUD002920,20250101,P013,BU004,REG001,DEP003,EBITDA,1547333.35,1956568.14,Upside,Original
BUD002921,20250101,P013,BU004,REG001,DEP003,Cash Inflow,5687139.9,7145742.97,Upside,Original
BUD002922,20250101,P013,BU004,REG001,DEP003,Cash Outflow,4802968.88,5137395.32,Upside,Original
BUD002923,20250101,P013,BU004,REG001,DEP001,Revenue,5841858.51,6051070.29,Downside,Original
BUD002924,20250101,P013,BU004,REG001,DEP006,COGS,2861290.78,2875830.0,Downside,Original
BUD002925,20250101,P013,BU004,REG001,DEP005,OPEX,2087321.4,2532314.19,Downside,Original
BUD002926,20250101,P013,BU004,REG001,DEP003,EBITDA,1571418.31,1170654.88,Downside,Original
BUD002927,20250101,P013,BU004,REG001,DEP003,Cash Inflow,5534699.36,5498140.05,Downside,Original
BUD002928,20250101,P013,BU004,REG001,DEP003,Cash Outflow,4562868.49,5436253.08,Downside,Original
BUD002929,20250201,P001,BU001,REG001,DEP001,Revenue,7305314.25,8633968.05,Upside,Original
BUD002930,20250201,P001,BU001,REG001,DEP006,COGS,3453896.91,3854476.42,Upside,Original
BUD002931,20250201,P001,BU001,REG001,DEP002,OPEX,2480868.89,2556954.39,Upside,Original
BUD002932,20250201,P001,BU001,REG001,DEP003,EBITDA,1679780.24,1999370.31,Upside,Original
BUD002933,20250201,P001,BU001,REG001,DEP003,Cash Inflow,6765848.46,8188350.13,Upside,Original
BUD002934,20250201,P001,BU001,REG001,DEP003,Cash Outflow,5916228.57,6384316.82,Upside,Original
BUD002935,20250201,P001,BU001,REG001,DEP001,Revenue,7507008.59,7276502.99,Downside,Original
BUD002936,20250201,P001,BU001,REG001,DEP006,COGS,3699204.41,3672873.57,Downside,Original
BUD002937,20250201,P001,BU001,REG001,DEP002,OPEX,2409085.63,2836540.21,Downside,Original
BUD002938,20250201,P001,BU001,REG001,DEP003,EBITDA,1651724.52,1191182.79,Downside,Original
BUD002939,20250201,P001,BU001,REG001,DEP003,Cash Inflow,6801767.05,6257992.84,Downside,Original
BUD002940,20250201,P001,BU001,REG001,DEP003,Cash Outflow,5840051.74,6696315.68,Downside,Original
BUD002941,20250201,P005,BU002,REG001,DEP001,Revenue,9785167.92,11132820.6,Upside,Original
BUD002942,20250201,P005,BU002,REG001,DEP006,COGS,4856389.17,4918428.48,Upside,Original
BUD002943,20250201,P005,BU002,REG001,DEP005,OPEX,3514140.95,3771574.02,Upside,Original
BUD002944,20250201,P005,BU002,REG001,DEP003,EBITDA,1834840.45,2142502.76,Upside,Original
BUD002945,20250201,P005,BU002,REG001,DEP003,Cash Inflow,9229954.15,11355404.75,Upside,Original
BUD002946,20250201,P005,BU002,REG001,DEP003,Cash Outflow,7992435.87,9089174.31,Upside,Original
BUD002947,20250201,P005,BU002,REG001,DEP001,Revenue,9689416.46,9477172.09,Downside,Original
BUD002948,20250201,P005,BU002,REG001,DEP006,COGS,4812028.66,5094640.13,Downside,Original
BUD002949,20250201,P005,BU002,REG001,DEP005,OPEX,3577875.65,4156425.06,Downside,Original
BUD002950,20250201,P005,BU002,REG001,DEP003,EBITDA,1837890.02,1342126.13,Downside,Original
BUD002951,20250201,P005,BU002,REG001,DEP003,Cash Inflow,9571442.99,9004743.16,Downside,Original
BUD002952,20250201,P005,BU002,REG001,DEP003,Cash Outflow,8506734.24,9422101.91,Downside,Original
BUD002953,20250201,P009,BU003,REG001,DEP001,Revenue,7166348.75,7929385.87,Upside,Original
BUD002954,20250201,P009,BU003,REG001,DEP006,COGS,3058741.93,3177234.52,Upside,Original
BUD002955,20250201,P009,BU003,REG001,DEP005,OPEX,2214848.82,2375302.47,Upside,Original
BUD002956,20250201,P009,BU003,REG001,DEP003,EBITDA,2007711.38,2388995.96,Upside,Original
BUD002957,20250201,P009,BU003,REG001,DEP003,Cash Inflow,7041001.25,7637750.04,Upside,Original
BUD002958,20250201,P009,BU003,REG001,DEP003,Cash Outflow,5311433.09,5485486.54,Upside,Original
BUD002959,20250201,P009,BU003,REG001,DEP001,Revenue,7166558.72,6842745.68,Downside,Original
BUD002960,20250201,P009,BU003,REG001,DEP006,COGS,2978702.44,3271390.29,Downside,Original
BUD002961,20250201,P009,BU003,REG001,DEP005,OPEX,2218765.72,2699645.47,Downside,Original
BUD002962,20250201,P009,BU003,REG001,DEP003,EBITDA,2001264.51,1422966.22,Downside,Original
BUD002963,20250201,P009,BU003,REG001,DEP003,Cash Inflow,7060261.85,6144714.08,Downside,Original
BUD002964,20250201,P009,BU003,REG001,DEP003,Cash Outflow,5308600.24,5908240.72,Downside,Original
BUD002965,20250201,P013,BU004,REG001,DEP001,Revenue,5562545.32,6829824.67,Upside,Original
BUD002966,20250201,P013,BU004,REG001,DEP006,COGS,2718710.64,2754237.95,Upside,Original
BUD002967,20250201,P013,BU004,REG001,DEP005,OPEX,2084028.12,2249498.58,Upside,Original
BUD002968,20250201,P013,BU004,REG001,DEP003,EBITDA,1415407.46,1733208.89,Upside,Original
BUD002969,20250201,P013,BU004,REG001,DEP003,Cash Inflow,5268202.09,6594716.68,Upside,Original
BUD002970,20250201,P013,BU004,REG001,DEP003,Cash Outflow,4606227.43,5019221.0,Upside,Original
BUD002971,20250201,P013,BU004,REG001,DEP001,Revenue,5562545.32,5726104.77,Downside,Original
BUD002972,20250201,P013,BU004,REG001,DEP006,COGS,2496861.44,2695860.04,Downside,Original
BUD002973,20250201,P013,BU004,REG001,DEP005,OPEX,2170723.45,2473189.75,Downside,Original
BUD002974,20250201,P013,BU004,REG001,DEP003,EBITDA,1446097.39,1063181.68,Downside,Original
BUD002975,20250201,P013,BU004,REG001,DEP003,Cash Inflow,5268202.09,5304278.41,Downside,Original
BUD002976,20250201,P013,BU004,REG001,DEP003,Cash Outflow,4436633.48,5294116.33,Downside,Original
BUD002977,20250301,P001,BU001,REG001,DEP001,Revenue,7704194.7,9016817.21,Upside,Original
BUD002978,20250301,P001,BU001,REG001,DEP006,COGS,4069864.84,4062078.12,Upside,Original
BUD002979,20250301,P001,BU001,REG001,DEP002,OPEX,2593303.46,2684086.9,Upside,Original
BUD002980,20250301,P001,BU001,REG001,DEP003,EBITDA,1778632.7,2099168.47,Upside,Original
BUD002981,20250301,P001,BU001,REG001,DEP003,Cash Inflow,7542968.65,8784655.13,Upside,Original
BUD002982,20250301,P001,BU001,REG001,DEP003,Cash Outflow,6407222.96,6663855.93,Upside,Original
BUD002983,20250301,P001,BU001,REG001,DEP001,Revenue,7829063.97,7401375.56,Downside,Original
BUD002984,20250301,P001,BU001,REG001,DEP006,COGS,3785292.62,3820675.65,Downside,Original
BUD002985,20250301,P001,BU001,REG001,DEP002,OPEX,2624102.58,3050074.88,Downside,Original
BUD002986,20250301,P001,BU001,REG001,DEP003,EBITDA,1731778.38,1259332.93,Downside,Original
BUD002987,20250301,P001,BU001,REG001,DEP003,Cash Inflow,7443337.44,6831131.57,Downside,Original
BUD002988,20250301,P001,BU001,REG001,DEP003,Cash Outflow,6170517.26,7144781.81,Downside,Original
BUD002989,20250301,P005,BU002,REG001,DEP001,Revenue,8959250.64,10267344.5,Upside,Original
BUD002990,20250301,P005,BU002,REG001,DEP006,COGS,4677737.63,4782634.65,Upside,Original
BUD002991,20250301,P005,BU002,REG001,DEP005,OPEX,3295924.24,3314022.1,Upside,Original
BUD002992,20250301,P005,BU002,REG001,DEP003,EBITDA,1730549.77,2026896.71,Upside,Original
BUD002993,20250301,P005,BU002,REG001,DEP003,Cash Inflow,8316607.02,10083706.62,Upside,Original
BUD002994,20250301,P005,BU002,REG001,DEP003,Cash Outflow,7711230.02,7962563.93,Upside,Original
BUD002995,20250301,P005,BU002,REG001,DEP001,Revenue,9081376.35,8865112.17,Downside,Original
BUD002996,20250301,P005,BU002,REG001,DEP006,COGS,4604248.28,4646420.32,Downside,Original
BUD002997,20250301,P005,BU002,REG001,DEP005,OPEX,3217659.63,3863255.33,Downside,Original
BUD002998,20250301,P005,BU002,REG001,DEP003,EBITDA,1702741.47,1236426.02,Downside,Original
BUD002999,20250301,P005,BU002,REG001,DEP003,Cash Inflow,8376691.08,8170356.36,Downside,Original
BUD003000,20250301,P005,BU002,REG001,DEP003,Cash Outflow,7504918.55,8607378.0,Downside,Original
BUD003001,20250301,P009,BU003,REG001,DEP001,Revenue,11622611.73,13429047.58,Upside,Original
BUD003002,20250301,P009,BU003,REG001,DEP006,COGS,5345145.49,5090768.88,Upside,Original
BUD003003,20250301,P009,BU003,REG001,DEP005,OPEX,3611760.91,3788287.99,Upside,Original
BUD003004,20250301,P009,BU003,REG001,DEP003,EBITDA,3163640.54,3682430.43,Upside,Original
BUD003005,20250301,P009,BU003,REG001,DEP003,Cash Inflow,10843559.64,12596253.15,Upside,Original
BUD003006,20250301,P009,BU003,REG001,DEP003,Cash Outflow,8318001.99,9404737.55,Upside,Original
BUD003007,20250301,P009,BU003,REG001,DEP001,Revenue,11454818.7,10760176.28,Downside,Original
BUD003008,20250301,P009,BU003,REG001,DEP006,COGS,5076386.42,5085778.76,Downside,Original
BUD003009,20250301,P009,BU003,REG001,DEP005,OPEX,3718524.82,4336085.09,Downside,Original
BUD003010,20250301,P009,BU003,REG001,DEP003,EBITDA,3131619.69,2249899.11,Downside,Original
BUD003011,20250301,P009,BU003,REG001,DEP003,Cash Inflow,11257236.53,9855589.22,Downside,Original
BUD003012,20250301,P009,BU003,REG001,DEP003,Cash Outflow,8416456.16,9307146.28,Downside,Original
BUD003013,20250301,P013,BU004,REG001,DEP001,Revenue,6328255.93,7791314.33,Upside,Original
BUD003014,20250301,P013,BU004,REG001,DEP006,COGS,2954679.52,3145924.93,Upside,Original
BUD003015,20250301,P013,BU004,REG001,DEP005,OPEX,2445429.04,2506382.41,Upside,Original
BUD003016,20250301,P013,BU004,REG001,DEP003,EBITDA,1631882.26,2114347.57,Upside,Original
BUD003017,20250301,P013,BU004,REG001,DEP003,Cash Inflow,6342605.23,7676927.59,Upside,Original
BUD003018,20250301,P013,BU004,REG001,DEP003,Cash Outflow,5059374.85,5719383.0,Upside,Original
BUD003019,20250301,P013,BU004,REG001,DEP001,Revenue,6328255.93,6670598.29,Downside,Original
BUD003020,20250301,P013,BU004,REG001,DEP006,COGS,2780012.03,3049882.4,Downside,Original
BUD003021,20250301,P013,BU004,REG001,DEP005,OPEX,2356403.61,2873147.49,Downside,Original
BUD003022,20250301,P013,BU004,REG001,DEP003,EBITDA,1663930.98,1294422.16,Downside,Original
BUD003023,20250301,P013,BU004,REG001,DEP003,Cash Inflow,6057851.01,6157511.62,Downside,Original
BUD003024,20250301,P013,BU004,REG001,DEP003,Cash Outflow,5106840.81,5854574.94,Downside,Original
BUD003025,20250401,P001,BU001,REG001,DEP001,Revenue,9713531.14,11095612.82,Upside,Original
BUD003026,20250401,P001,BU001,REG001,DEP006,COGS,4471270.81,4809576.83,Upside,Original
BUD003027,20250401,P001,BU001,REG001,DEP002,OPEX,3263234.32,3434203.73,Upside,Original
BUD003028,20250401,P001,BU001,REG001,DEP003,EBITDA,2079560.31,2425623.95,Upside,Original
BUD003029,20250401,P001,BU001,REG001,DEP003,Cash Inflow,9738887.36,10524481.96,Upside,Original
BUD003030,20250401,P001,BU001,REG001,DEP003,Cash Outflow,7635779.37,8627421.6,Upside,Original
BUD003031,20250401,P001,BU001,REG001,DEP001,Revenue,9797545.17,9094528.76,Downside,Original
BUD003032,20250401,P001,BU001,REG001,DEP006,COGS,4872383.09,4864187.08,Downside,Original
BUD003033,20250401,P001,BU001,REG001,DEP002,OPEX,3308144.51,3792230.32,Downside,Original
BUD003034,20250401,P001,BU001,REG001,DEP003,EBITDA,2092286.21,1558771.77,Downside,Original
BUD003035,20250401,P001,BU001,REG001,DEP003,Cash Inflow,9515980.2,8626345.42,Downside,Original
BUD003036,20250401,P001,BU001,REG001,DEP003,Cash Outflow,8057439.0,9049842.93,Downside,Original
BUD003037,20250401,P005,BU002,REG001,DEP001,Revenue,9632084.47,11286262.95,Upside,Original
BUD003038,20250401,P005,BU002,REG001,DEP006,COGS,4517403.36,4996189.65,Upside,Original
BUD003039,20250401,P005,BU002,REG001,DEP005,OPEX,3605671.3,3672516.1,Upside,Original
BUD003040,20250401,P005,BU002,REG001,DEP003,EBITDA,1813435.08,2105010.01,Upside,Original
BUD003041,20250401,P005,BU002,REG001,DEP003,Cash Inflow,9000418.83,11132004.03,Upside,Original
BUD003042,20250401,P005,BU002,REG001,DEP003,Cash Outflow,7892725.62,8932062.87,Upside,Original
BUD003043,20250401,P005,BU002,REG001,DEP001,Revenue,9708041.74,9476330.57,Downside,Original
BUD003044,20250401,P005,BU002,REG001,DEP006,COGS,4473191.02,4859290.39,Downside,Original
BUD003045,20250401,P005,BU002,REG001,DEP005,OPEX,3560866.06,4318872.82,Downside,Original
BUD003046,20250401,P005,BU002,REG001,DEP003,EBITDA,1826975.02,1336235.36,Downside,Original
BUD003047,20250401,P005,BU002,REG001,DEP003,Cash Inflow,9268900.2,8672062.51,Downside,Original
BUD003048,20250401,P005,BU002,REG001,DEP003,Cash Outflow,8400721.08,9183067.14,Downside,Original
BUD003049,20250401,P009,BU003,REG001,DEP001,Revenue,9567691.5,11034505.54,Upside,Original
BUD003050,20250401,P009,BU003,REG001,DEP006,COGS,4050336.31,4529981.3,Upside,Original
BUD003051,20250401,P009,BU003,REG001,DEP005,OPEX,3219423.02,3445041.73,Upside,Original
BUD003052,20250401,P009,BU003,REG001,DEP003,EBITDA,2578902.92,2973540.11,Upside,Original
BUD003053,20250401,P009,BU003,REG001,DEP003,Cash Inflow,9038881.43,10548694.58,Upside,Original
BUD003054,20250401,P009,BU003,REG001,DEP003,Cash Outflow,7346164.8,8004769.72,Upside,Original
BUD003055,20250401,P009,BU003,REG001,DEP001,Revenue,9644441.33,9401735.37,Downside,Original
BUD003056,20250401,P009,BU003,REG001,DEP006,COGS,4223014.37,4476227.98,Downside,Original
BUD003057,20250401,P009,BU003,REG001,DEP005,OPEX,3183981.71,3719615.62,Downside,Original
BUD003058,20250401,P009,BU003,REG001,DEP003,EBITDA,2605262.31,1776569.87,Downside,Original
BUD003059,20250401,P009,BU003,REG001,DEP003,Cash Inflow,9625522.0,8292625.19,Downside,Original
BUD003060,20250401,P009,BU003,REG001,DEP003,Cash Outflow,7503104.38,8402723.92,Downside,Original
BUD003061,20250401,P013,BU004,REG001,DEP001,Revenue,8620834.1,10691843.29,Upside,Original
BUD003062,20250401,P013,BU004,REG001,DEP006,COGS,4377742.71,4345785.89,Upside,Original
BUD003063,20250401,P013,BU004,REG001,DEP005,OPEX,2844925.4,3113041.48,Upside,Original
BUD003064,20250401,P013,BU004,REG001,DEP003,EBITDA,2547683.13,3187509.53,Upside,Original
BUD003065,20250401,P013,BU004,REG001,DEP003,Cash Inflow,8415152.12,10452645.85,Upside,Original
BUD003066,20250401,P013,BU004,REG001,DEP003,Cash Outflow,6861446.14,7647936.48,Upside,Original
BUD003067,20250401,P013,BU004,REG001,DEP001,Revenue,8620834.1,9028779.77,Downside,Original
BUD003068,20250401,P013,BU004,REG001,DEP006,COGS,4324265.47,4210396.87,Downside,Original
BUD003069,20250401,P013,BU004,REG001,DEP005,OPEX,2892614.97,3440875.86,Downside,Original
BUD003070,20250401,P013,BU004,REG001,DEP003,EBITDA,2538055.22,1899096.06,Downside,Original
BUD003071,20250401,P013,BU004,REG001,DEP003,Cash Inflow,8137292.24,7930726.69,Downside,Original
BUD003072,20250401,P013,BU004,REG001,DEP003,Cash Outflow,7037674.07,7755758.29,Downside,Original
BUD003073,20250501,P001,BU001,REG001,DEP001,Revenue,7796616.35,8792958.98,Upside,Original
BUD003074,20250501,P001,BU001,REG001,DEP006,COGS,3753522.6,3899186.78,Upside,Original
BUD003075,20250501,P001,BU001,REG001,DEP002,OPEX,2737935.58,2707304.17,Upside,Original
BUD003076,20250501,P001,BU001,REG001,DEP003,EBITDA,1664036.44,1973853.69,Upside,Original
BUD003077,20250501,P001,BU001,REG001,DEP003,Cash Inflow,7652362.86,8302048.99,Upside,Original
BUD003078,20250501,P001,BU001,REG001,DEP003,Cash Outflow,6497240.28,6907058.92,Upside,Original
BUD003079,20250501,P001,BU001,REG001,DEP001,Revenue,7810951.06,7602096.67,Downside,Original
BUD003080,20250501,P001,BU001,REG001,DEP006,COGS,3803344.46,3782921.15,Downside,Original
BUD003081,20250501,P001,BU001,REG001,DEP002,OPEX,2663720.34,3185320.77,Downside,Original
BUD003082,20250501,P001,BU001,REG001,DEP003,EBITDA,1642807.68,1181031.89,Downside,Original
BUD003083,20250501,P001,BU001,REG001,DEP003,Cash Inflow,7164382.07,6692196.87,Downside,Original
BUD003084,20250501,P001,BU001,REG001,DEP003,Cash Outflow,6544535.91,7286753.84,Downside,Original
BUD003085,20250501,P005,BU002,REG001,DEP001,Revenue,10748148.91,12448771.72,Upside,Original
BUD003086,20250501,P005,BU002,REG001,DEP006,COGS,4955233.69,5626273.35,Upside,Original
BUD003087,20250501,P005,BU002,REG001,DEP005,OPEX,3760349.34,4125759.26,Upside,Original
BUD003088,20250501,P005,BU002,REG001,DEP003,EBITDA,2277525.15,2631471.26,Upside,Original
BUD003089,20250501,P005,BU002,REG001,DEP003,Cash Inflow,10920266.55,12486495.87,Upside,Original
BUD003090,20250501,P005,BU002,REG001,DEP003,Cash Outflow,8835478.34,9636688.31,Upside,Original
BUD003091,20250501,P005,BU002,REG001,DEP001,Revenue,10898305.2,10659868.96,Downside,Original
BUD003092,20250501,P005,BU002,REG001,DEP006,COGS,5350080.94,5590790.18,Downside,Original
BUD003093,20250501,P005,BU002,REG001,DEP005,OPEX,3830490.56,4482240.4,Downside,Original
BUD003094,20250501,P005,BU002,REG001,DEP003,EBITDA,2304090.67,1682616.13,Downside,Original
BUD003095,20250501,P005,BU002,REG001,DEP003,Cash Inflow,10557340.2,9780031.13,Downside,Original
BUD003096,20250501,P005,BU002,REG001,DEP003,Cash Outflow,9260836.64,10471923.67,Downside,Original
BUD003097,20250501,P009,BU003,REG001,DEP001,Revenue,9674090.36,11510587.33,Upside,Original
BUD003098,20250501,P009,BU003,REG001,DEP006,COGS,4457374.68,4378531.87,Upside,Original
BUD003099,20250501,P009,BU003,REG001,DEP005,OPEX,3260500.27,3465692.8,Upside,Original
BUD003100,20250501,P009,BU003,REG001,DEP003,EBITDA,2731843.25,3060071.15,Upside,Original
BUD003101,20250501,P009,BU003,REG001,DEP003,Cash Inflow,9335003.52,11022415.26,Upside,Original
BUD003102,20250501,P009,BU003,REG001,DEP003,Cash Outflow,6997610.31,8063484.87,Upside,Original
BUD003103,20250501,P009,BU003,REG001,DEP001,Revenue,9852058.72,9126145.94,Downside,Original
BUD003104,20250501,P009,BU003,REG001,DEP006,COGS,3977136.8,4428899.33,Downside,Original
BUD003105,20250501,P009,BU003,REG001,DEP005,OPEX,3241584.76,3841643.36,Downside,Original
BUD003106,20250501,P009,BU003,REG001,DEP003,EBITDA,2700454.79,1883933.34,Downside,Original
BUD003107,20250501,P009,BU003,REG001,DEP003,Cash Inflow,9848994.1,8413104.84,Downside,Original
BUD003108,20250501,P009,BU003,REG001,DEP003,Cash Outflow,7397659.81,8457036.09,Downside,Original
BUD003109,20250501,P013,BU004,REG001,DEP001,Revenue,7594848.38,9212047.5,Upside,Original
BUD003110,20250501,P013,BU004,REG001,DEP006,COGS,3594927.52,3814841.26,Upside,Original
BUD003111,20250501,P013,BU004,REG001,DEP005,OPEX,2939636.9,3050028.54,Upside,Original
BUD003112,20250501,P013,BU004,REG001,DEP003,EBITDA,1884848.72,2300764.59,Upside,Original
BUD003113,20250501,P013,BU004,REG001,DEP003,Cash Inflow,7297339.54,9073812.47,Upside,Original
BUD003114,20250501,P013,BU004,REG001,DEP003,Cash Outflow,6508191.53,6700900.63,Upside,Original
BUD003115,20250501,P013,BU004,REG001,DEP001,Revenue,7594848.38,8083986.52,Downside,Original
BUD003116,20250501,P013,BU004,REG001,DEP006,COGS,3814797.21,3869509.14,Downside,Original
BUD003117,20250501,P013,BU004,REG001,DEP005,OPEX,2903502.24,3444693.22,Downside,Original
BUD003118,20250501,P013,BU004,REG001,DEP003,EBITDA,1886950.47,1444092.62,Downside,Original
BUD003119,20250501,P013,BU004,REG001,DEP003,Cash Inflow,7206685.77,7032113.31,Downside,Original
BUD003120,20250501,P013,BU004,REG001,DEP003,Cash Outflow,6287200.38,7088079.88,Downside,Original
BUD003121,20250601,P001,BU001,REG001,DEP001,Revenue,8564481.99,10234244.52,Upside,Original
BUD003122,20250601,P001,BU001,REG001,DEP006,COGS,3905377.38,4403372.01,Upside,Original
BUD003123,20250601,P001,BU001,REG001,DEP002,OPEX,3046146.46,3192416.23,Upside,Original
BUD003124,20250601,P001,BU001,REG001,DEP003,EBITDA,1845942.79,2176333.17,Upside,Original
BUD003125,20250601,P001,BU001,REG001,DEP003,Cash Inflow,7915779.74,9302098.85,Upside,Original
BUD003126,20250601,P001,BU001,REG001,DEP003,Cash Outflow,7203021.53,7502846.69,Upside,Original
BUD003127,20250601,P001,BU001,REG001,DEP001,Revenue,8691546.76,8271722.46,Downside,Original
BUD003128,20250601,P001,BU001,REG001,DEP006,COGS,4202207.83,4283861.11,Downside,Original
BUD003129,20250601,P001,BU001,REG001,DEP002,OPEX,3079839.83,3498169.4,Downside,Original
BUD003130,20250601,P001,BU001,REG001,DEP003,EBITDA,1828955.86,1338152.24,Downside,Original
BUD003131,20250601,P001,BU001,REG001,DEP003,Cash Inflow,8266604.03,7730526.31,Downside,Original
BUD003132,20250601,P001,BU001,REG001,DEP003,Cash Outflow,6960912.57,7708007.88,Downside,Original
BUD003133,20250601,P005,BU002,REG001,DEP001,Revenue,9068229.77,11004214.66,Upside,Original
BUD003134,20250601,P005,BU002,REG001,DEP006,COGS,4605275.95,4701378.74,Upside,Original
BUD003135,20250601,P005,BU002,REG001,DEP005,OPEX,3052020.19,3241265.42,Upside,Original
BUD003136,20250601,P005,BU002,REG001,DEP003,EBITDA,2151088.88,2449410.1,Upside,Original
BUD003137,20250601,P005,BU002,REG001,DEP003,Cash Inflow,9116770.4,10251389.82,Upside,Original
BUD003138,20250601,P005,BU002,REG001,DEP003,Cash Outflow,7489976.34,7915329.11,Upside,Original
BUD003139,20250601,P005,BU002,REG001,DEP001,Revenue,9239500.93,8783322.22,Downside,Original
BUD003140,20250601,P005,BU002,REG001,DEP006,COGS,4776693.55,4656295.42,Downside,Original
BUD003141,20250601,P005,BU002,REG001,DEP005,OPEX,2943952.39,3535470.4,Downside,Original
BUD003142,20250601,P005,BU002,REG001,DEP003,EBITDA,2099868.59,1562416.91,Downside,Original
BUD003143,20250601,P005,BU002,REG001,DEP003,Cash Inflow,9130788.16,8327855.26,Downside,Original
BUD003144,20250601,P005,BU002,REG001,DEP003,Cash Outflow,7496849.81,8342352.28,Downside,Original
BUD003145,20250601,P009,BU003,REG001,DEP001,Revenue,9011743.24,10612571.92,Upside,Original
BUD003146,20250601,P009,BU003,REG001,DEP006,COGS,4227361.7,4126567.62,Upside,Original
BUD003147,20250601,P009,BU003,REG001,DEP005,OPEX,2981037.74,3079438.74,Upside,Original
BUD003148,20250601,P009,BU003,REG001,DEP003,EBITDA,2364898.91,2761042.48,Upside,Original
BUD003149,20250601,P009,BU003,REG001,DEP003,Cash Inflow,8480018.63,10091184.89,Upside,Original
BUD003150,20250601,P009,BU003,REG001,DEP003,Cash Outflow,6604865.92,7078463.71,Upside,Original
BUD003151,20250601,P009,BU003,REG001,DEP001,Revenue,9001695.65,8756362.79,Downside,Original
BUD003152,20250601,P009,BU003,REG001,DEP006,COGS,3871735.79,4218108.1,Downside,Original
BUD003153,20250601,P009,BU003,REG001,DEP005,OPEX,3010774.77,3536469.44,Downside,Original
BUD003154,20250601,P009,BU003,REG001,DEP003,EBITDA,2416685.34,1762256.64,Downside,Original
BUD003155,20250601,P009,BU003,REG001,DEP003,Cash Inflow,8290817.75,7711248.21,Downside,Original
BUD003156,20250601,P009,BU003,REG001,DEP003,Cash Outflow,6489071.0,7511189.22,Downside,Original
BUD003157,20250601,P013,BU004,REG001,DEP001,Revenue,6942482.68,8633335.2,Upside,Original
BUD003158,20250601,P013,BU004,REG001,DEP006,COGS,3165127.95,3345191.77,Upside,Original
BUD003159,20250601,P013,BU004,REG001,DEP005,OPEX,2492792.17,2545191.58,Upside,Original
BUD003160,20250601,P013,BU004,REG001,DEP003,EBITDA,1944747.98,2400448.24,Upside,Original
BUD003161,20250601,P013,BU004,REG001,DEP003,Cash Inflow,6642255.4,8639740.5,Upside,Original
BUD003162,20250601,P013,BU004,REG001,DEP003,Cash Outflow,5663819.56,6154202.09,Upside,Original
BUD003163,20250601,P013,BU004,REG001,DEP001,Revenue,6942482.68,7214504.58,Downside,Original
BUD003164,20250601,P013,BU004,REG001,DEP006,COGS,3367752.36,3396842.96,Downside,Original
BUD003165,20250601,P013,BU004,REG001,DEP005,OPEX,2515766.29,2845270.12,Downside,Original
BUD003166,20250601,P013,BU004,REG001,DEP003,EBITDA,1941513.54,1437225.03,Downside,Original
BUD003167,20250601,P013,BU004,REG001,DEP003,Cash Inflow,6642255.4,6472755.07,Downside,Original
BUD003168,20250601,P013,BU004,REG001,DEP003,Cash Outflow,5487511.11,6535939.61,Downside,Original
BUD003169,20250701,P001,BU001,REG001,DEP001,Revenue,7022556.49,7943076.05,Upside,Original
BUD003170,20250701,P001,BU001,REG001,DEP006,COGS,3612161.36,3604777.33,Upside,Original
BUD003171,20250701,P001,BU001,REG001,DEP002,OPEX,2450844.2,2514621.14,Upside,Original
BUD003172,20250701,P001,BU001,REG001,DEP003,EBITDA,1377998.11,1674027.23,Upside,Original
BUD003173,20250701,P001,BU001,REG001,DEP003,Cash Inflow,6958250.9,7582413.58,Upside,Original
BUD003174,20250701,P001,BU001,REG001,DEP003,Cash Outflow,5506825.23,5990248.09,Upside,Original
BUD003175,20250701,P001,BU001,REG001,DEP001,Revenue,6868077.94,6546754.43,Downside,Original
BUD003176,20250701,P001,BU001,REG001,DEP006,COGS,3239442.91,3421312.25,Downside,Original
BUD003177,20250701,P001,BU001,REG001,DEP002,OPEX,2426649.22,2758112.43,Downside,Original
BUD003178,20250701,P001,BU001,REG001,DEP003,EBITDA,1358769.43,990347.54,Downside,Original
BUD003179,20250701,P001,BU001,REG001,DEP003,Cash Inflow,6484934.92,6076082.51,Downside,Original
BUD003180,20250701,P001,BU001,REG001,DEP003,Cash Outflow,5791451.39,6416175.3,Downside,Original
BUD003181,20250701,P005,BU002,REG001,DEP001,Revenue,10889715.01,12930970.78,Upside,Original
BUD003182,20250701,P005,BU002,REG001,DEP006,COGS,5075099.52,5685568.62,Upside,Original
BUD003183,20250701,P005,BU002,REG001,DEP005,OPEX,4017699.49,4224996.22,Upside,Original
BUD003184,20250701,P005,BU002,REG001,DEP003,EBITDA,2225177.77,2703800.45,Upside,Original
BUD003185,20250701,P005,BU002,REG001,DEP003,Cash Inflow,11019554.47,12112004.77,Upside,Original
BUD003186,20250701,P005,BU002,REG001,DEP003,Cash Outflow,8762897.11,9723732.74,Upside,Original
BUD003187,20250701,P005,BU002,REG001,DEP001,Revenue,11000787.86,10833969.87,Downside,Original
BUD003188,20250701,P005,BU002,REG001,DEP006,COGS,5677804.19,5765663.26,Downside,Original
BUD003189,20250701,P005,BU002,REG001,DEP005,OPEX,4003530.17,4738230.08,Downside,Original
BUD003190,20250701,P005,BU002,REG001,DEP003,EBITDA,2222445.24,1651909.19,Downside,Original
BUD003191,20250701,P005,BU002,REG001,DEP003,Cash Inflow,10617917.64,9817029.93,Downside,Original
BUD003192,20250701,P005,BU002,REG001,DEP003,Cash Outflow,9410951.07,10387808.09,Downside,Original
BUD003193,20250701,P009,BU003,REG001,DEP001,Revenue,10769115.28,12566563.73,Upside,Original
BUD003194,20250701,P009,BU003,REG001,DEP006,COGS,4793490.21,5086773.73,Upside,Original
BUD003195,20250701,P009,BU003,REG001,DEP005,OPEX,3858332.77,3957074.49,Upside,Original
BUD003196,20250701,P009,BU003,REG001,DEP003,EBITDA,2642193.77,3090144.31,Upside,Original
BUD003197,20250701,P009,BU003,REG001,DEP003,Cash Inflow,10461786.36,11946717.28,Upside,Original
BUD003198,20250701,P009,BU003,REG001,DEP003,Cash Outflow,8416333.42,8691599.97,Upside,Original
BUD003199,20250701,P009,BU003,REG001,DEP001,Revenue,10823590.12,10366475.26,Downside,Original
BUD003200,20250701,P009,BU003,REG001,DEP006,COGS,4630701.35,4908645.11,Downside,Original
BUD003201,20250701,P009,BU003,REG001,DEP005,OPEX,3695296.69,4430473.54,Downside,Original
BUD003202,20250701,P009,BU003,REG001,DEP003,EBITDA,2670222.61,1833332.05,Downside,Original
BUD003203,20250701,P009,BU003,REG001,DEP003,Cash Inflow,10624688.12,9389986.63,Downside,Original
BUD003204,20250701,P009,BU003,REG001,DEP003,Cash Outflow,8502951.42,9292661.61,Downside,Original
BUD003205,20250701,P013,BU004,REG001,DEP001,Revenue,8142923.56,9926489.28,Upside,Original
BUD003206,20250701,P013,BU004,REG001,DEP006,COGS,3572684.65,3873143.65,Upside,Original
BUD003207,20250701,P013,BU004,REG001,DEP005,OPEX,3103519.7,3175676.9,Upside,Original
BUD003208,20250701,P013,BU004,REG001,DEP003,EBITDA,2172607.29,2780989.44,Upside,Original
BUD003209,20250701,P013,BU004,REG001,DEP003,Cash Inflow,7607454.42,9578596.96,Upside,Original
BUD003210,20250701,P013,BU004,REG001,DEP003,Cash Outflow,6579746.08,7120860.45,Upside,Original
BUD003211,20250701,P013,BU004,REG001,DEP001,Revenue,8142923.56,8588229.13,Downside,Original
BUD003212,20250701,P013,BU004,REG001,DEP006,COGS,3685667.7,3919849.79,Downside,Original
BUD003213,20250701,P013,BU004,REG001,DEP005,OPEX,2977807.66,3608787.21,Downside,Original
BUD003214,20250701,P013,BU004,REG001,DEP003,EBITDA,2166796.36,1648169.84,Downside,Original
BUD003215,20250701,P013,BU004,REG001,DEP003,Cash Inflow,7607454.42,7678673.46,Downside,Original
BUD003216,20250701,P013,BU004,REG001,DEP003,Cash Outflow,6901266.51,7462056.66,Downside,Original
BUD003217,20250801,P001,BU001,REG001,DEP001,Revenue,7981537.65,9035583.78,Upside,Original
BUD003218,20250801,P001,BU001,REG001,DEP006,COGS,3973201.53,4324287.22,Upside,Original
BUD003219,20250801,P001,BU001,REG001,DEP002,OPEX,2806928.98,2908846.24,Upside,Original
BUD003220,20250801,P001,BU001,REG001,DEP003,EBITDA,1608709.8,1915220.7,Upside,Original
BUD003221,20250801,P001,BU001,REG001,DEP003,Cash Inflow,8095605.96,9177548.46,Upside,Original
BUD003222,20250801,P001,BU001,REG001,DEP003,Cash Outflow,6417931.84,7238597.56,Upside,Original
BUD003223,20250801,P001,BU001,REG001,DEP001,Revenue,8132321.71,7581540.26,Downside,Original
BUD003224,20250801,P001,BU001,REG001,DEP006,COGS,3733157.11,4169306.69,Downside,Original
BUD003225,20250801,P001,BU001,REG001,DEP002,OPEX,2819388.89,3234880.44,Downside,Original
BUD003226,20250801,P001,BU001,REG001,DEP003,EBITDA,1594438.16,1138198.59,Downside,Original
BUD003227,20250801,P001,BU001,REG001,DEP003,Cash Inflow,7857733.87,6952394.43,Downside,Original
BUD003228,20250801,P001,BU001,REG001,DEP003,Cash Outflow,6594621.29,7655494.91,Downside,Original
BUD003229,20250801,P005,BU002,REG001,DEP001,Revenue,7963128.13,9388370.46,Upside,Original
BUD003230,20250801,P005,BU002,REG001,DEP006,COGS,3963620.63,4079720.11,Upside,Original
BUD003231,20250801,P005,BU002,REG001,DEP005,OPEX,2858838.8,3027273.11,Upside,Original
BUD003232,20250801,P005,BU002,REG001,DEP003,EBITDA,1547726.89,1865471.54,Upside,Original
BUD003233,20250801,P005,BU002,REG001,DEP003,Cash Inflow,7528350.69,8643981.49,Upside,Original
BUD003234,20250801,P005,BU002,REG001,DEP003,Cash Outflow,6440225.68,7123190.74,Upside,Original
BUD003235,20250801,P005,BU002,REG001,DEP001,Revenue,7935743.14,7799527.92,Downside,Original
BUD003236,20250801,P005,BU002,REG001,DEP006,COGS,4097526.01,3989856.07,Downside,Original
BUD003237,20250801,P005,BU002,REG001,DEP005,OPEX,2921735.05,3288220.82,Downside,Original
BUD003238,20250801,P005,BU002,REG001,DEP003,EBITDA,1558177.63,1112133.47,Downside,Original
BUD003239,20250801,P005,BU002,REG001,DEP003,Cash Inflow,7742633.11,7031167.06,Downside,Original
BUD003240,20250801,P005,BU002,REG001,DEP003,Cash Outflow,6580111.33,7562953.5,Downside,Original
BUD003241,20250801,P009,BU003,REG001,DEP001,Revenue,8849519.38,9917298.25,Upside,Original
BUD003242,20250801,P009,BU003,REG001,DEP006,COGS,3919264.96,3987971.83,Upside,Original
BUD003243,20250801,P009,BU003,REG001,DEP005,OPEX,2967449.42,3133882.47,Upside,Original
BUD003244,20250801,P009,BU003,REG001,DEP003,EBITDA,2338512.53,2731082.93,Upside,Original
BUD003245,20250801,P009,BU003,REG001,DEP003,Cash Inflow,8174759.35,9640550.84,Upside,Original
BUD003246,20250801,P009,BU003,REG001,DEP003,Cash Outflow,6776408.97,7398330.3,Upside,Original
BUD003247,20250801,P009,BU003,REG001,DEP001,Revenue,8669900.17,8367266.89,Downside,Original
BUD003248,20250801,P009,BU003,REG001,DEP006,COGS,3860579.88,4054698.82,Downside,Original
BUD003249,20250801,P009,BU003,REG001,DEP005,OPEX,2943989.91,3581625.16,Downside,Original
BUD003250,20250801,P009,BU003,REG001,DEP003,EBITDA,2341033.51,1681662.78,Downside,Original
BUD003251,20250801,P009,BU003,REG001,DEP003,Cash Inflow,8224613.66,7899238.28,Downside,Original
BUD003252,20250801,P009,BU003,REG001,DEP003,Cash Outflow,6598429.27,7774716.03,Downside,Original
BUD003253,20250801,P013,BU004,REG001,DEP001,Revenue,8024028.76,9703544.77,Upside,Original
BUD003254,20250801,P013,BU004,REG001,DEP006,COGS,3716874.96,4058232.28,Upside,Original
BUD003255,20250801,P013,BU004,REG001,DEP005,OPEX,2873385.01,2929458.45,Upside,Original
BUD003256,20250801,P013,BU004,REG001,DEP003,EBITDA,2230030.74,2739063.99,Upside,Original
BUD003257,20250801,P013,BU004,REG001,DEP003,Cash Inflow,7934747.1,9579784.19,Upside,Original
BUD003258,20250801,P013,BU004,REG001,DEP003,Cash Outflow,6396693.68,6907427.31,Upside,Original
BUD003259,20250801,P013,BU004,REG001,DEP001,Revenue,8024028.76,8121327.25,Downside,Original
BUD003260,20250801,P013,BU004,REG001,DEP006,COGS,3581533.95,3920549.13,Downside,Original
BUD003261,20250801,P013,BU004,REG001,DEP005,OPEX,2847239.32,3454541.73,Downside,Original
BUD003262,20250801,P013,BU004,REG001,DEP003,EBITDA,2187848.67,1685455.33,Downside,Original
BUD003263,20250801,P013,BU004,REG001,DEP003,Cash Inflow,7616761.0,7583772.94,Downside,Original
BUD003264,20250801,P013,BU004,REG001,DEP003,Cash Outflow,6628763.54,7577514.43,Downside,Original
BUD003265,20250901,P001,BU001,REG001,DEP001,Revenue,9568487.99,10588850.32,Upside,Original
BUD003266,20250901,P001,BU001,REG001,DEP006,COGS,4761868.68,4761159.33,Upside,Original
BUD003267,20250901,P001,BU001,REG001,DEP002,OPEX,3295665.05,3433427.61,Upside,Original
BUD003268,20250901,P001,BU001,REG001,DEP003,EBITDA,1809945.88,2160748.09,Upside,Original
BUD003269,20250901,P001,BU001,REG001,DEP003,Cash Inflow,8756862.91,10448572.58,Upside,Original
BUD003270,20250901,P001,BU001,REG001,DEP003,Cash Outflow,7720146.52,8092496.7,Upside,Original
BUD003271,20250901,P001,BU001,REG001,DEP001,Revenue,9254355.36,9097077.24,Downside,Original
BUD003272,20250901,P001,BU001,REG001,DEP006,COGS,4553603.78,4895053.24,Downside,Original
BUD003273,20250901,P001,BU001,REG001,DEP002,OPEX,3286050.0,3830488.54,Downside,Original
BUD003274,20250901,P001,BU001,REG001,DEP003,EBITDA,1862981.34,1348748.73,Downside,Original
BUD003275,20250901,P001,BU001,REG001,DEP003,Cash Inflow,8927025.79,8436499.34,Downside,Original
BUD003276,20250901,P001,BU001,REG001,DEP003,Cash Outflow,7551578.23,8604600.1,Downside,Original
BUD003277,20250901,P005,BU002,REG001,DEP001,Revenue,9449609.6,10712620.98,Upside,Original
BUD003278,20250901,P005,BU002,REG001,DEP006,COGS,4598772.67,4728474.25,Upside,Original
BUD003279,20250901,P005,BU002,REG001,DEP005,OPEX,3459399.77,3728378.74,Upside,Original
BUD003280,20250901,P005,BU002,REG001,DEP003,EBITDA,1812051.58,2107018.42,Upside,Original
BUD003281,20250901,P005,BU002,REG001,DEP003,Cash Inflow,8734577.19,10465349.06,Upside,Original
BUD003282,20250901,P005,BU002,REG001,DEP003,Cash Outflow,7607107.79,8494878.72,Upside,Original
BUD003283,20250901,P005,BU002,REG001,DEP001,Revenue,9333824.33,9053720.48,Downside,Original
BUD003284,20250901,P005,BU002,REG001,DEP006,COGS,4840466.43,4711097.78,Downside,Original
BUD003285,20250901,P005,BU002,REG001,DEP005,OPEX,3509901.34,4069256.77,Downside,Original
BUD003286,20250901,P005,BU002,REG001,DEP003,EBITDA,1754923.24,1302275.1,Downside,Original
BUD003287,20250901,P005,BU002,REG001,DEP003,Cash Inflow,8927839.0,8470920.76,Downside,Original
BUD003288,20250901,P005,BU002,REG001,DEP003,Cash Outflow,7971488.41,9034434.81,Downside,Original
BUD003289,20250901,P009,BU003,REG001,DEP001,Revenue,10858031.24,11972849.19,Upside,Original
BUD003290,20250901,P009,BU003,REG001,DEP006,COGS,4415164.15,4786539.06,Upside,Original
BUD003291,20250901,P009,BU003,REG001,DEP005,OPEX,3245891.34,3420542.92,Upside,Original
BUD003292,20250901,P009,BU003,REG001,DEP003,EBITDA,3267728.73,3661677.55,Upside,Original
BUD003293,20250901,P009,BU003,REG001,DEP003,Cash Inflow,10312885.42,11615388.77,Upside,Original
BUD003294,20250901,P009,BU003,REG001,DEP003,Cash Outflow,7806975.91,8581867.76,Upside,Original
BUD003295,20250901,P009,BU003,REG001,DEP001,Revenue,10840285.48,10190148.74,Downside,Original
BUD003296,20250901,P009,BU003,REG001,DEP006,COGS,4894017.78,4840094.55,Downside,Original
BUD003297,20250901,P009,BU003,REG001,DEP005,OPEX,3311014.25,3769290.43,Downside,Original
BUD003298,20250901,P009,BU003,REG001,DEP003,EBITDA,3179087.03,2243207.71,Downside,Original
BUD003299,20250901,P009,BU003,REG001,DEP003,Cash Inflow,10508470.01,9651903.64,Downside,Original
BUD003300,20250901,P009,BU003,REG001,DEP003,Cash Outflow,7733974.07,8668140.16,Downside,Original
BUD003301,20250901,P013,BU004,REG001,DEP001,Revenue,7818468.95,9423144.36,Upside,Original
BUD003302,20250901,P013,BU004,REG001,DEP006,COGS,3906939.54,3891814.66,Upside,Original
BUD003303,20250901,P013,BU004,REG001,DEP005,OPEX,2867642.28,3001721.1,Upside,Original
BUD003304,20250901,P013,BU004,REG001,DEP003,EBITDA,2079804.58,2572498.65,Upside,Original
BUD003305,20250901,P013,BU004,REG001,DEP003,Cash Inflow,7542082.75,9367340.05,Upside,Original
BUD003306,20250901,P013,BU004,REG001,DEP003,Cash Outflow,6083523.49,6715468.53,Upside,Original
BUD003307,20250901,P013,BU004,REG001,DEP001,Revenue,7818468.95,8211560.89,Downside,Original
BUD003308,20250901,P013,BU004,REG001,DEP006,COGS,3801470.86,3807092.63,Downside,Original
BUD003309,20250901,P013,BU004,REG001,DEP005,OPEX,2880446.09,3460535.88,Downside,Original
BUD003310,20250901,P013,BU004,REG001,DEP003,EBITDA,2131498.83,1566363.69,Downside,Original
BUD003311,20250901,P013,BU004,REG001,DEP003,Cash Inflow,7588354.76,7567083.74,Downside,Original
BUD003312,20250901,P013,BU004,REG001,DEP003,Cash Outflow,6526889.09,6999970.1,Downside,Original
BUD003313,20251001,P001,BU001,REG001,DEP001,Revenue,8480134.81,9771083.37,Upside,Original
BUD003314,20251001,P001,BU001,REG001,DEP006,COGS,4310071.79,4340436.74,Upside,Original
BUD003315,20251001,P001,BU001,REG001,DEP002,OPEX,3005528.15,3106425.91,Upside,Original
BUD003316,20251001,P001,BU001,REG001,DEP003,EBITDA,1776646.48,2086540.02,Upside,Original
BUD003317,20251001,P001,BU001,REG001,DEP003,Cash Inflow,8334417.46,9530879.41,Upside,Original
BUD003318,20251001,P001,BU001,REG001,DEP003,Cash Outflow,7230101.22,7389009.03,Upside,Original
BUD003319,20251001,P001,BU001,REG001,DEP001,Revenue,8454339.58,7896040.11,Downside,Original
BUD003320,20251001,P001,BU001,REG001,DEP006,COGS,3935788.62,4358564.85,Downside,Original
BUD003321,20251001,P001,BU001,REG001,DEP002,OPEX,2984577.88,3362678.6,Downside,Original
BUD003322,20251001,P001,BU001,REG001,DEP003,EBITDA,1771008.86,1277849.04,Downside,Original
BUD003323,20251001,P001,BU001,REG001,DEP003,Cash Inflow,8391612.64,7600070.71,Downside,Original
BUD003324,20251001,P001,BU001,REG001,DEP003,Cash Outflow,7046637.34,7871525.14,Downside,Original
BUD003325,20251001,P005,BU002,REG001,DEP001,Revenue,11642524.57,13701565.58,Upside,Original
BUD003326,20251001,P005,BU002,REG001,DEP006,COGS,5408276.51,6084826.6,Upside,Original
BUD003327,20251001,P005,BU002,REG001,DEP005,OPEX,3945667.2,4309238.82,Upside,Original
BUD003328,20251001,P005,BU002,REG001,DEP003,EBITDA,2500778.49,2860484.26,Upside,Original
BUD003329,20251001,P005,BU002,REG001,DEP003,Cash Inflow,11573970.97,13463901.29,Upside,Original
BUD003330,20251001,P005,BU002,REG001,DEP003,Cash Outflow,9315127.72,10010278.79,Upside,Original
BUD003331,20251001,P005,BU002,REG001,DEP001,Revenue,11781283.97,11464114.01,Downside,Original
BUD003332,20251001,P005,BU002,REG001,DEP006,COGS,5759846.59,6009402.62,Downside,Original
BUD003333,20251001,P005,BU002,REG001,DEP005,OPEX,3985430.49,4835271.2,Downside,Original
BUD003334,20251001,P005,BU002,REG001,DEP003,EBITDA,2505918.21,1766798.91,Downside,Original
BUD003335,20251001,P005,BU002,REG001,DEP003,Cash Inflow,11525413.69,10590231.97,Downside,Original
BUD003336,20251001,P005,BU002,REG001,DEP003,Cash Outflow,9558017.78,11030331.22,Downside,Original
BUD003337,20251001,P009,BU003,REG001,DEP001,Revenue,11061659.63,13031109.82,Upside,Original
BUD003338,20251001,P009,BU003,REG001,DEP006,COGS,5040424.6,4827244.41,Upside,Original
BUD003339,20251001,P009,BU003,REG001,DEP005,OPEX,3438418.68,3560790.92,Upside,Original
BUD003340,20251001,P009,BU003,REG001,DEP003,EBITDA,3358952.68,4014671.86,Upside,Original
BUD003341,20251001,P009,BU003,REG001,DEP003,Cash Inflow,10758855.94,12421145.99,Upside,Original
BUD003342,20251001,P009,BU003,REG001,DEP003,Cash Outflow,7879589.77,8367484.79,Upside,Original
BUD003343,20251001,P009,BU003,REG001,DEP001,Revenue,10910648.12,10512947.44,Downside,Original
BUD003344,20251001,P009,BU003,REG001,DEP006,COGS,4809410.61,4813468.83,Downside,Original
BUD003345,20251001,P009,BU003,REG001,DEP005,OPEX,3425753.86,3886232.43,Downside,Original
BUD003346,20251001,P009,BU003,REG001,DEP003,EBITDA,3422622.13,2379310.4,Downside,Original
BUD003347,20251001,P009,BU003,REG001,DEP003,Cash Inflow,10245355.37,9652655.37,Downside,Original
BUD003348,20251001,P009,BU003,REG001,DEP003,Cash Outflow,7631089.26,9078147.39,Downside,Original
BUD003349,20251001,P013,BU004,REG001,DEP001,Revenue,7820946.54,10004392.32,Upside,Original
BUD003350,20251001,P013,BU004,REG001,DEP006,COGS,3353159.88,3856244.6,Upside,Original
BUD003351,20251001,P013,BU004,REG001,DEP005,OPEX,2754581.83,2885330.65,Upside,Original
BUD003352,20251001,P013,BU004,REG001,DEP003,EBITDA,2247526.44,2923828.28,Upside,Original
BUD003353,20251001,P013,BU004,REG001,DEP003,Cash Inflow,7452667.33,9342968.85,Upside,Original
BUD003354,20251001,P013,BU004,REG001,DEP003,Cash Outflow,6129701.88,6658937.2,Upside,Original
BUD003355,20251001,P013,BU004,REG001,DEP001,Revenue,7820946.54,8315738.44,Downside,Original
BUD003356,20251001,P013,BU004,REG001,DEP006,COGS,3352256.96,3814545.35,Downside,Original
BUD003357,20251001,P013,BU004,REG001,DEP005,OPEX,2770807.13,3187213.32,Downside,Original
BUD003358,20251001,P013,BU004,REG001,DEP003,EBITDA,2284894.5,1702794.02,Downside,Original
BUD003359,20251001,P013,BU004,REG001,DEP003,Cash Inflow,7496040.15,7544099.01,Downside,Original
BUD003360,20251001,P013,BU004,REG001,DEP003,Cash Outflow,6117471.35,7122044.89,Downside,Original
BUD003361,20251101,P001,BU001,REG001,DEP001,Revenue,9889036.81,11172673.81,Upside,Original
BUD003362,20251101,P001,BU001,REG001,DEP006,COGS,4541205.67,4859919.6,Upside,Original
BUD003363,20251101,P001,BU001,REG001,DEP002,OPEX,3318573.5,3342076.12,Upside,Original
BUD003364,20251101,P001,BU001,REG001,DEP003,EBITDA,2208414.41,2673260.68,Upside,Original
BUD003365,20251101,P001,BU001,REG001,DEP003,Cash Inflow,9298265.5,10741187.44,Upside,Original
BUD003366,20251101,P001,BU001,REG001,DEP003,Cash Outflow,7936617.42,8057069.46,Upside,Original
BUD003367,20251101,P001,BU001,REG001,DEP001,Revenue,9761745.31,9106271.66,Downside,Original
BUD003368,20251101,P001,BU001,REG001,DEP006,COGS,5035231.69,4875708.41,Downside,Original
BUD003369,20251101,P001,BU001,REG001,DEP002,OPEX,3175659.83,3828780.65,Downside,Original
BUD003370,20251101,P001,BU001,REG001,DEP003,EBITDA,2262008.37,1625654.08,Downside,Original
BUD003371,20251101,P001,BU001,REG001,DEP003,Cash Inflow,9275765.05,8321279.89,Downside,Original
BUD003372,20251101,P001,BU001,REG001,DEP003,Cash Outflow,7838471.39,8572621.87,Downside,Original
BUD003373,20251101,P005,BU002,REG001,DEP001,Revenue,10415512.07,12329993.66,Upside,Original
BUD003374,20251101,P005,BU002,REG001,DEP006,COGS,4776791.87,5245808.53,Upside,Original
BUD003375,20251101,P005,BU002,REG001,DEP005,OPEX,3998910.28,4084991.54,Upside,Original
BUD003376,20251101,P005,BU002,REG001,DEP003,EBITDA,1972248.73,2331709.54,Upside,Original
BUD003377,20251101,P005,BU002,REG001,DEP003,Cash Inflow,9702557.12,11979945.03,Upside,Original
BUD003378,20251101,P005,BU002,REG001,DEP003,Cash Outflow,8900038.3,9474683.38,Upside,Original
BUD003379,20251101,P005,BU002,REG001,DEP001,Revenue,10621616.94,10235099.44,Downside,Original
BUD003380,20251101,P005,BU002,REG001,DEP006,COGS,5073228.65,5349302.02,Downside,Original
BUD003381,20251101,P005,BU002,REG001,DEP005,OPEX,3889919.36,4634923.97,Downside,Original
BUD003382,20251101,P005,BU002,REG001,DEP003,EBITDA,1965705.68,1408023.14,Downside,Original
BUD003383,20251101,P005,BU002,REG001,DEP003,Cash Inflow,9927428.89,9553988.78,Downside,Original
BUD003384,20251101,P005,BU002,REG001,DEP003,Cash Outflow,8905463.23,10115582.49,Downside,Original
BUD003385,20251101,P009,BU003,REG001,DEP001,Revenue,10843581.78,12771123.16,Upside,Original
BUD003386,20251101,P009,BU003,REG001,DEP006,COGS,5102690.35,5100498.97,Upside,Original
BUD003387,20251101,P009,BU003,REG001,DEP005,OPEX,3548939.77,3812099.78,Upside,Original
BUD003388,20251101,P009,BU003,REG001,DEP003,EBITDA,2942978.55,3444127.29,Upside,Original
BUD003389,20251101,P009,BU003,REG001,DEP003,Cash Inflow,10443342.78,12447671.63,Upside,Original
BUD003390,20251101,P009,BU003,REG001,DEP003,Cash Outflow,8170048.53,8735940.32,Upside,Original
BUD003391,20251101,P009,BU003,REG001,DEP001,Revenue,11051726.93,10350600.27,Downside,Original
BUD003392,20251101,P009,BU003,REG001,DEP006,COGS,4849823.6,5032835.89,Downside,Original
BUD003393,20251101,P009,BU003,REG001,DEP005,OPEX,3650314.48,4300317.62,Downside,Original
BUD003394,20251101,P009,BU003,REG001,DEP003,EBITDA,2979806.74,2040622.42,Downside,Original
BUD003395,20251101,P009,BU003,REG001,DEP003,Cash Inflow,11051242.44,9503390.78,Downside,Original
BUD003396,20251101,P009,BU003,REG001,DEP003,Cash Outflow,8274345.9,9257647.23,Downside,Original
BUD003397,20251101,P013,BU004,REG001,DEP001,Revenue,8858519.33,11274961.55,Upside,Original
BUD003398,20251101,P013,BU004,REG001,DEP006,COGS,4280759.8,4410429.98,Upside,Original
BUD003399,20251101,P013,BU004,REG001,DEP005,OPEX,3305386.05,3353907.52,Upside,Original
BUD003400,20251101,P013,BU004,REG001,DEP003,EBITDA,2324723.7,2950847.67,Upside,Original
BUD003401,20251101,P013,BU004,REG001,DEP003,Cash Inflow,8424693.19,10372748.88,Upside,Original
BUD003402,20251101,P013,BU004,REG001,DEP003,Cash Outflow,7237974.44,7718872.88,Upside,Original
BUD003403,20251101,P013,BU004,REG001,DEP001,Revenue,8858519.33,9243349.11,Downside,Original
BUD003404,20251101,P013,BU004,REG001,DEP006,COGS,4044150.98,4312585.8,Downside,Original
BUD003405,20251101,P013,BU004,REG001,DEP005,OPEX,3211274.36,3818431.66,Downside,Original
BUD003406,20251101,P013,BU004,REG001,DEP003,EBITDA,2379962.91,1829738.23,Downside,Original
BUD003407,20251101,P013,BU004,REG001,DEP003,Cash Inflow,8424693.19,8601600.9,Downside,Original
BUD003408,20251101,P013,BU004,REG001,DEP003,Cash Outflow,7409943.74,8098883.75,Downside,Original
BUD003409,20251201,P001,BU001,REG001,DEP001,Revenue,11290562.05,12453441.45,Upside,Original
BUD003410,20251201,P001,BU001,REG001,DEP006,COGS,5056208.2,5735729.38,Upside,Original
BUD003411,20251201,P001,BU001,REG001,DEP002,OPEX,3659910.12,3682028.51,Upside,Original
BUD003412,20251201,P001,BU001,REG001,DEP003,EBITDA,2502250.39,2942290.08,Upside,Original
BUD003413,20251201,P001,BU001,REG001,DEP003,Cash Inflow,10297261.24,12085253.3,Upside,Original
BUD003414,20251201,P001,BU001,REG001,DEP003,Cash Outflow,8495863.38,9123278.44,Upside,Original
BUD003415,20251201,P001,BU001,REG001,DEP001,Revenue,11134873.76,10820587.31,Downside,Original
BUD003416,20251201,P001,BU001,REG001,DEP006,COGS,5274531.21,5694172.9,Downside,Original
BUD003417,20251201,P001,BU001,REG001,DEP002,OPEX,3597987.51,4078846.86,Downside,Original
BUD003418,20251201,P001,BU001,REG001,DEP003,EBITDA,2593630.61,1882720.9,Downside,Original
BUD003419,20251201,P001,BU001,REG001,DEP003,Cash Inflow,10458109.08,9547351.93,Downside,Original
BUD003420,20251201,P001,BU001,REG001,DEP003,Cash Outflow,8540338.27,9638597.46,Downside,Original
BUD003421,20251201,P005,BU002,REG001,DEP001,Revenue,11385694.09,13151199.64,Upside,Original
BUD003422,20251201,P005,BU002,REG001,DEP006,COGS,5433603.59,5994265.06,Upside,Original
BUD003423,20251201,P005,BU002,REG001,DEP005,OPEX,4380737.26,4364711.84,Upside,Original
BUD003424,20251201,P005,BU002,REG001,DEP003,EBITDA,2170277.87,2524956.27,Upside,Original
BUD003425,20251201,P005,BU002,REG001,DEP003,Cash Inflow,10755409.08,12661818.97,Upside,Original
BUD003426,20251201,P005,BU002,REG001,DEP003,Cash Outflow,9821103.33,10326068.41,Upside,Original
BUD003427,20251201,P005,BU002,REG001,DEP001,Revenue,11776967.73,11405197.73,Downside,Original
BUD003428,20251201,P005,BU002,REG001,DEP006,COGS,6128147.17,5935963.33,Downside,Original
BUD003429,20251201,P005,BU002,REG001,DEP005,OPEX,4385891.88,4894213.4,Downside,Original
BUD003430,20251201,P005,BU002,REG001,DEP003,EBITDA,2187943.12,1557370.85,Downside,Original
BUD003431,20251201,P005,BU002,REG001,DEP003,Cash Inflow,10951790.63,10067928.76,Downside,Original
BUD003432,20251201,P005,BU002,REG001,DEP003,Cash Outflow,9563070.26,11158314.09,Downside,Original
BUD003433,20251201,P009,BU003,REG001,DEP001,Revenue,10879913.69,12292169.09,Upside,Original
BUD003434,20251201,P009,BU003,REG001,DEP006,COGS,4510105.64,5001439.22,Upside,Original
BUD003435,20251201,P009,BU003,REG001,DEP005,OPEX,3270763.48,3486889.31,Upside,Original
BUD003436,20251201,P009,BU003,REG001,DEP003,EBITDA,3329249.63,3853972.44,Upside,Original
BUD003437,20251201,P009,BU003,REG001,DEP003,Cash Inflow,10364618.15,12402842.68,Upside,Original
BUD003438,20251201,P009,BU003,REG001,DEP003,Cash Outflow,8065483.34,8647887.61,Upside,Original
BUD003439,20251201,P009,BU003,REG001,DEP001,Revenue,11093473.0,10388890.2,Downside,Original
BUD003440,20251201,P009,BU003,REG001,DEP006,COGS,5053350.31,4935740.26,Downside,Original
BUD003441,20251201,P009,BU003,REG001,DEP005,OPEX,3380106.99,3902822.49,Downside,Original
BUD003442,20251201,P009,BU003,REG001,DEP003,EBITDA,3224128.91,2389193.02,Downside,Original
BUD003443,20251201,P009,BU003,REG001,DEP003,Cash Inflow,10670904.1,9443227.44,Downside,Original
BUD003444,20251201,P009,BU003,REG001,DEP003,Cash Outflow,7530195.3,8662551.85,Downside,Original
BUD003445,20251201,P013,BU004,REG001,DEP001,Revenue,8986639.62,11337062.68,Upside,Original
BUD003446,20251201,P013,BU004,REG001,DEP006,COGS,4484954.83,4497662.65,Upside,Original
BUD003447,20251201,P013,BU004,REG001,DEP005,OPEX,3409313.06,3677448.75,Upside,Original
BUD003448,20251201,P013,BU004,REG001,DEP003,EBITDA,2218534.9,2880065.71,Upside,Original
BUD003449,20251201,P013,BU004,REG001,DEP003,Cash Inflow,8525159.39,11042333.67,Upside,Original
BUD003450,20251201,P013,BU004,REG001,DEP003,Cash Outflow,7409173.04,7915028.77,Upside,Original
BUD003451,20251201,P013,BU004,REG001,DEP001,Revenue,8986639.62,9346961.13,Downside,Original
BUD003452,20251201,P013,BU004,REG001,DEP006,COGS,4225021.13,4322440.45,Downside,Original
BUD003453,20251201,P013,BU004,REG001,DEP005,OPEX,3556300.53,4139936.51,Downside,Original
BUD003454,20251201,P013,BU004,REG001,DEP003,EBITDA,2256370.61,1750738.46,Downside,Original
BUD003455,20251201,P013,BU004,REG001,DEP003,Cash Inflow,8525159.39,8661163.36,Downside,Original
BUD003456,20251201,P013,BU004,REG001,DEP003,Cash Outflow,7571708.1,8713549.19,Downside,Original
BUD003457,20250101,P001,BU001,REG001,DEP001,Revenue,7658105.17,8130250.53,Base,Revised
BUD003458,20250101,P001,BU001,REG001,DEP006,COGS,3877376.42,3723666.82,Base,Revised
BUD003459,20250101,P001,BU001,REG001,DEP002,OPEX,2558813.85,2758215.01,Base,Revised
BUD003460,20250101,P001,BU001,REG001,DEP003,EBITDA,1669379.66,1687762.21,Base,Revised
BUD003461,20250101,P001,BU001,REG001,DEP003,Cash Inflow,7404256.63,7828681.14,Base,Revised
BUD003462,20250101,P001,BU001,REG001,DEP003,Cash Outflow,6103687.19,6299955.96,Base,Revised
BUD003463,20250101,P001,BU001,REG002,DEP001,Revenue,5046938.0,4884755.09,Base,Revised
BUD003464,20250101,P001,BU001,REG002,DEP006,COGS,2298381.17,2124610.91,Base,Revised
BUD003465,20250101,P001,BU001,REG002,DEP002,OPEX,1372499.71,1489832.82,Base,Revised
BUD003466,20250101,P001,BU001,REG002,DEP003,EBITDA,1218739.82,1175678.98,Base,Revised
BUD003467,20250101,P001,BU001,REG002,DEP003,Cash Inflow,4533579.94,4671505.72,Base,Revised
BUD003468,20250101,P001,BU001,REG002,DEP003,Cash Outflow,3437983.65,3697572.42,Base,Revised
BUD003469,20250101,P001,BU001,REG003,DEP001,Revenue,3932052.96,4265553.01,Base,Revised
BUD003470,20250101,P001,BU001,REG003,DEP006,COGS,2127417.86,1984594.51,Base,Revised
BUD003471,20250101,P001,BU001,REG003,DEP002,OPEX,1389230.32,1415168.93,Base,Revised
BUD003472,20250101,P001,BU001,REG003,DEP003,EBITDA,919115.27,953163.63,Base,Revised
BUD003473,20250101,P001,BU001,REG003,DEP003,Cash Inflow,3939056.55,4035695.5,Base,Revised
BUD003474,20250101,P001,BU001,REG003,DEP003,Cash Outflow,3246377.63,3446623.09,Base,Revised
BUD003475,20250101,P001,BU001,REG004,DEP001,Revenue,1542486.3,1553335.17,Base,Revised
BUD003476,20250101,P001,BU001,REG004,DEP006,COGS,685638.68,720643.51,Base,Revised
BUD003477,20250101,P001,BU001,REG004,DEP002,OPEX,481407.9,497512.77,Base,Revised
BUD003478,20250101,P001,BU001,REG004,DEP003,EBITDA,362890.62,362247.82,Base,Revised
BUD003479,20250101,P001,BU001,REG004,DEP003,Cash Inflow,1485401.12,1498787.22,Base,Revised
BUD003480,20250101,P001,BU001,REG004,DEP003,Cash Outflow,1152135.99,1204873.0,Base,Revised
BUD003481,20250101,P005,BU002,REG001,DEP001,Revenue,9319081.33,9823204.02,Base,Revised
BUD003482,20250101,P005,BU002,REG001,DEP006,COGS,4918853.58,4528094.15,Base,Revised
BUD003483,20250101,P005,BU002,REG001,DEP005,OPEX,3356334.52,3496466.59,Base,Revised
BUD003484,20250101,P005,BU002,REG001,DEP003,EBITDA,1802532.72,1792807.91,Base,Revised
BUD003485,20250101,P005,BU002,REG001,DEP003,Cash Inflow,8563914.85,9708341.16,Base,Revised
BUD003486,20250101,P005,BU002,REG001,DEP003,Cash Outflow,7568952.02,7993538.43,Base,Revised
BUD003487,20250101,P005,BU002,REG002,DEP001,Revenue,5927507.14,5804617.79,Base,Revised
BUD003488,20250101,P005,BU002,REG002,DEP006,COGS,2801711.25,2738782.32,Base,Revised
BUD003489,20250101,P005,BU002,REG002,DEP005,OPEX,1884253.24,2036596.31,Base,Revised
BUD003490,20250101,P005,BU002,REG002,DEP003,EBITDA,1243550.44,1167303.84,Base,Revised
BUD003491,20250101,P005,BU002,REG002,DEP003,Cash Inflow,5535234.14,5704539.2,Base,Revised
BUD003492,20250101,P005,BU002,REG002,DEP003,Cash Outflow,4339244.02,4821454.4,Base,Revised
BUD003493,20250101,P005,BU002,REG003,DEP001,Revenue,4208972.47,4848910.48,Base,Revised
BUD003494,20250101,P005,BU002,REG003,DEP006,COGS,2163528.75,2135108.29,Base,Revised
BUD003495,20250101,P005,BU002,REG003,DEP005,OPEX,1489620.39,1544843.02,Base,Revised
BUD003496,20250101,P005,BU002,REG003,DEP003,EBITDA,993882.26,1002659.0,Base,Revised
BUD003497,20250101,P005,BU002,REG003,DEP003,Cash Inflow,4209211.41,4324307.93,Base,Revised
BUD003498,20250101,P005,BU002,REG003,DEP003,Cash Outflow,3545434.57,3524794.57,Base,Revised
BUD003499,20250101,P005,BU002,REG004,DEP001,Revenue,2084724.68,2226578.5,Base,Revised
BUD003500,20250101,P005,BU002,REG004,DEP006,COGS,1016394.16,967933.02,Base,Revised
BUD003501,20250101,P005,BU002,REG004,DEP005,OPEX,665277.91,693921.68,Base,Revised
BUD003502,20250101,P005,BU002,REG004,DEP003,EBITDA,548940.37,533202.12,Base,Revised
BUD003503,20250101,P005,BU002,REG004,DEP003,Cash Inflow,1888736.35,2088866.27,Base,Revised
BUD003504,20250101,P005,BU002,REG004,DEP003,Cash Outflow,1556871.64,1657699.42,Base,Revised
BUD003505,20250101,P009,BU003,REG001,DEP001,Revenue,9759859.27,10473242.06,Base,Revised
BUD003506,20250101,P009,BU003,REG001,DEP006,COGS,4256207.81,4348343.63,Base,Revised
BUD003507,20250101,P009,BU003,REG001,DEP005,OPEX,3357192.84,3542485.8,Base,Revised
BUD003508,20250101,P009,BU003,REG001,DEP003,EBITDA,2658982.17,2683352.76,Base,Revised
BUD003509,20250101,P009,BU003,REG001,DEP003,Cash Inflow,9433490.79,10438496.84,Base,Revised
BUD003510,20250101,P009,BU003,REG001,DEP003,Cash Outflow,7188783.41,7879577.89,Base,Revised
BUD003511,20250101,P009,BU003,REG002,DEP001,Revenue,6284681.87,6181976.98,Base,Revised
BUD003512,20250101,P009,BU003,REG002,DEP006,COGS,2616939.9,2531043.82,Base,Revised
BUD003513,20250101,P009,BU003,REG002,DEP005,OPEX,2001244.38,2095693.85,Base,Revised
BUD003514,20250101,P009,BU003,REG002,DEP003,EBITDA,1713214.11,1581000.23,Base,Revised
BUD003515,20250101,P009,BU003,REG002,DEP003,Cash Inflow,5997293.54,5951069.37,Base,Revised
BUD003516,20250101,P009,BU003,REG002,DEP003,Cash Outflow,4343098.12,4492184.9,Base,Revised
BUD003517,20250101,P009,BU003,REG003,DEP001,Revenue,4097718.58,4389525.21,Base,Revised
BUD003518,20250101,P009,BU003,REG003,DEP006,COGS,1828933.33,1807540.2,Base,Revised
BUD003519,20250101,P009,BU003,REG003,DEP005,OPEX,1279736.25,1418377.28,Base,Revised
BUD003520,20250101,P009,BU003,REG003,DEP003,EBITDA,1253719.47,1228854.8,Base,Revised
BUD003521,20250101,P009,BU003,REG003,DEP003,Cash Inflow,3919269.73,4425821.77,Base,Revised
BUD003522,20250101,P009,BU003,REG003,DEP003,Cash Outflow,2999790.04,3256946.4,Base,Revised
BUD003523,20250101,P009,BU003,REG004,DEP001,Revenue,1892466.08,2005656.63,Base,Revised
BUD003524,20250101,P009,BU003,REG004,DEP006,COGS,767555.01,773461.08,Base,Revised
BUD003525,20250101,P009,BU003,REG004,DEP005,OPEX,699953.64,769289.71,Base,Revised
BUD003526,20250101,P009,BU003,REG004,DEP003,EBITDA,445341.65,412419.67,Base,Revised
BUD003527,20250101,P009,BU003,REG004,DEP003,Cash Inflow,1782291.52,1774323.74,Base,Revised
BUD003528,20250101,P009,BU003,REG004,DEP003,Cash Outflow,1399617.76,1500773.93,Base,Revised
BUD003529,20250101,P013,BU004,REG001,DEP001,Revenue,5841858.51,6532674.67,Base,Revised
BUD003530,20250101,P013,BU004,REG001,DEP006,COGS,2671630.39,2806497.75,Base,Revised
BUD003531,20250101,P013,BU004,REG001,DEP005,OPEX,2091070.56,2360877.05,Base,Revised
BUD003532,20250101,P013,BU004,REG001,DEP003,EBITDA,1578700.64,1669156.13,Base,Revised
BUD003533,20250101,P013,BU004,REG001,DEP003,Cash Inflow,5512939.54,6221585.72,Base,Revised
BUD003534,20250101,P013,BU004,REG001,DEP003,Cash Outflow,4676192.41,5160416.93,Base,Revised
BUD003535,20250101,P013,BU004,REG002,DEP001,Revenue,3743150.89,4017371.26,Base,Revised
BUD003536,20250101,P013,BU004,REG002,DEP006,COGS,1657017.17,1650660.23,Base,Revised
BUD003537,20250101,P013,BU004,REG002,DEP005,OPEX,1324705.97,1452499.82,Base,Revised
BUD003538,20250101,P013,BU004,REG002,DEP003,EBITDA,990151.19,970566.12,Base,Revised
BUD003539,20250101,P013,BU004,REG002,DEP003,Cash Inflow,3708829.52,3963244.23,Base,Revised
BUD003540,20250101,P013,BU004,REG002,DEP003,Cash Outflow,3005579.44,3181001.14,Base,Revised
BUD003541,20250101,P013,BU004,REG003,DEP001,Revenue,4148352.46,4745213.16,Base,Revised
BUD003542,20250101,P013,BU004,REG003,DEP006,COGS,1848973.68,1938015.02,Base,Revised
BUD003543,20250101,P013,BU004,REG003,DEP005,OPEX,1429370.36,1509560.79,Base,Revised
BUD003544,20250101,P013,BU004,REG003,DEP003,EBITDA,1188710.88,1313341.52,Base,Revised
BUD003545,20250101,P013,BU004,REG003,DEP003,Cash Inflow,3900805.38,4456751.14,Base,Revised
BUD003546,20250101,P013,BU004,REG003,DEP003,Cash Outflow,3172797.55,3361210.22,Base,Revised
BUD003547,20250101,P013,BU004,REG004,DEP001,Revenue,1551697.9,1795787.09,Base,Revised
BUD003548,20250101,P013,BU004,REG004,DEP006,COGS,737143.46,712269.96,Base,Revised
BUD003549,20250101,P013,BU004,REG004,DEP005,OPEX,580587.51,639456.36,Base,Revised
BUD003550,20250101,P013,BU004,REG004,DEP003,EBITDA,391622.68,399331.93,Base,Revised
BUD003551,20250101,P013,BU004,REG004,DEP003,Cash Inflow,1574193.24,1680390.02,Base,Revised
BUD003552,20250101,P013,BU004,REG004,DEP003,Cash Outflow,1289420.55,1337381.63,Base,Revised
BUD003553,20250201,P001,BU001,REG001,DEP001,Revenue,7467813.05,7685857.15,Base,Revised
BUD003554,20250201,P001,BU001,REG001,DEP006,COGS,3533791.59,3522531.2,Base,Revised
BUD003555,20250201,P001,BU001,REG001,DEP002,OPEX,2486144.78,2571876.7,Base,Revised
BUD003556,20250201,P001,BU001,REG001,DEP003,EBITDA,1677052.84,1649752.36,Base,Revised
BUD003557,20250201,P001,BU001,REG001,DEP003,Cash Inflow,6936991.64,7540443.16,Base,Revised
BUD003558,20250201,P001,BU001,REG001,DEP003,Cash Outflow,5739957.49,6048274.1,Base,Revised
BUD003559,20250201,P001,BU001,REG002,DEP001,Revenue,5204642.74,5053784.91,Base,Revised
BUD003560,20250201,P001,BU001,REG002,DEP006,COGS,2324541.36,2372421.3,Base,Revised
BUD003561,20250201,P001,BU001,REG002,DEP002,OPEX,1589349.71,1627517.85,Base,Revised
BUD003562,20250201,P001,BU001,REG002,DEP003,EBITDA,1194629.45,1168821.93,Base,Revised
BUD003563,20250201,P001,BU001,REG002,DEP003,Cash Inflow,4893775.11,4806525.72,Base,Revised
BUD003564,20250201,P001,BU001,REG002,DEP003,Cash Outflow,3764626.19,3944132.74,Base,Revised
BUD003565,20250201,P001,BU001,REG003,DEP001,Revenue,4437538.78,4782702.95,Base,Revised
BUD003566,20250201,P001,BU001,REG003,DEP006,COGS,2284521.26,2221738.74,Base,Revised
BUD003567,20250201,P001,BU001,REG003,DEP002,OPEX,1536941.33,1604779.07,Base,Revised
BUD003568,20250201,P001,BU001,REG003,DEP003,EBITDA,985515.66,1038979.07,Base,Revised
BUD003569,20250201,P001,BU001,REG003,DEP003,Cash Inflow,4335641.29,4712945.31,Base,Revised
BUD003570,20250201,P001,BU001,REG003,DEP003,Cash Outflow,3761867.92,3764842.41,Base,Revised
BUD003571,20250201,P001,BU001,REG004,DEP001,Revenue,2856294.16,2783599.22,Base,Revised
BUD003572,20250201,P001,BU001,REG004,DEP006,COGS,1372779.5,1248623.64,Base,Revised
BUD003573,20250201,P001,BU001,REG004,DEP002,OPEX,829316.59,918528.47,Base,Revised
BUD003574,20250201,P001,BU001,REG004,DEP003,EBITDA,700894.59,700928.98,Base,Revised
BUD003575,20250201,P001,BU001,REG004,DEP003,Cash Inflow,2534413.37,2762532.44,Base,Revised
BUD003576,20250201,P001,BU001,REG004,DEP003,Cash Outflow,2017070.74,2248106.16,Base,Revised
BUD003577,20250201,P005,BU002,REG001,DEP001,Revenue,9590827.64,10544277.4,Base,Revised
BUD003578,20250201,P005,BU002,REG001,DEP006,COGS,4598886.77,4942475.56,Base,Revised
BUD003579,20250201,P005,BU002,REG001,DEP005,OPEX,3541052.68,3930525.74,Base,Revised
BUD003580,20250201,P005,BU002,REG001,DEP003,EBITDA,1824199.27,1868694.32,Base,Revised
BUD003581,20250201,P005,BU002,REG001,DEP003,Cash Inflow,9317397.12,9930862.58,Base,Revised
BUD003582,20250201,P005,BU002,REG001,DEP003,Cash Outflow,8554019.44,8712258.47,Base,Revised
BUD003583,20250201,P005,BU002,REG002,DEP001,Revenue,6673160.19,6769478.53,Base,Revised
BUD003584,20250201,P005,BU002,REG002,DEP006,COGS,3111728.26,3146104.76,Base,Revised
BUD003585,20250201,P005,BU002,REG002,DEP005,OPEX,2219137.84,2366666.37,Base,Revised
BUD003586,20250201,P005,BU002,REG002,DEP003,EBITDA,1235548.25,1159706.79,Base,Revised
BUD003587,20250201,P005,BU002,REG002,DEP003,Cash Inflow,6575179.45,6276953.93,Base,Revised
BUD003588,20250201,P005,BU002,REG002,DEP003,Cash Outflow,5106016.61,5355321.47,Base,Revised
BUD003589,20250201,P005,BU002,REG003,DEP001,Revenue,5155638.63,5804447.46,Base,Revised
BUD003590,20250201,P005,BU002,REG003,DEP006,COGS,2432175.03,2600263.37,Base,Revised
BUD003591,20250201,P005,BU002,REG003,DEP005,OPEX,1814736.58,1900206.55,Base,Revised
BUD003592,20250201,P005,BU002,REG003,DEP003,EBITDA,1127176.69,1155943.41,Base,Revised
BUD003593,20250201,P005,BU002,REG003,DEP003,Cash Inflow,4883184.04,5362809.24,Base,Revised
BUD003594,20250201,P005,BU002,REG003,DEP003,Cash Outflow,4324375.78,4497106.22,Base,Revised
BUD003595,20250201,P005,BU002,REG004,DEP001,Revenue,2001077.63,2031041.3,Base,Revised
BUD003596,20250201,P005,BU002,REG004,DEP006,COGS,1038391.74,946290.35,Base,Revised
BUD003597,20250201,P005,BU002,REG004,DEP005,OPEX,669639.4,746103.07,Base,Revised
BUD003598,20250201,P005,BU002,REG004,DEP003,EBITDA,388492.31,377863.18,Base,Revised
BUD003599,20250201,P005,BU002,REG004,DEP003,Cash Inflow,1879270.99,2002777.08,Base,Revised
BUD003600,20250201,P005,BU002,REG004,DEP003,Cash Outflow,1537620.11,1623579.42,Base,Revised
BUD003601,20250201,P009,BU003,REG001,DEP001,Revenue,7163574.66,7363360.55,Base,Revised
BUD003602,20250201,P009,BU003,REG001,DEP006,COGS,3017912.07,2980332.37,Base,Revised
BUD003603,20250201,P009,BU003,REG001,DEP005,OPEX,2335284.28,2506271.55,Base,Revised
BUD003604,20250201,P009,BU003,REG001,DEP003,EBITDA,2074132.58,2073071.31,Base,Revised
BUD003605,20250201,P009,BU003,REG001,DEP003,Cash Inflow,6653216.87,7302528.98,Base,Revised
BUD003606,20250201,P009,BU003,REG001,DEP003,Cash Outflow,5187518.21,5582146.22,Base,Revised
BUD003607,20250201,P009,BU003,REG002,DEP001,Revenue,8511115.0,8456512.16,Base,Revised
BUD003608,20250201,P009,BU003,REG002,DEP006,COGS,3210920.87,3308823.29,Base,Revised
BUD003609,20250201,P009,BU003,REG002,DEP005,OPEX,2564573.14,2890186.54,Base,Revised
BUD003610,20250201,P009,BU003,REG002,DEP003,EBITDA,2214486.28,2036943.62,Base,Revised
BUD003611,20250201,P009,BU003,REG002,DEP003,Cash Inflow,8301312.98,8054716.93,Base,Revised
BUD003612,20250201,P009,BU003,REG002,DEP003,Cash Outflow,5787658.76,6092908.17,Base,Revised
BUD003613,20250201,P009,BU003,REG003,DEP001,Revenue,4988777.69,5372286.99,Base,Revised
BUD003614,20250201,P009,BU003,REG003,DEP006,COGS,2303195.01,2227783.1,Base,Revised
BUD003615,20250201,P009,BU003,REG003,DEP005,OPEX,1739051.33,1951121.1,Base,Revised
BUD003616,20250201,P009,BU003,REG003,DEP003,EBITDA,1300970.29,1346510.48,Base,Revised
BUD003617,20250201,P009,BU003,REG003,DEP003,Cash Inflow,4908636.76,5035986.02,Base,Revised
BUD003618,20250201,P009,BU003,REG003,DEP003,Cash Outflow,4061971.6,4130493.05,Base,Revised
BUD003619,20250201,P009,BU003,REG004,DEP001,Revenue,1376493.17,1364603.73,Base,Revised
BUD003620,20250201,P009,BU003,REG004,DEP006,COGS,573083.42,539287.27,Base,Revised
BUD003621,20250201,P009,BU003,REG004,DEP005,OPEX,477622.68,529262.02,Base,Revised
BUD003622,20250201,P009,BU003,REG004,DEP003,EBITDA,336766.93,338498.96,Base,Revised
BUD003623,20250201,P009,BU003,REG004,DEP003,Cash Inflow,1256652.33,1290238.51,Base,Revised
BUD003624,20250201,P009,BU003,REG004,DEP003,Cash Outflow,985658.71,1059957.6,Base,Revised
BUD003625,20250201,P013,BU004,REG001,DEP001,Revenue,5562545.32,6294296.67,Base,Revised
BUD003626,20250201,P013,BU004,REG001,DEP006,COGS,2810094.7,2609043.48,Base,Revised
BUD003627,20250201,P013,BU004,REG001,DEP005,OPEX,2069131.73,2338075.36,Base,Revised
BUD003628,20250201,P013,BU004,REG001,DEP003,EBITDA,1438652.29,1503566.25,Base,Revised
BUD003629,20250201,P013,BU004,REG001,DEP003,Cash Inflow,5373323.52,6144582.91,Base,Revised
BUD003630,20250201,P013,BU004,REG001,DEP003,Cash Outflow,4425569.75,4900846.56,Base,Revised
BUD003631,20250201,P013,BU004,REG002,DEP001,Revenue,4191532.72,4537955.65,Base,Revised
BUD003632,20250201,P013,BU004,REG002,DEP006,COGS,2012153.85,1920878.4,Base,Revised
BUD003633,20250201,P013,BU004,REG002,DEP005,OPEX,1391930.55,1492121.6,Base,Revised
BUD003634,20250201,P013,BU004,REG002,DEP003,EBITDA,1166258.58,1208621.55,Base,Revised
BUD003635,20250201,P013,BU004,REG002,DEP003,Cash Inflow,4156348.43,4403605.99,Base,Revised
BUD003636,20250201,P013,BU004,REG002,DEP003,Cash Outflow,3321814.81,3519010.23,Base,Revised
BUD003637,20250201,P013,BU004,REG003,DEP001,Revenue,3827886.7,4347782.33,Base,Revised
BUD003638,20250201,P013,BU004,REG003,DEP006,COGS,1709271.42,1780704.98,Base,Revised
BUD003639,20250201,P013,BU004,REG003,DEP005,OPEX,1447499.14,1575095.17,Base,Revised
BUD003640,20250201,P013,BU004,REG003,DEP003,EBITDA,905262.16,997581.55,Base,Revised
BUD003641,20250201,P013,BU004,REG003,DEP003,Cash Inflow,3660381.24,4158014.38,Base,Revised
BUD003642,20250201,P013,BU004,REG003,DEP003,Cash Outflow,3260316.25,3404130.87,Base,Revised
BUD003643,20250201,P013,BU004,REG004,DEP001,Revenue,1823654.01,2102269.76,Base,Revised
BUD003644,20250201,P013,BU004,REG004,DEP006,COGS,822376.0,862158.31,Base,Revised
BUD003645,20250201,P013,BU004,REG004,DEP005,OPEX,629873.21,714688.96,Base,Revised
BUD003646,20250201,P013,BU004,REG004,DEP003,EBITDA,489272.3,519891.08,Base,Revised
BUD003647,20250201,P013,BU004,REG004,DEP003,Cash Inflow,1710733.6,1991828.37,Base,Revised
BUD003648,20250201,P013,BU004,REG004,DEP003,Cash Outflow,1492627.44,1575501.22,Base,Revised
BUD003649,20250301,P001,BU001,REG001,DEP001,Revenue,7878845.18,8076350.61,Base,Revised
BUD003650,20250301,P001,BU001,REG001,DEP006,COGS,3739545.8,3803089.29,Base,Revised
BUD003651,20250301,P001,BU001,REG001,DEP002,OPEX,2534575.64,2754879.92,Base,Revised
BUD003652,20250301,P001,BU001,REG001,DEP003,EBITDA,1770523.46,1719647.69,Base,Revised
BUD003653,20250301,P001,BU001,REG001,DEP003,Cash Inflow,7470290.82,7746486.27,Base,Revised
BUD003654,20250301,P001,BU001,REG001,DEP003,Cash Outflow,6376437.12,6557276.7,Base,Revised
BUD003655,20250301,P001,BU001,REG002,DEP001,Revenue,7099119.8,7110122.89,Base,Revised
BUD003656,20250301,P001,BU001,REG002,DEP006,COGS,3011401.92,3224441.01,Base,Revised
BUD003657,20250301,P001,BU001,REG002,DEP002,OPEX,2070411.0,2290377.82,Base,Revised
BUD003658,20250301,P001,BU001,REG002,DEP003,EBITDA,1695247.47,1571064.15,Base,Revised
BUD003659,20250301,P001,BU001,REG002,DEP003,Cash Inflow,6992952.96,6568491.21,Base,Revised
BUD003660,20250301,P001,BU001,REG002,DEP003,Cash Outflow,5191654.39,5448027.88,Base,Revised
BUD003661,20250301,P001,BU001,REG003,DEP001,Revenue,3632749.1,4025904.41,Base,Revised
BUD003662,20250301,P001,BU001,REG003,DEP006,COGS,1946638.6,1815049.24,Base,Revised
BUD003663,20250301,P001,BU001,REG003,DEP002,OPEX,1264289.27,1366076.79,Base,Revised
BUD003664,20250301,P001,BU001,REG003,DEP003,EBITDA,804865.07,833664.45,Base,Revised
BUD003665,20250301,P001,BU001,REG003,DEP003,Cash Inflow,3482802.73,3845903.57,Base,Revised
BUD003666,20250301,P001,BU001,REG003,DEP003,Cash Outflow,3049745.12,3248546.03,Base,Revised
BUD003667,20250301,P001,BU001,REG004,DEP001,Revenue,2153142.25,2164824.9,Base,Revised
BUD003668,20250301,P001,BU001,REG004,DEP006,COGS,1007328.3,973513.26,Base,Revised
BUD003669,20250301,P001,BU001,REG004,DEP002,OPEX,741118.05,797861.16,Base,Revised
BUD003670,20250301,P001,BU001,REG004,DEP003,EBITDA,424935.43,416288.73,Base,Revised
BUD003671,20250301,P001,BU001,REG004,DEP003,Cash Inflow,2018240.85,2054897.0,Base,Revised
BUD003672,20250301,P001,BU001,REG004,DEP003,Cash Outflow,1707888.96,1827678.69,Base,Revised
BUD003673,20250301,P005,BU002,REG001,DEP001,Revenue,9025495.05,9918305.83,Base,Revised
BUD003674,20250301,P005,BU002,REG001,DEP006,COGS,4146551.69,4467517.11,Base,Revised
BUD003675,20250301,P005,BU002,REG001,DEP005,OPEX,3226365.41,3507027.61,Base,Revised
BUD003676,20250301,P005,BU002,REG001,DEP003,EBITDA,1716817.05,1745398.32,Base,Revised
BUD003677,20250301,P005,BU002,REG001,DEP003,Cash Inflow,8836336.89,9169866.6,Base,Revised
BUD003678,20250301,P005,BU002,REG001,DEP003,Cash Outflow,7636765.8,8082003.17,Base,Revised
BUD003679,20250301,P005,BU002,REG002,DEP001,Revenue,6628066.17,6530547.31,Base,Revised
BUD003680,20250301,P005,BU002,REG002,DEP006,COGS,3173877.76,3007453.15,Base,Revised
BUD003681,20250301,P005,BU002,REG002,DEP005,OPEX,2104511.25,2389229.83,Base,Revised
BUD003682,20250301,P005,BU002,REG002,DEP003,EBITDA,1243321.04,1155039.84,Base,Revised
BUD003683,20250301,P005,BU002,REG002,DEP003,Cash Inflow,6350724.56,6208591.71,Base,Revised
BUD003684,20250301,P005,BU002,REG002,DEP003,Cash Outflow,5012095.68,5490356.3,Base,Revised
BUD003685,20250301,P005,BU002,REG003,DEP001,Revenue,6566512.31,7231160.65,Base,Revised
BUD003686,20250301,P005,BU002,REG003,DEP006,COGS,3598168.02,3301497.68,Base,Revised
BUD003687,20250301,P005,BU002,REG003,DEP005,OPEX,2434911.31,2643117.25,Base,Revised
BUD003688,20250301,P005,BU002,REG003,DEP003,EBITDA,1295146.28,1268308.39,Base,Revised
BUD003689,20250301,P005,BU002,REG003,DEP003,Cash Inflow,6110878.43,7083937.6,Base,Revised
BUD003690,20250301,P005,BU002,REG003,DEP003,Cash Outflow,5814849.49,6038244.2,Base,Revised
BUD003691,20250301,P005,BU002,REG004,DEP001,Revenue,2676669.89,2844546.54,Base,Revised
BUD003692,20250301,P005,BU002,REG004,DEP006,COGS,1283064.11,1266395.73,Base,Revised
BUD003693,20250301,P005,BU002,REG004,DEP005,OPEX,961280.43,997981.58,Base,Revised
BUD003694,20250301,P005,BU002,REG004,DEP003,EBITDA,507508.88,495571.59,Base,Revised
BUD003695,20250301,P005,BU002,REG004,DEP003,Cash Inflow,2441004.41,2637061.78,Base,Revised
BUD003696,20250301,P005,BU002,REG004,DEP003,Cash Outflow,2197857.29,2274785.18,Base,Revised
BUD003697,20250301,P009,BU003,REG001,DEP001,Revenue,11426257.52,11816057.82,Base,Revised
BUD003698,20250301,P009,BU003,REG001,DEP006,COGS,4808262.17,4887982.36,Base,Revised
BUD003699,20250301,P009,BU003,REG001,DEP005,OPEX,3703291.23,3935918.13,Base,Revised
BUD003700,20250301,P009,BU003,REG001,DEP003,EBITDA,3110588.46,3061981.44,Base,Revised
BUD003701,20250301,P009,BU003,REG001,DEP003,Cash Inflow,11323747.79,11463380.54,Base,Revised
BUD003702,20250301,P009,BU003,REG001,DEP003,Cash Outflow,8347254.61,8935109.45,Base,Revised
BUD003703,20250301,P009,BU003,REG002,DEP001,Revenue,5555647.92,5315988.03,Base,Revised
BUD003704,20250301,P009,BU003,REG002,DEP006,COGS,2123864.01,2178334.77,Base,Revised
BUD003705,20250301,P009,BU003,REG002,DEP005,OPEX,1598478.63,1687160.54,Base,Revised
BUD003706,20250301,P009,BU003,REG002,DEP003,EBITDA,1456332.09,1329101.25,Base,Revised
BUD003707,20250301,P009,BU003,REG002,DEP003,Cash Inflow,5245124.97,5120689.28,Base,Revised
BUD003708,20250301,P009,BU003,REG002,DEP003,Cash Outflow,3736953.34,3877242.38,Base,Revised
BUD003709,20250301,P009,BU003,REG003,DEP001,Revenue,3992710.05,4469329.58,Base,Revised
BUD003710,20250301,P009,BU003,REG003,DEP006,COGS,1834107.72,1826336.12,Base,Revised
BUD003711,20250301,P009,BU003,REG003,DEP005,OPEX,1308841.38,1406204.87,Base,Revised
BUD003712,20250301,P009,BU003,REG003,DEP003,EBITDA,1155978.79,1151472.72,Base,Revised
BUD003713,20250301,P009,BU003,REG003,DEP003,Cash Inflow,3848320.15,4164954.93,Base,Revised
BUD003714,20250301,P009,BU003,REG003,DEP003,Cash Outflow,2946837.78,3122843.58,Base,Revised
BUD003715,20250301,P009,BU003,REG004,DEP001,Revenue,2394596.47,2491786.2,Base,Revised
BUD003716,20250301,P009,BU003,REG004,DEP006,COGS,964554.0,995249.85,Base,Revised
BUD003717,20250301,P009,BU003,REG004,DEP005,OPEX,701691.48,741111.7,Base,Revised
BUD003718,20250301,P009,BU003,REG004,DEP003,EBITDA,705781.11,707467.44,Base,Revised
BUD003719,20250301,P009,BU003,REG004,DEP003,Cash Inflow,2293505.61,2317115.44,Base,Revised
BUD003720,20250301,P009,BU003,REG004,DEP003,Cash Outflow,1686524.77,1769928.03,Base,Revised
BUD003721,20250301,P013,BU004,REG001,DEP001,Revenue,6328255.93,7239079.81,Base,Revised
BUD003722,20250301,P013,BU004,REG001,DEP006,COGS,2835310.69,2939870.85,Base,Revised
BUD003723,20250301,P013,BU004,REG001,DEP005,OPEX,2362411.38,2577713.22,Base,Revised
BUD003724,20250301,P013,BU004,REG001,DEP003,EBITDA,1643954.32,1742350.84,Base,Revised
BUD003725,20250301,P013,BU004,REG001,DEP003,Cash Inflow,6202629.89,7062569.03,Base,Revised
BUD003726,20250301,P013,BU004,REG001,DEP003,Cash Outflow,5109148.13,5396958.28,Base,Revised
BUD003727,20250301,P013,BU004,REG002,DEP001,Revenue,4506540.81,4934191.95,Base,Revised
BUD003728,20250301,P013,BU004,REG002,DEP006,COGS,2009645.19,2011738.05,Base,Revised
BUD003729,20250301,P013,BU004,REG002,DEP005,OPEX,1540753.91,1668960.54,Base,Revised
BUD003730,20250301,P013,BU004,REG002,DEP003,EBITDA,1229916.04,1281612.46,Base,Revised
BUD003731,20250301,P013,BU004,REG002,DEP003,Cash Inflow,4417683.24,4559171.64,Base,Revised
BUD003732,20250301,P013,BU004,REG002,DEP003,Cash Outflow,3541766.9,3701606.46,Base,Revised
BUD003733,20250301,P013,BU004,REG003,DEP001,Revenue,5054816.54,5717763.46,Base,Revised
BUD003734,20250301,P013,BU004,REG003,DEP006,COGS,2256281.87,2416982.31,Base,Revised
BUD003735,20250301,P013,BU004,REG003,DEP005,OPEX,1766152.52,1886955.61,Base,Revised
BUD003736,20250301,P013,BU004,REG003,DEP003,EBITDA,1382519.57,1536291.07,Base,Revised
BUD003737,20250301,P013,BU004,REG003,DEP003,Cash Inflow,4734896.3,5351518.2,Base,Revised
BUD003738,20250301,P013,BU004,REG003,DEP003,Cash Outflow,3957533.21,4202614.89,Base,Revised
BUD003739,20250301,P013,BU004,REG004,DEP001,Revenue,1115395.94,1278179.21,Base,Revised
BUD003740,20250301,P013,BU004,REG004,DEP006,COGS,542773.46,508202.35,Base,Revised
BUD003741,20250301,P013,BU004,REG004,DEP005,OPEX,419282.89,451382.26,Base,Revised
BUD003742,20250301,P013,BU004,REG004,DEP003,EBITDA,296843.3,317961.3,Base,Revised
BUD003743,20250301,P013,BU004,REG004,DEP003,Cash Inflow,1081234.91,1217101.2,Base,Revised
BUD003744,20250301,P013,BU004,REG004,DEP003,Cash Outflow,913394.29,995992.71,Base,Revised
BUD003745,20250401,P001,BU001,REG001,DEP001,Revenue,9630108.76,10321724.34,Base,Revised
BUD003746,20250401,P001,BU001,REG001,DEP006,COGS,4829326.65,4706177.61,Base,Revised
BUD003747,20250401,P001,BU001,REG001,DEP002,OPEX,3288219.88,3634239.49,Base,Revised
BUD003748,20250401,P001,BU001,REG001,DEP003,EBITDA,2121709.34,2141197.81,Base,Revised
BUD003749,20250401,P001,BU001,REG001,DEP003,Cash Inflow,9170545.16,9876774.25,Base,Revised
BUD003750,20250401,P001,BU001,REG001,DEP003,Cash Outflow,8033241.53,8039322.47,Base,Revised
BUD003751,20250401,P001,BU001,REG002,DEP001,Revenue,4875692.91,4517362.19,Base,Revised
BUD003752,20250401,P001,BU001,REG002,DEP006,COGS,2164977.99,2181132.0,Base,Revised
BUD003753,20250401,P001,BU001,REG002,DEP002,OPEX,1498382.93,1579671.78,Base,Revised
BUD003754,20250401,P001,BU001,REG002,DEP003,EBITDA,1026122.1,931479.86,Base,Revised
BUD003755,20250401,P001,BU001,REG002,DEP003,Cash Inflow,4441358.1,4399534.06,Base,Revised
BUD003756,20250401,P001,BU001,REG002,DEP003,Cash Outflow,3400372.51,3524779.32,Base,Revised
BUD003757,20250401,P001,BU001,REG003,DEP001,Revenue,4038612.07,4597155.77,Base,Revised
BUD003758,20250401,P001,BU001,REG003,DEP006,COGS,2171479.53,2003996.86,Base,Revised
BUD003759,20250401,P001,BU001,REG003,DEP002,OPEX,1473652.98,1551127.46,Base,Revised
BUD003760,20250401,P001,BU001,REG003,DEP003,EBITDA,888012.51,923157.42,Base,Revised
BUD003761,20250401,P001,BU001,REG003,DEP003,Cash Inflow,3895612.41,4222481.18,Base,Revised
BUD003762,20250401,P001,BU001,REG003,DEP003,Cash Outflow,3566228.69,3699532.95,Base,Revised
BUD003763,20250401,P001,BU001,REG004,DEP001,Revenue,2531491.51,2550179.65,Base,Revised
BUD003764,20250401,P001,BU001,REG004,DEP006,COGS,1137960.21,1156396.63,Base,Revised
BUD003765,20250401,P001,BU001,REG004,DEP002,OPEX,843502.51,918470.69,Base,Revised
BUD003766,20250401,P001,BU001,REG004,DEP003,EBITDA,554234.26,541541.95,Base,Revised
BUD003767,20250401,P001,BU001,REG004,DEP003,Cash Inflow,2362354.33,2463771.94,Base,Revised
BUD003768,20250401,P001,BU001,REG004,DEP003,Cash Outflow,1943109.35,2051412.72,Base,Revised
BUD003769,20250401,P005,BU002,REG001,DEP001,Revenue,9775760.04,10500474.19,Base,Revised
BUD003770,20250401,P005,BU002,REG001,DEP006,COGS,5136985.81,4892045.02,Base,Revised
BUD003771,20250401,P005,BU002,REG001,DEP005,OPEX,3648496.29,3983800.74,Base,Revised
BUD003772,20250401,P005,BU002,REG001,DEP003,EBITDA,1826381.53,1770418.05,Base,Revised
BUD003773,20250401,P005,BU002,REG001,DEP003,Cash Inflow,9730924.28,10128054.56,Base,Revised
BUD003774,20250401,P005,BU002,REG001,DEP003,Cash Outflow,8241849.47,8831432.89,Base,Revised
BUD003775,20250401,P005,BU002,REG002,DEP001,Revenue,7058504.8,7295541.5,Base,Revised
BUD003776,20250401,P005,BU002,REG002,DEP006,COGS,3352465.89,3263970.63,Base,Revised
BUD003777,20250401,P005,BU002,REG002,DEP005,OPEX,2335285.16,2506546.84,Base,Revised
BUD003778,20250401,P005,BU002,REG002,DEP003,EBITDA,1423874.75,1306782.1,Base,Revised
BUD003779,20250401,P005,BU002,REG002,DEP003,Cash Inflow,6764447.57,6570627.86,Base,Revised
BUD003780,20250401,P005,BU002,REG002,DEP003,Cash Outflow,5580675.34,5957742.84,Base,Revised
BUD003781,20250401,P005,BU002,REG003,DEP001,Revenue,4906636.63,5494225.11,Base,Revised
BUD003782,20250401,P005,BU002,REG003,DEP006,COGS,2382279.85,2547712.49,Base,Revised
BUD003783,20250401,P005,BU002,REG003,DEP005,OPEX,1921641.1,2080983.85,Base,Revised
BUD003784,20250401,P005,BU002,REG003,DEP003,EBITDA,892554.01,909731.72,Base,Revised
BUD003785,20250401,P005,BU002,REG003,DEP003,Cash Inflow,4744370.12,5180042.22,Base,Revised
BUD003786,20250401,P005,BU002,REG003,DEP003,Cash Outflow,4459364.14,4716996.3,Base,Revised
BUD003787,20250401,P005,BU002,REG004,DEP001,Revenue,3059153.58,3209501.09,Base,Revised
BUD003788,20250401,P005,BU002,REG004,DEP006,COGS,1371884.99,1387319.86,Base,Revised
BUD003789,20250401,P005,BU002,REG004,DEP005,OPEX,1124738.29,1237657.66,Base,Revised
BUD003790,20250401,P005,BU002,REG004,DEP003,EBITDA,537061.69,530553.74,Base,Revised
BUD003791,20250401,P005,BU002,REG004,DEP003,Cash Inflow,2924190.15,3071065.0,Base,Revised
BUD003792,20250401,P005,BU002,REG004,DEP003,Cash Outflow,2464928.66,2654764.7,Base,Revised
BUD003793,20250401,P009,BU003,REG001,DEP001,Revenue,9764009.69,9969691.43,Base,Revised
BUD003794,20250401,P009,BU003,REG001,DEP006,COGS,4373252.49,4167962.83,Base,Revised
BUD003795,20250401,P009,BU003,REG001,DEP005,OPEX,3234066.08,3436730.73,Base,Revised
BUD003796,20250401,P009,BU003,REG001,DEP003,EBITDA,2564453.51,2541275.79,Base,Revised
BUD003797,20250401,P009,BU003,REG001,DEP003,Cash Inflow,9246674.5,9943082.99,Base,Revised
BUD003798,20250401,P009,BU003,REG001,DEP003,Cash Outflow,7476319.11,7506204.8,Base,Revised
BUD003799,20250401,P009,BU003,REG002,DEP001,Revenue,7463246.99,7219077.97,Base,Revised
BUD003800,20250401,P009,BU003,REG002,DEP006,COGS,2904215.98,2985161.62,Base,Revised
BUD003801,20250401,P009,BU003,REG002,DEP005,OPEX,2244296.39,2386884.05,Base,Revised
BUD003802,20250401,P009,BU003,REG002,DEP003,EBITDA,1976923.77,1829388.55,Base,Revised
BUD003803,20250401,P009,BU003,REG002,DEP003,Cash Inflow,6881676.16,7107785.35,Base,Revised
BUD003804,20250401,P009,BU003,REG002,DEP003,Cash Outflow,5175901.69,5317886.83,Base,Revised
BUD003805,20250401,P009,BU003,REG003,DEP001,Revenue,3708901.36,3938543.88,Base,Revised
BUD003806,20250401,P009,BU003,REG003,DEP006,COGS,1695414.51,1669890.06,Base,Revised
BUD003807,20250401,P009,BU003,REG003,DEP005,OPEX,1184199.6,1289906.08,Base,Revised
BUD003808,20250401,P009,BU003,REG003,DEP003,EBITDA,1043087.22,1057927.69,Base,Revised
BUD003809,20250401,P009,BU003,REG003,DEP003,Cash Inflow,3457830.31,3892567.64,Base,Revised
BUD003810,20250401,P009,BU003,REG003,DEP003,Cash Outflow,2731312.06,3033613.9,Base,Revised
BUD003811,20250401,P009,BU003,REG004,DEP001,Revenue,1942680.07,1975345.8,Base,Revised
BUD003812,20250401,P009,BU003,REG004,DEP006,COGS,876405.03,801253.87,Base,Revised
BUD003813,20250401,P009,BU003,REG004,DEP005,OPEX,648614.63,684618.68,Base,Revised
BUD003814,20250401,P009,BU003,REG004,DEP003,EBITDA,532895.48,499443.61,Base,Revised
BUD003815,20250401,P009,BU003,REG004,DEP003,Cash Inflow,1785689.56,1854073.58,Base,Revised
BUD003816,20250401,P009,BU003,REG004,DEP003,Cash Outflow,1392448.86,1454019.94,Base,Revised
BUD003817,20250401,P013,BU004,REG001,DEP001,Revenue,8620834.1,9662674.35,Base,Revised
BUD003818,20250401,P013,BU004,REG001,DEP006,COGS,3846029.29,3949912.07,Base,Revised
BUD003819,20250401,P013,BU004,REG001,DEP005,OPEX,2857002.57,3140987.37,Base,Revised
BUD003820,20250401,P013,BU004,REG001,DEP003,EBITDA,2499112.64,2652090.98,Base,Revised
BUD003821,20250401,P013,BU004,REG001,DEP003,Cash Inflow,8137292.24,9636182.33,Base,Revised
BUD003822,20250401,P013,BU004,REG001,DEP003,Cash Outflow,7024704.08,7155386.54,Base,Revised
BUD003823,20250401,P013,BU004,REG002,DEP001,Revenue,3979485.41,4265271.31,Base,Revised
BUD003824,20250401,P013,BU004,REG002,DEP006,COGS,1675115.54,1818520.34,Base,Revised
BUD003825,20250401,P013,BU004,REG002,DEP005,OPEX,1347973.91,1514255.8,Base,Revised
BUD003826,20250401,P013,BU004,REG002,DEP003,EBITDA,1061377.11,1073294.39,Base,Revised
BUD003827,20250401,P013,BU004,REG002,DEP003,Cash Inflow,4065568.22,4179028.05,Base,Revised
BUD003828,20250401,P013,BU004,REG002,DEP003,Cash Outflow,3157196.57,3342100.72,Base,Revised
BUD003829,20250401,P013,BU004,REG003,DEP001,Revenue,4236059.78,4769979.63,Base,Revised
BUD003830,20250401,P013,BU004,REG003,DEP006,COGS,1941956.86,1947308.21,Base,Revised
BUD003831,20250401,P013,BU004,REG003,DEP005,OPEX,1640003.19,1790192.95,Base,Revised
BUD003832,20250401,P013,BU004,REG003,DEP003,EBITDA,1029045.15,1110864.43,Base,Revised
BUD003833,20250401,P013,BU004,REG003,DEP003,Cash Inflow,4012960.09,4678023.92,Base,Revised
BUD003834,20250401,P013,BU004,REG003,DEP003,Cash Outflow,3444839.84,3697023.39,Base,Revised
BUD003835,20250401,P013,BU004,REG004,DEP001,Revenue,1544798.36,1785868.78,Base,Revised
BUD003836,20250401,P013,BU004,REG004,DEP006,COGS,742302.49,724381.07,Base,Revised
BUD003837,20250401,P013,BU004,REG004,DEP005,OPEX,526226.4,572049.23,Base,Revised
BUD003838,20250401,P013,BU004,REG004,DEP003,EBITDA,450108.97,453179.13,Base,Revised
BUD003839,20250401,P013,BU004,REG004,DEP003,Cash Inflow,1516335.48,1655022.87,Base,Revised
BUD003840,20250401,P013,BU004,REG004,DEP003,Cash Outflow,1228226.45,1259445.1,Base,Revised
BUD003841,20250501,P001,BU001,REG001,DEP001,Revenue,7781265.13,8096406.9,Base,Revised
BUD003842,20250501,P001,BU001,REG001,DEP006,COGS,3735472.27,3801794.0,Base,Revised
BUD003843,20250501,P001,BU001,REG001,DEP002,OPEX,2640428.88,2796870.37,Base,Revised
BUD003844,20250501,P001,BU001,REG001,DEP003,EBITDA,1635407.27,1633824.7,Base,Revised
BUD003845,20250501,P001,BU001,REG001,DEP003,Cash Inflow,7391660.14,7776055.57,Base,Revised
BUD003846,20250501,P001,BU001,REG001,DEP003,Cash Outflow,6126940.87,6713103.5,Base,Revised
BUD003847,20250501,P001,BU001,REG002,DEP001,Revenue,6547768.19,6472634.51,Base,Revised
BUD003848,20250501,P001,BU001,REG002,DEP006,COGS,2891253.47,2935973.8,Base,Revised
BUD003849,20250501,P001,BU001,REG002,DEP002,OPEX,2111922.21,2226720.32,Base,Revised
BUD003850,20250501,P001,BU001,REG002,DEP003,EBITDA,1353879.84,1329520.66,Base,Revised
BUD003851,20250501,P001,BU001,REG002,DEP003,Cash Inflow,6452040.64,6253812.79,Base,Revised
BUD003852,20250501,P001,BU001,REG002,DEP003,Cash Outflow,4977861.44,5102743.76,Base,Revised
BUD003853,20250501,P001,BU001,REG003,DEP001,Revenue,4772364.17,5287800.04,Base,Revised
BUD003854,20250501,P001,BU001,REG003,DEP006,COGS,2307646.05,2363944.18,Base,Revised
BUD003855,20250501,P001,BU001,REG003,DEP002,OPEX,1598681.72,1747041.51,Base,Revised
BUD003856,20250501,P001,BU001,REG003,DEP003,EBITDA,1165987.42,1192756.97,Base,Revised
BUD003857,20250501,P001,BU001,REG003,DEP003,Cash Inflow,4887729.9,5155991.12,Base,Revised
BUD003858,20250501,P001,BU001,REG003,DEP003,Cash Outflow,4000752.37,3945749.44,Base,Revised
BUD003859,20250501,P001,BU001,REG004,DEP001,Revenue,2160582.0,2268441.83,Base,Revised
BUD003860,20250501,P001,BU001,REG004,DEP006,COGS,1070183.1,1006998.93,Base,Revised
BUD003861,20250501,P001,BU001,REG004,DEP002,OPEX,665835.28,736376.32,Base,Revised
BUD003862,20250501,P001,BU001,REG004,DEP003,EBITDA,500576.17,492295.27,Base,Revised
BUD003863,20250501,P001,BU001,REG004,DEP003,Cash Inflow,2132300.42,2150892.61,Base,Revised
BUD003864,20250501,P001,BU001,REG004,DEP003,Cash Outflow,1591445.32,1720492.09,Base,Revised
BUD003865,20250501,P005,BU002,REG001,DEP001,Revenue,10940501.22,11621626.09,Base,Revised
BUD003866,20250501,P005,BU002,REG001,DEP006,COGS,5664035.29,5107685.28,Base,Revised
BUD003867,20250501,P005,BU002,REG001,DEP005,OPEX,3881336.29,4046680.02,Base,Revised
BUD003868,20250501,P005,BU002,REG001,DEP003,EBITDA,2310908.32,2259866.64,Base,Revised
BUD003869,20250501,P005,BU002,REG001,DEP003,Cash Inflow,10906298.24,10915203.64,Base,Revised
BUD003870,20250501,P005,BU002,REG001,DEP003,Cash Outflow,9153250.86,9450286.0,Base,Revised
BUD003871,20250501,P005,BU002,REG002,DEP001,Revenue,7256915.21,7065896.53,Base,Revised
BUD003872,20250501,P005,BU002,REG002,DEP006,COGS,3556926.17,3233241.64,Base,Revised
BUD003873,20250501,P005,BU002,REG002,DEP005,OPEX,2389351.52,2591344.34,Base,Revised
BUD003874,20250501,P005,BU002,REG002,DEP003,EBITDA,1491102.09,1416778.94,Base,Revised
BUD003875,20250501,P005,BU002,REG002,DEP003,Cash Inflow,6849971.39,6946737.13,Base,Revised
BUD003876,20250501,P005,BU002,REG002,DEP003,Cash Outflow,5644271.07,6008868.73,Base,Revised
BUD003877,20250501,P005,BU002,REG003,DEP001,Revenue,4907515.35,5407025.74,Base,Revised
BUD003878,20250501,P005,BU002,REG003,DEP006,COGS,2395122.49,2497033.86,Base,Revised
BUD003879,20250501,P005,BU002,REG003,DEP005,OPEX,1838787.98,1951080.76,Base,Revised
BUD003880,20250501,P005,BU002,REG003,DEP003,EBITDA,1029992.56,1049281.55,Base,Revised
BUD003881,20250501,P005,BU002,REG003,DEP003,Cash Inflow,4966412.94,5224465.03,Base,Revised
BUD003882,20250501,P005,BU002,REG003,DEP003,Cash Outflow,4189608.19,4667409.31,Base,Revised
BUD003883,20250501,P005,BU002,REG004,DEP001,Revenue,2146145.17,2286466.29,Base,Revised
BUD003884,20250501,P005,BU002,REG004,DEP006,COGS,1106835.31,1022543.02,Base,Revised
BUD003885,20250501,P005,BU002,REG004,DEP005,OPEX,750820.64,811366.17,Base,Revised
BUD003886,20250501,P005,BU002,REG004,DEP003,EBITDA,415221.97,409724.67,Base,Revised
BUD003887,20250501,P005,BU002,REG004,DEP003,Cash Inflow,2069222.21,2152671.11,Base,Revised
BUD003888,20250501,P005,BU002,REG004,DEP003,Cash Outflow,1713561.08,1751554.21,Base,Revised
BUD003889,20250501,P009,BU003,REG001,DEP001,Revenue,9749803.72,10565480.83,Base,Revised
BUD003890,20250501,P009,BU003,REG001,DEP006,COGS,3948150.16,4213097.28,Base,Revised
BUD003891,20250501,P009,BU003,REG001,DEP005,OPEX,3220490.55,3433210.55,Base,Revised
BUD003892,20250501,P009,BU003,REG001,DEP003,EBITDA,2688418.77,2618685.17,Base,Revised
BUD003893,20250501,P009,BU003,REG001,DEP003,Cash Inflow,9803009.96,10079782.71,Base,Revised
BUD003894,20250501,P009,BU003,REG001,DEP003,Cash Outflow,7023603.27,7730100.52,Base,Revised
BUD003895,20250501,P009,BU003,REG002,DEP001,Revenue,5484908.37,5462499.56,Base,Revised
BUD003896,20250501,P009,BU003,REG002,DEP006,COGS,2069516.07,2191633.15,Base,Revised
BUD003897,20250501,P009,BU003,REG002,DEP005,OPEX,1693410.23,1806469.39,Base,Revised
BUD003898,20250501,P009,BU003,REG002,DEP003,EBITDA,1497384.4,1412567.81,Base,Revised
BUD003899,20250501,P009,BU003,REG002,DEP003,Cash Inflow,5197120.01,4999007.68,Base,Revised
BUD003900,20250501,P009,BU003,REG002,DEP003,Cash Outflow,3815416.33,4062444.02,Base,Revised
BUD003901,20250501,P009,BU003,REG003,DEP001,Revenue,5617188.48,6355816.79,Base,Revised
BUD003902,20250501,P009,BU003,REG003,DEP006,COGS,2415813.85,2648656.33,Base,Revised
BUD003903,20250501,P009,BU003,REG003,DEP005,OPEX,1735781.39,1876039.37,Base,Revised
BUD003904,20250501,P009,BU003,REG003,DEP003,EBITDA,1742025.74,1720264.95,Base,Revised
BUD003905,20250501,P009,BU003,REG003,DEP003,Cash Inflow,5664787.92,5756501.1,Base,Revised
BUD003906,20250501,P009,BU003,REG003,DEP003,Cash Outflow,4357486.36,4369695.04,Base,Revised
BUD003907,20250501,P009,BU003,REG004,DEP001,Revenue,3259470.53,3280598.15,Base,Revised
BUD003908,20250501,P009,BU003,REG004,DEP006,COGS,1471093.95,1370902.59,Base,Revised
BUD003909,20250501,P009,BU003,REG004,DEP005,OPEX,1047378.33,1190969.04,Base,Revised
BUD003910,20250501,P009,BU003,REG004,DEP003,EBITDA,810115.79,765485.53,Base,Revised
BUD003911,20250501,P009,BU003,REG004,DEP003,Cash Inflow,3169930.15,3219621.2,Base,Revised
BUD003912,20250501,P009,BU003,REG004,DEP003,Cash Outflow,2549197.81,2589872.04,Base,Revised
BUD003913,20250501,P013,BU004,REG001,DEP001,Revenue,7594848.38,8986105.95,Base,Revised
BUD003914,20250501,P013,BU004,REG001,DEP006,COGS,3896364.02,3552929.21,Base,Revised
BUD003915,20250501,P013,BU004,REG001,DEP005,OPEX,2960472.44,3113306.13,Base,Revised
BUD003916,20250501,P013,BU004,REG001,DEP003,EBITDA,1844704.94,1981320.42,Base,Revised
BUD003917,20250501,P013,BU004,REG001,DEP003,Cash Inflow,7206685.77,8109614.02,Base,Revised
BUD003918,20250501,P013,BU004,REG001,DEP003,Cash Outflow,6131305.33,6769810.81,Base,Revised
BUD003919,20250501,P013,BU004,REG002,DEP001,Revenue,5897654.02,6503358.59,Base,Revised
BUD003920,20250501,P013,BU004,REG002,DEP006,COGS,2591453.86,2619087.31,Base,Revised
BUD003921,20250501,P013,BU004,REG002,DEP005,OPEX,2020092.11,2266260.6,Base,Revised
BUD003922,20250501,P013,BU004,REG002,DEP003,EBITDA,1537815.98,1596259.47,Base,Revised
BUD003923,20250501,P013,BU004,REG002,DEP003,Cash Inflow,5773739.52,6046113.18,Base,Revised
BUD003924,20250501,P013,BU004,REG002,DEP003,Cash Outflow,4641638.94,4845719.23,Base,Revised
BUD003925,20250501,P013,BU004,REG003,DEP001,Revenue,3293756.31,3723706.25,Base,Revised
BUD003926,20250501,P013,BU004,REG003,DEP006,COGS,1436126.37,1504100.47,Base,Revised
BUD003927,20250501,P013,BU004,REG003,DEP005,OPEX,1050596.83,1171136.29,Base,Revised
BUD003928,20250501,P013,BU004,REG003,DEP003,EBITDA,1026609.99,1134655.44,Base,Revised
BUD003929,20250501,P013,BU004,REG003,DEP003,Cash Inflow,3134466.23,3493735.13,Base,Revised
BUD003930,20250501,P013,BU004,REG003,DEP003,Cash Outflow,2477429.55,2700322.98,Base,Revised
BUD003931,20250501,P013,BU004,REG004,DEP001,Revenue,1827003.81,2130967.2,Base,Revised
BUD003932,20250501,P013,BU004,REG004,DEP006,COGS,875591.26,891134.36,Base,Revised
BUD003933,20250501,P013,BU004,REG004,DEP005,OPEX,721318.61,761382.9,Base,Revised
BUD003934,20250501,P013,BU004,REG004,DEP003,EBITDA,440467.69,461999.95,Base,Revised
BUD003935,20250501,P013,BU004,REG004,DEP003,Cash Inflow,1886464.18,2022228.67,Base,Revised
BUD003936,20250501,P013,BU004,REG004,DEP003,Cash Outflow,1596392.46,1640433.78,Base,Revised
BUD003937,20250601,P001,BU001,REG001,DEP001,Revenue,8812601.02,9045954.59,Base,Revised
BUD003938,20250601,P001,BU001,REG001,DEP006,COGS,3899009.46,4258476.68,Base,Revised
BUD003939,20250601,P001,BU001,REG001,DEP002,OPEX,3098158.14,3173585.46,Base,Revised
BUD003940,20250601,P001,BU001,REG001,DEP003,EBITDA,1846638.73,1800137.19,Base,Revised
BUD003941,20250601,P001,BU001,REG001,DEP003,Cash Inflow,8564489.07,8848668.11,Base,Revised
BUD003942,20250601,P001,BU001,REG001,DEP003,Cash Outflow,6939014.84,7292197.05,Base,Revised
BUD003943,20250601,P001,BU001,REG002,DEP001,Revenue,5587054.9,5268866.71,Base,Revised
BUD003944,20250601,P001,BU001,REG002,DEP006,COGS,2340254.7,2415928.79,Base,Revised
BUD003945,20250601,P001,BU001,REG002,DEP002,OPEX,1767658.78,1833309.74,Base,Revised
BUD003946,20250601,P001,BU001,REG002,DEP003,EBITDA,1140911.72,1093306.11,Base,Revised
BUD003947,20250601,P001,BU001,REG002,DEP003,Cash Inflow,5015677.67,5105588.41,Base,Revised
BUD003948,20250601,P001,BU001,REG002,DEP003,Cash Outflow,4171038.65,4373070.82,Base,Revised
BUD003949,20250601,P001,BU001,REG003,DEP001,Revenue,5102208.3,5485909.63,Base,Revised
BUD003950,20250601,P001,BU001,REG003,DEP006,COGS,2639398.83,2457786.71,Base,Revised
BUD003951,20250601,P001,BU001,REG003,DEP002,OPEX,1717337.27,1811967.72,Base,Revised
BUD003952,20250601,P001,BU001,REG003,DEP003,EBITDA,1181358.45,1201711.78,Base,Revised
BUD003953,20250601,P001,BU001,REG003,DEP003,Cash Inflow,4876880.31,5190055.2,Base,Revised
BUD003954,20250601,P001,BU001,REG003,DEP003,Cash Outflow,4158212.63,4412304.92,Base,Revised
BUD003955,20250601,P001,BU001,REG004,DEP001,Revenue,2669358.64,2725916.21,Base,Revised
BUD003956,20250601,P001,BU001,REG004,DEP006,COGS,1238461.65,1250553.42,Base,Revised
BUD003957,20250601,P001,BU001,REG004,DEP002,OPEX,861701.93,940748.3,Base,Revised
BUD003958,20250601,P001,BU001,REG004,DEP003,EBITDA,583983.11,579977.32,Base,Revised
BUD003959,20250601,P001,BU001,REG004,DEP003,Cash Inflow,2564861.56,2591999.24,Base,Revised
BUD003960,20250601,P001,BU001,REG004,DEP003,Cash Outflow,2013601.36,2167588.99,Base,Revised
BUD003961,20250601,P005,BU002,REG001,DEP001,Revenue,9055118.44,9842172.62,Base,Revised
BUD003962,20250601,P005,BU002,REG001,DEP006,COGS,4348977.58,4419510.66,Base,Revised
BUD003963,20250601,P005,BU002,REG001,DEP005,OPEX,3020039.27,3313580.9,Base,Revised
BUD003964,20250601,P005,BU002,REG001,DEP003,EBITDA,2163491.99,2089717.46,Base,Revised
BUD003965,20250601,P005,BU002,REG001,DEP003,Cash Inflow,9122383.77,9399163.17,Base,Revised
BUD003966,20250601,P005,BU002,REG001,DEP003,Cash Outflow,7325542.66,7904988.43,Base,Revised
BUD003967,20250601,P005,BU002,REG002,DEP001,Revenue,8879161.86,8917981.68,Base,Revised
BUD003968,20250601,P005,BU002,REG002,DEP006,COGS,3801758.68,3880047.49,Base,Revised
BUD003969,20250601,P005,BU002,REG002,DEP005,OPEX,2690221.67,2903446.02,Base,Revised
BUD003970,20250601,P005,BU002,REG002,DEP003,EBITDA,1947709.34,1819930.45,Base,Revised
BUD003971,20250601,P005,BU002,REG002,DEP003,Cash Inflow,8196538.07,8433203.54,Base,Revised
BUD003972,20250601,P005,BU002,REG002,DEP003,Cash Outflow,6565856.33,6853905.04,Base,Revised
BUD003973,20250601,P005,BU002,REG003,DEP001,Revenue,5089861.43,5878020.66,Base,Revised
BUD003974,20250601,P005,BU002,REG003,DEP006,COGS,2675873.63,2506357.06,Base,Revised
BUD003975,20250601,P005,BU002,REG003,DEP005,OPEX,2021816.24,2180378.23,Base,Revised
BUD003976,20250601,P005,BU002,REG003,DEP003,EBITDA,1034254.61,1045926.79,Base,Revised
BUD003977,20250601,P005,BU002,REG003,DEP003,Cash Inflow,5174604.91,5574432.46,Base,Revised
BUD003978,20250601,P005,BU002,REG003,DEP003,Cash Outflow,4369927.6,4806618.37,Base,Revised
BUD003979,20250601,P005,BU002,REG004,DEP001,Revenue,1777015.41,1840798.05,Base,Revised
BUD003980,20250601,P005,BU002,REG004,DEP006,COGS,827358.47,829044.77,Base,Revised
BUD003981,20250601,P005,BU002,REG004,DEP005,OPEX,586735.34,607686.47,Base,Revised
BUD003982,20250601,P005,BU002,REG004,DEP003,EBITDA,439896.72,430805.77,Base,Revised
BUD003983,20250601,P005,BU002,REG004,DEP003,Cash Inflow,1661488.57,1771501.4,Base,Revised
BUD003984,20250601,P005,BU002,REG004,DEP003,Cash Outflow,1360677.44,1409521.56,Base,Revised
BUD003985,20250601,P009,BU003,REG001,DEP001,Revenue,8918352.48,9700318.08,Base,Revised
BUD003986,20250601,P009,BU003,REG001,DEP006,COGS,3726319.39,3906429.59,Base,Revised
BUD003987,20250601,P009,BU003,REG001,DEP005,OPEX,3080280.48,3309907.59,Base,Revised
BUD003988,20250601,P009,BU003,REG001,DEP003,EBITDA,2449846.1,2397089.61,Base,Revised
BUD003989,20250601,P009,BU003,REG001,DEP003,Cash Inflow,8864000.29,9264669.88,Base,Revised
BUD003990,20250601,P009,BU003,REG001,DEP003,Cash Outflow,6735645.65,7045661.82,Base,Revised
BUD003991,20250601,P009,BU003,REG002,DEP001,Revenue,7924362.15,7659589.45,Base,Revised
BUD003992,20250601,P009,BU003,REG002,DEP006,COGS,2977766.22,3069159.19,Base,Revised
BUD003993,20250601,P009,BU003,REG002,DEP005,OPEX,2346207.44,2521542.27,Base,Revised
BUD003994,20250601,P009,BU003,REG002,DEP003,EBITDA,2278921.27,2122514.99,Base,Revised
BUD003995,20250601,P009,BU003,REG002,DEP003,Cash Inflow,7174472.47,7281808.51,Base,Revised
BUD003996,20250601,P009,BU003,REG002,DEP003,Cash Outflow,5513396.44,5726499.26,Base,Revised
BUD003997,20250601,P009,BU003,REG003,DEP001,Revenue,6167595.07,6846506.14,Base,Revised
BUD003998,20250601,P009,BU003,REG003,DEP006,COGS,2598280.3,2715154.41,Base,Revised
BUD003999,20250601,P009,BU003,REG003,DEP005,OPEX,2067798.9,2245245.56,Base,Revised
BUD004000,20250601,P009,BU003,REG003,DEP003,EBITDA,1678468.14,1728442.21,Base,Revised
BUD004001,20250601,P009,BU003,REG003,DEP003,Cash Inflow,5878817.82,6347658.49,Base,Revised
BUD004002,20250601,P009,BU003,REG003,DEP003,Cash Outflow,4568411.17,4905514.5,Base,Revised
BUD004003,20250601,P009,BU003,REG004,DEP001,Revenue,2409978.74,2468023.38,Base,Revised
BUD004004,20250601,P009,BU003,REG004,DEP006,COGS,978208.21,984084.77,Base,Revised
BUD004005,20250601,P009,BU003,REG004,DEP005,OPEX,838600.2,907299.74,Base,Revised
BUD004006,20250601,P009,BU003,REG004,DEP003,EBITDA,571969.08,536262.93,Base,Revised
BUD004007,20250601,P009,BU003,REG004,DEP003,Cash Inflow,2408419.78,2394853.99,Base,Revised
BUD004008,20250601,P009,BU003,REG004,DEP003,Cash Outflow,1697787.54,1845856.5,Base,Revised
BUD004009,20250601,P013,BU004,REG001,DEP001,Revenue,6942482.68,8191680.33,Base,Revised
BUD004010,20250601,P013,BU004,REG001,DEP006,COGS,3500968.27,3279118.97,Base,Revised
BUD004011,20250601,P013,BU004,REG001,DEP005,OPEX,2495213.18,2733072.12,Base,Revised
BUD004012,20250601,P013,BU004,REG001,DEP003,EBITDA,1919820.47,1991028.57,Base,Revised
BUD004013,20250601,P013,BU004,REG001,DEP003,Cash Inflow,6642255.4,7568409.71,Base,Revised
BUD004014,20250601,P013,BU004,REG001,DEP003,Cash Outflow,5466339.05,5987717.61,Base,Revised
BUD004015,20250601,P013,BU004,REG002,DEP001,Revenue,5683248.84,6017707.96,Base,Revised
BUD004016,20250601,P013,BU004,REG002,DEP006,COGS,2400156.92,2453212.62,Base,Revised
BUD004017,20250601,P013,BU004,REG002,DEP005,OPEX,1852751.62,2089861.63,Base,Revised
BUD004018,20250601,P013,BU004,REG002,DEP003,EBITDA,1594274.06,1634944.37,Base,Revised
BUD004019,20250601,P013,BU004,REG002,DEP003,Cash Inflow,5234139.15,5874174.83,Base,Revised
BUD004020,20250601,P013,BU004,REG002,DEP003,Cash Outflow,4344171.37,4570491.69,Base,Revised
BUD004021,20250601,P013,BU004,REG003,DEP001,Revenue,3646493.45,4087242.74,Base,Revised
BUD004022,20250601,P013,BU004,REG003,DEP006,COGS,1793098.97,1730605.19,Base,Revised
BUD004023,20250601,P013,BU004,REG003,DEP005,OPEX,1188561.4,1291796.3,Base,Revised
BUD004024,20250601,P013,BU004,REG003,DEP003,EBITDA,1067789.65,1168048.81,Base,Revised
BUD004025,20250601,P013,BU004,REG003,DEP003,Cash Inflow,3425507.81,4020937.08,Base,Revised
BUD004026,20250601,P013,BU004,REG003,DEP003,Cash Outflow,2819460.58,3008853.35,Base,Revised
BUD004027,20250601,P013,BU004,REG004,DEP001,Revenue,2362124.65,2701719.37,Base,Revised
BUD004028,20250601,P013,BU004,REG004,DEP006,COGS,1062087.46,1169638.66,Base,Revised
BUD004029,20250601,P013,BU004,REG004,DEP005,OPEX,964154.13,1056040.68,Base,Revised
BUD004030,20250601,P013,BU004,REG004,DEP003,EBITDA,527341.78,539074.81,Base,Revised
BUD004031,20250601,P013,BU004,REG004,DEP003,Cash Inflow,2278440.46,2519406.73,Base,Revised
BUD004032,20250601,P013,BU004,REG004,DEP003,Cash Outflow,2057723.94,2208282.84,Base,Revised
BUD004033,20250701,P001,BU001,REG001,DEP001,Revenue,7017318.19,7475732.05,Base,Revised
BUD004034,20250701,P001,BU001,REG001,DEP006,COGS,3266488.85,3401756.46,Base,Revised
BUD004035,20250701,P001,BU001,REG001,DEP002,OPEX,2464612.77,2508369.78,Base,Revised
BUD004036,20250701,P001,BU001,REG001,DEP003,EBITDA,1385230.14,1382670.53,Base,Revised
BUD004037,20250701,P001,BU001,REG001,DEP003,Cash Inflow,6612025.85,7045856.63,Base,Revised
BUD004038,20250701,P001,BU001,REG001,DEP003,Cash Outflow,5697918.59,6061656.11,Base,Revised
BUD004039,20250701,P001,BU001,REG002,DEP001,Revenue,6679225.18,6521856.7,Base,Revised
BUD004040,20250701,P001,BU001,REG002,DEP006,COGS,2950080.11,2958690.47,Base,Revised
BUD004041,20250701,P001,BU001,REG002,DEP002,OPEX,2077129.93,2133406.47,Base,Revised
BUD004042,20250701,P001,BU001,REG002,DEP003,EBITDA,1540072.7,1471388.24,Base,Revised
BUD004043,20250701,P001,BU001,REG002,DEP003,Cash Inflow,6019185.7,6220877.74,Base,Revised
BUD004044,20250701,P001,BU001,REG002,DEP003,Cash Outflow,5016398.68,5219342.81,Base,Revised
BUD004045,20250701,P001,BU001,REG003,DEP001,Revenue,5049671.47,5484069.3,Base,Revised
BUD004046,20250701,P001,BU001,REG003,DEP006,COGS,2702102.27,2467140.41,Base,Revised
BUD004047,20250701,P001,BU001,REG003,DEP002,OPEX,1801807.93,1863261.29,Base,Revised
BUD004048,20250701,P001,BU001,REG003,DEP003,EBITDA,1099429.82,1107345.63,Base,Revised
BUD004049,20250701,P001,BU001,REG003,DEP003,Cash Inflow,4692136.17,5184420.97,Base,Revised
BUD004050,20250701,P001,BU001,REG003,DEP003,Cash Outflow,4194414.01,4409102.45,Base,Revised
BUD004051,20250701,P001,BU001,REG004,DEP001,Revenue,1993603.3,2072686.99,Base,Revised
BUD004052,20250701,P001,BU001,REG004,DEP006,COGS,919977.44,952451.0,Base,Revised
BUD004053,20250701,P001,BU001,REG004,DEP002,OPEX,579814.58,634556.04,Base,Revised
BUD004054,20250701,P001,BU001,REG004,DEP003,EBITDA,490014.39,471172.4,Base,Revised
BUD004055,20250701,P001,BU001,REG004,DEP003,Cash Inflow,1876096.32,1919376.49,Base,Revised
BUD004056,20250701,P001,BU001,REG004,DEP003,Cash Outflow,1505629.23,1542518.24,Base,Revised
BUD004057,20250701,P005,BU002,REG001,DEP001,Revenue,11066481.61,12186595.8,Base,Revised
BUD004058,20250701,P005,BU002,REG001,DEP006,COGS,5322706.73,5378512.09,Base,Revised
BUD004059,20250701,P005,BU002,REG001,DEP005,OPEX,3971085.36,4296100.19,Base,Revised
BUD004060,20250701,P005,BU002,REG001,DEP003,EBITDA,2234378.11,2249915.75,Base,Revised
BUD004061,20250701,P005,BU002,REG001,DEP003,Cash Inflow,10983917.87,10955169.65,Base,Revised
BUD004062,20250701,P005,BU002,REG001,DEP003,Cash Outflow,8746673.74,9841499.11,Base,Revised
BUD004063,20250701,P005,BU002,REG002,DEP001,Revenue,5731335.29,5807528.02,Base,Revised
BUD004064,20250701,P005,BU002,REG002,DEP006,COGS,2630922.55,2558573.59,Base,Revised
BUD004065,20250701,P005,BU002,REG002,DEP005,OPEX,1930570.53,2139519.93,Base,Revised
BUD004066,20250701,P005,BU002,REG002,DEP003,EBITDA,1163760.43,1112270.71,Base,Revised
BUD004067,20250701,P005,BU002,REG002,DEP003,Cash Inflow,5860852.21,5503490.1,Base,Revised
BUD004068,20250701,P005,BU002,REG002,DEP003,Cash Outflow,4464866.44,4748480.05,Base,Revised
BUD004069,20250701,P005,BU002,REG003,DEP001,Revenue,5798428.14,6608883.34,Base,Revised
BUD004070,20250701,P005,BU002,REG003,DEP006,COGS,2801534.86,2971570.64,Base,Revised
BUD004071,20250701,P005,BU002,REG003,DEP005,OPEX,2299828.57,2498335.7,Base,Revised
BUD004072,20250701,P005,BU002,REG003,DEP003,EBITDA,1138336.31,1146666.85,Base,Revised
BUD004073,20250701,P005,BU002,REG003,DEP003,Cash Inflow,5664366.23,6376577.33,Base,Revised
BUD004074,20250701,P005,BU002,REG003,DEP003,Cash Outflow,4935723.08,5255508.49,Base,Revised
BUD004075,20250701,P005,BU002,REG004,DEP001,Revenue,1473783.53,1569807.12,Base,Revised
BUD004076,20250701,P005,BU002,REG004,DEP006,COGS,623503.77,667163.09,Base,Revised
BUD004077,20250701,P005,BU002,REG004,DEP005,OPEX,550308.34,596973.64,Base,Revised
BUD004078,20250701,P005,BU002,REG004,DEP003,EBITDA,302290.68,290696.71,Base,Revised
BUD004079,20250701,P005,BU002,REG004,DEP003,Cash Inflow,1358630.66,1490951.12,Base,Revised
BUD004080,20250701,P005,BU002,REG004,DEP003,Cash Outflow,1186563.61,1225460.74,Base,Revised
BUD004081,20250701,P009,BU003,REG001,DEP001,Revenue,10557824.0,11599692.09,Base,Revised
BUD004082,20250701,P009,BU003,REG001,DEP006,COGS,5100371.61,4727062.73,Base,Revised
BUD004083,20250701,P009,BU003,REG001,DEP005,OPEX,3765493.2,4151619.06,Base,Revised
BUD004084,20250701,P009,BU003,REG001,DEP003,EBITDA,2617773.31,2676018.62,Base,Revised
BUD004085,20250701,P009,BU003,REG001,DEP003,Cash Inflow,10342456.74,10670716.6,Base,Revised
BUD004086,20250701,P009,BU003,REG001,DEP003,Cash Outflow,8191921.83,8800354.87,Base,Revised
BUD004087,20250701,P009,BU003,REG002,DEP001,Revenue,5892086.65,5749408.88,Base,Revised
BUD004088,20250701,P009,BU003,REG002,DEP006,COGS,2291594.74,2322219.94,Base,Revised
BUD004089,20250701,P009,BU003,REG002,DEP005,OPEX,1771149.29,1849001.7,Base,Revised
BUD004090,20250701,P009,BU003,REG002,DEP003,EBITDA,1631101.38,1558578.58,Base,Revised
BUD004091,20250701,P009,BU003,REG002,DEP003,Cash Inflow,5792123.46,5271572.32,Base,Revised
BUD004092,20250701,P009,BU003,REG002,DEP003,Cash Outflow,3990203.79,4168206.87,Base,Revised
BUD004093,20250701,P009,BU003,REG003,DEP001,Revenue,3985383.34,4537990.64,Base,Revised
BUD004094,20250701,P009,BU003,REG003,DEP006,COGS,1758757.07,1828919.25,Base,Revised
BUD004095,20250701,P009,BU003,REG003,DEP005,OPEX,1409782.03,1508042.51,Base,Revised
BUD004096,20250701,P009,BU003,REG003,DEP003,EBITDA,1054833.59,1080615.19,Base,Revised
BUD004097,20250701,P009,BU003,REG003,DEP003,Cash Inflow,3828864.71,4119616.26,Base,Revised
BUD004098,20250701,P009,BU003,REG003,DEP003,Cash Outflow,3104007.41,3437880.74,Base,Revised
BUD004099,20250701,P009,BU003,REG004,DEP001,Revenue,2483167.94,2510620.56,Base,Revised
BUD004100,20250701,P009,BU003,REG004,DEP006,COGS,1011606.73,1033507.18,Base,Revised
BUD004101,20250701,P009,BU003,REG004,DEP005,OPEX,714282.94,813231.6,Base,Revised
BUD004102,20250701,P009,BU003,REG004,DEP003,EBITDA,737294.86,726829.89,Base,Revised
BUD004103,20250701,P009,BU003,REG004,DEP003,Cash Inflow,2429917.17,2545030.43,Base,Revised
BUD004104,20250701,P009,BU003,REG004,DEP003,Cash Outflow,1793251.79,1882183.45,Base,Revised
BUD004105,20250701,P013,BU004,REG001,DEP001,Revenue,8142923.56,9472557.6,Base,Revised
BUD004106,20250701,P013,BU004,REG001,DEP006,COGS,3977586.73,3781161.31,Base,Revised
BUD004107,20250701,P013,BU004,REG001,DEP005,OPEX,3061359.96,3265576.04,Base,Revised
BUD004108,20250701,P013,BU004,REG001,DEP003,EBITDA,2199910.75,2291926.6,Base,Revised
BUD004109,20250701,P013,BU004,REG001,DEP003,Cash Inflow,7984574.33,8892990.9,Base,Revised
BUD004110,20250701,P013,BU004,REG001,DEP003,Cash Outflow,6693814.51,7075262.7,Base,Revised
BUD004111,20250701,P013,BU004,REG002,DEP001,Revenue,5426149.42,5798292.84,Base,Revised
BUD004112,20250701,P013,BU004,REG002,DEP006,COGS,2303685.93,2402826.36,Base,Revised
BUD004113,20250701,P013,BU004,REG002,DEP005,OPEX,1884961.91,2078977.8,Base,Revised
BUD004114,20250701,P013,BU004,REG002,DEP003,EBITDA,1483809.0,1483167.42,Base,Revised
BUD004115,20250701,P013,BU004,REG002,DEP003,Cash Inflow,5381617.0,5830658.93,Base,Revised
BUD004116,20250701,P013,BU004,REG002,DEP003,Cash Outflow,4233852.9,4436015.9,Base,Revised
BUD004117,20250701,P013,BU004,REG003,DEP001,Revenue,3711232.03,4389850.84,Base,Revised
BUD004118,20250701,P013,BU004,REG003,DEP006,COGS,1704848.86,1781189.39,Base,Revised
BUD004119,20250701,P013,BU004,REG003,DEP005,OPEX,1418975.46,1488688.23,Base,Revised
BUD004120,20250701,P013,BU004,REG003,DEP003,EBITDA,903623.38,965287.33,Base,Revised
BUD004121,20250701,P013,BU004,REG003,DEP003,Cash Inflow,3517422.78,4148773.85,Base,Revised
BUD004122,20250701,P013,BU004,REG003,DEP003,Cash Outflow,3097366.34,3321405.38,Base,Revised
BUD004123,20250701,P013,BU004,REG004,DEP001,Revenue,1839776.75,2037441.16,Base,Revised
BUD004124,20250701,P013,BU004,REG004,DEP006,COGS,839147.63,817675.41,Base,Revised
BUD004125,20250701,P013,BU004,REG004,DEP005,OPEX,706148.29,741873.9,Base,Revised
BUD004126,20250701,P013,BU004,REG004,DEP003,EBITDA,487822.16,507841.85,Base,Revised
BUD004127,20250701,P013,BU004,REG004,DEP003,Cash Inflow,1852873.21,2091545.66,Base,Revised
BUD004128,20250701,P013,BU004,REG004,DEP003,Cash Outflow,1479330.59,1557260.34,Base,Revised
BUD004129,20250801,P001,BU001,REG001,DEP001,Revenue,8211538.55,8401479.1,Base,Revised
BUD004130,20250801,P001,BU001,REG001,DEP006,COGS,4153183.21,4050131.39,Base,Revised
BUD004131,20250801,P001,BU001,REG001,DEP002,OPEX,2893297.32,3029169.9,Base,Revised
BUD004132,20250801,P001,BU001,REG001,DEP003,EBITDA,1635233.76,1627119.16,Base,Revised
BUD004133,20250801,P001,BU001,REG001,DEP003,Cash Inflow,7707817.97,8106200.99,Base,Revised
BUD004134,20250801,P001,BU001,REG001,DEP003,Cash Outflow,6475817.03,7133063.61,Base,Revised
BUD004135,20250801,P001,BU001,REG002,DEP001,Revenue,6704531.32,6343912.75,Base,Revised
BUD004136,20250801,P001,BU001,REG002,DEP006,COGS,3164237.21,2925465.58,Base,Revised
BUD004137,20250801,P001,BU001,REG002,DEP002,OPEX,2050709.36,2208488.12,Base,Revised
BUD004138,20250801,P001,BU001,REG002,DEP003,EBITDA,1436795.03,1308272.1,Base,Revised
BUD004139,20250801,P001,BU001,REG002,DEP003,Cash Inflow,6236751.1,6120614.87,Base,Revised
BUD004140,20250801,P001,BU001,REG002,DEP003,Cash Outflow,4968312.58,4973412.08,Base,Revised
BUD004141,20250801,P001,BU001,REG003,DEP001,Revenue,4396479.2,5019253.18,Base,Revised
BUD004142,20250801,P001,BU001,REG003,DEP006,COGS,2220682.78,2288961.36,Base,Revised
BUD004143,20250801,P001,BU001,REG003,DEP002,OPEX,1501369.41,1640876.57,Base,Revised
BUD004144,20250801,P001,BU001,REG003,DEP003,EBITDA,1031453.89,1078778.26,Base,Revised
BUD004145,20250801,P001,BU001,REG003,DEP003,Cash Inflow,4381981.8,4638309.66,Base,Revised
BUD004146,20250801,P001,BU001,REG003,DEP003,Cash Outflow,3756776.12,3771670.82,Base,Revised
BUD004147,20250801,P001,BU001,REG004,DEP001,Revenue,1850771.16,1844268.41,Base,Revised
BUD004148,20250801,P001,BU001,REG004,DEP006,COGS,881350.43,832094.91,Base,Revised
BUD004149,20250801,P001,BU001,REG004,DEP002,OPEX,608583.94,637847.86,Base,Revised
BUD004150,20250801,P001,BU001,REG004,DEP003,EBITDA,388808.77,374083.39,Base,Revised
BUD004151,20250801,P001,BU001,REG004,DEP003,Cash Inflow,1788038.02,1786490.8,Base,Revised
BUD004152,20250801,P001,BU001,REG004,DEP003,Cash Outflow,1374028.29,1428399.32,Base,Revised
BUD004153,20250801,P005,BU002,REG001,DEP001,Revenue,7789786.19,8634905.33,Base,Revised
BUD004154,20250801,P005,BU002,REG001,DEP006,COGS,3750607.49,3942919.18,Base,Revised
BUD004155,20250801,P005,BU002,REG001,DEP005,OPEX,2817797.85,3036644.26,Base,Revised
BUD004156,20250801,P005,BU002,REG001,DEP003,EBITDA,1562822.29,1550744.01,Base,Revised
BUD004157,20250801,P005,BU002,REG001,DEP003,Cash Inflow,7709906.21,8162166.3,Base,Revised
BUD004158,20250801,P005,BU002,REG001,DEP003,Cash Outflow,6713831.7,7035250.85,Base,Revised
BUD004159,20250801,P005,BU002,REG002,DEP001,Revenue,8814329.52,8417478.48,Base,Revised
BUD004160,20250801,P005,BU002,REG002,DEP006,COGS,3775969.53,3849166.31,Base,Revised
BUD004161,20250801,P005,BU002,REG002,DEP005,OPEX,2669652.13,2861483.82,Base,Revised
BUD004162,20250801,P005,BU002,REG002,DEP003,EBITDA,1864806.87,1824971.71,Base,Revised
BUD004163,20250801,P005,BU002,REG002,DEP003,Cash Inflow,8295287.48,8190420.73,Base,Revised
BUD004164,20250801,P005,BU002,REG002,DEP003,Cash Outflow,6392781.97,6733014.23,Base,Revised
BUD004165,20250801,P005,BU002,REG003,DEP001,Revenue,5800386.17,6445211.92,Base,Revised
BUD004166,20250801,P005,BU002,REG003,DEP006,COGS,3211763.4,3001951.53,Base,Revised
BUD004167,20250801,P005,BU002,REG003,DEP005,OPEX,2133242.37,2367541.51,Base,Revised
BUD004168,20250801,P005,BU002,REG003,DEP003,EBITDA,1242332.5,1255829.55,Base,Revised
BUD004169,20250801,P005,BU002,REG003,DEP003,Cash Inflow,5951143.06,6382772.63,Base,Revised
BUD004170,20250801,P005,BU002,REG003,DEP003,Cash Outflow,4871317.85,5102068.11,Base,Revised
BUD004171,20250801,P005,BU002,REG004,DEP001,Revenue,2280965.62,2389629.15,Base,Revised
BUD004172,20250801,P005,BU002,REG004,DEP006,COGS,1055428.8,1114597.83,Base,Revised
BUD004173,20250801,P005,BU002,REG004,DEP005,OPEX,805265.68,868025.91,Base,Revised
BUD004174,20250801,P005,BU002,REG004,DEP003,EBITDA,400684.17,399888.87,Base,Revised
BUD004175,20250801,P005,BU002,REG004,DEP003,Cash Inflow,2146290.34,2221430.55,Base,Revised
BUD004176,20250801,P005,BU002,REG004,DEP003,Cash Outflow,1880211.56,1908198.14,Base,Revised
BUD004177,20250801,P009,BU003,REG001,DEP001,Revenue,8875944.06,9198589.34,Base,Revised
BUD004178,20250801,P009,BU003,REG001,DEP006,COGS,3661151.48,3863602.49,Base,Revised
BUD004179,20250801,P009,BU003,REG001,DEP005,OPEX,2957614.32,3143729.97,Base,Revised
BUD004180,20250801,P009,BU003,REG001,DEP003,EBITDA,2326457.83,2331035.48,Base,Revised
BUD004181,20250801,P009,BU003,REG001,DEP003,Cash Inflow,8916981.31,8757236.02,Base,Revised
BUD004182,20250801,P009,BU003,REG001,DEP003,Cash Outflow,6913263.67,7076194.69,Base,Revised
BUD004183,20250801,P009,BU003,REG002,DEP001,Revenue,6056365.71,5817844.85,Base,Revised
BUD004184,20250801,P009,BU003,REG002,DEP006,COGS,2250594.84,2469255.97,Base,Revised
BUD004185,20250801,P009,BU003,REG002,DEP005,OPEX,1878446.59,1952282.43,Base,Revised
BUD004186,20250801,P009,BU003,REG002,DEP003,EBITDA,1572343.95,1470743.6,Base,Revised
BUD004187,20250801,P009,BU003,REG002,DEP003,Cash Inflow,6085726.5,5615407.98,Base,Revised
BUD004188,20250801,P009,BU003,REG002,DEP003,Cash Outflow,4189923.52,4450970.07,Base,Revised
BUD004189,20250801,P009,BU003,REG003,DEP001,Revenue,4228300.66,4741289.94,Base,Revised
BUD004190,20250801,P009,BU003,REG003,DEP006,COGS,2133772.42,1916876.39,Base,Revised
BUD004191,20250801,P009,BU003,REG003,DEP005,OPEX,1467615.26,1615816.32,Base,Revised
BUD004192,20250801,P009,BU003,REG003,DEP003,EBITDA,1154795.14,1201584.34,Base,Revised
BUD004193,20250801,P009,BU003,REG003,DEP003,Cash Inflow,4152587.58,4443844.17,Base,Revised
BUD004194,20250801,P009,BU003,REG003,DEP003,Cash Outflow,3300811.64,3607089.33,Base,Revised
BUD004195,20250801,P009,BU003,REG004,DEP001,Revenue,3783600.96,3757032.06,Base,Revised
BUD004196,20250801,P009,BU003,REG004,DEP006,COGS,1536071.74,1613527.87,Base,Revised
BUD004197,20250801,P009,BU003,REG004,DEP005,OPEX,1121410.02,1204937.04,Base,Revised
BUD004198,20250801,P009,BU003,REG004,DEP003,EBITDA,1075001.08,1034258.54,Base,Revised
BUD004199,20250801,P009,BU003,REG004,DEP003,Cash Inflow,3438081.68,3613345.74,Base,Revised
BUD004200,20250801,P009,BU003,REG004,DEP003,Cash Outflow,2647765.62,2831403.55,Base,Revised
BUD004201,20250801,P013,BU004,REG001,DEP001,Revenue,8024028.76,9126108.16,Base,Revised
BUD004202,20250801,P013,BU004,REG001,DEP006,COGS,3954719.31,3827997.71,Base,Revised
BUD004203,20250801,P013,BU004,REG001,DEP005,OPEX,2800251.35,3008861.98,Base,Revised
BUD004204,20250801,P013,BU004,REG001,DEP003,EBITDA,2169010.77,2299477.01,Base,Revised
BUD004205,20250801,P013,BU004,REG001,DEP003,Cash Inflow,7616761.0,8854083.75,Base,Revised
BUD004206,20250801,P013,BU004,REG001,DEP003,Cash Outflow,6668229.13,6897364.88,Base,Revised
BUD004207,20250801,P013,BU004,REG002,DEP001,Revenue,5635025.54,6110016.57,Base,Revised
BUD004208,20250801,P013,BU004,REG002,DEP006,COGS,2400550.14,2526755.16,Base,Revised
BUD004209,20250801,P013,BU004,REG002,DEP005,OPEX,2041761.69,2147264.7,Base,Revised
BUD004210,20250801,P013,BU004,REG002,DEP003,EBITDA,1448517.3,1439843.28,Base,Revised
BUD004211,20250801,P013,BU004,REG002,DEP003,Cash Inflow,5270880.97,5714418.49,Base,Revised
BUD004212,20250801,P013,BU004,REG002,DEP003,Cash Outflow,4397345.22,4676898.69,Base,Revised
BUD004213,20250801,P013,BU004,REG003,DEP001,Revenue,2397428.76,2701168.25,Base,Revised
BUD004214,20250801,P013,BU004,REG003,DEP006,COGS,1066362.11,1139686.49,Base,Revised
BUD004215,20250801,P013,BU004,REG003,DEP005,OPEX,962382.07,1027060.27,Base,Revised
BUD004216,20250801,P013,BU004,REG003,DEP003,EBITDA,550679.84,591388.72,Base,Revised
BUD004217,20250801,P013,BU004,REG003,DEP003,Cash Inflow,2246500.69,2595697.38,Base,Revised
BUD004218,20250801,P013,BU004,REG003,DEP003,Cash Outflow,1915303.97,2169960.31,Base,Revised
BUD004219,20250801,P013,BU004,REG004,DEP001,Revenue,2280740.43,2659141.57,Base,Revised
BUD004220,20250801,P013,BU004,REG004,DEP006,COGS,1015681.09,1017119.32,Base,Revised
BUD004221,20250801,P013,BU004,REG004,DEP005,OPEX,887743.08,953051.73,Base,Revised
BUD004222,20250801,P013,BU004,REG004,DEP003,EBITDA,601083.51,628290.49,Base,Revised
BUD004223,20250801,P013,BU004,REG004,DEP003,Cash Inflow,2201450.58,2573785.56,Base,Revised
BUD004224,20250801,P013,BU004,REG004,DEP003,Cash Outflow,1886931.75,2040747.46,Base,Revised
BUD004225,20250901,P001,BU001,REG001,DEP001,Revenue,9317160.26,9956412.05,Base,Revised
BUD004226,20250901,P001,BU001,REG001,DEP006,COGS,4850669.37,4627715.72,Base,Revised
BUD004227,20250901,P001,BU001,REG001,DEP002,OPEX,3396021.32,3648271.13,Base,Revised
BUD004228,20250901,P001,BU001,REG001,DEP003,EBITDA,1830162.07,1802784.23,Base,Revised
BUD004229,20250901,P001,BU001,REG001,DEP003,Cash Inflow,9233368.93,9300546.81,Base,Revised
BUD004230,20250901,P001,BU001,REG001,DEP003,Cash Outflow,7714468.68,8143119.8,Base,Revised
BUD004231,20250901,P001,BU001,REG002,DEP001,Revenue,7593957.79,7141647.95,Base,Revised
BUD004232,20250901,P001,BU001,REG002,DEP006,COGS,3158869.12,3244597.21,Base,Revised
BUD004233,20250901,P001,BU001,REG002,DEP002,OPEX,2430468.56,2626272.69,Base,Revised
BUD004234,20250901,P001,BU001,REG002,DEP003,EBITDA,1486368.99,1413209.03,Base,Revised
BUD004235,20250901,P001,BU001,REG002,DEP003,Cash Inflow,7312404.38,7030586.7,Base,Revised
BUD004236,20250901,P001,BU001,REG002,DEP003,Cash Outflow,5678871.57,5989766.67,Base,Revised
BUD004237,20250901,P001,BU001,REG003,DEP001,Revenue,5417517.45,6008563.85,Base,Revised
BUD004238,20250901,P001,BU001,REG003,DEP006,COGS,2770282.78,2632349.31,Base,Revised
BUD004239,20250901,P001,BU001,REG003,DEP002,OPEX,1898730.58,2009608.68,Base,Revised
BUD004240,20250901,P001,BU001,REG003,DEP003,EBITDA,1252108.55,1314611.8,Base,Revised
BUD004241,20250901,P001,BU001,REG003,DEP003,Cash Inflow,5147497.02,5722606.66,Base,Revised
BUD004242,20250901,P001,BU001,REG003,DEP003,Cash Outflow,4324919.14,4690067.71,Base,Revised
BUD004243,20250901,P001,BU001,REG004,DEP001,Revenue,1797680.5,1828979.55,Base,Revised
BUD004244,20250901,P001,BU001,REG004,DEP006,COGS,761657.07,798653.67,Base,Revised
BUD004245,20250901,P001,BU001,REG004,DEP002,OPEX,591338.01,631584.72,Base,Revised
BUD004246,20250901,P001,BU001,REG004,DEP003,EBITDA,363631.24,344216.57,Base,Revised
BUD004247,20250901,P001,BU001,REG004,DEP003,Cash Inflow,1754225.67,1664346.94,Base,Revised
BUD004248,20250901,P001,BU001,REG004,DEP003,Cash Outflow,1296856.22,1424260.74,Base,Revised
BUD004249,20250901,P005,BU002,REG001,DEP001,Revenue,9413214.06,10093047.79,Base,Revised
BUD004250,20250901,P005,BU002,REG001,DEP006,COGS,4407057.87,4572590.2,Base,Revised
BUD004251,20250901,P005,BU002,REG001,DEP005,OPEX,3554477.23,3829384.36,Base,Revised
BUD004252,20250901,P005,BU002,REG001,DEP003,EBITDA,1789981.85,1724646.54,Base,Revised
BUD004253,20250901,P005,BU002,REG001,DEP003,Cash Inflow,8721618.22,9505501.01,Base,Revised
BUD004254,20250901,P005,BU002,REG001,DEP003,Cash Outflow,7863774.71,8392864.51,Base,Revised
BUD004255,20250901,P005,BU002,REG002,DEP001,Revenue,6406396.08,6339447.63,Base,Revised
BUD004256,20250901,P005,BU002,REG002,DEP006,COGS,3066143.36,2855237.41,Base,Revised
BUD004257,20250901,P005,BU002,REG002,DEP005,OPEX,1896707.64,2091575.5,Base,Revised
BUD004258,20250901,P005,BU002,REG002,DEP003,EBITDA,1502909.41,1437694.45,Base,Revised
BUD004259,20250901,P005,BU002,REG002,DEP003,Cash Inflow,6331682.14,5902541.11,Base,Revised
BUD004260,20250901,P005,BU002,REG002,DEP003,Cash Outflow,4531877.2,4777332.41,Base,Revised
BUD004261,20250901,P005,BU002,REG003,DEP001,Revenue,5210571.7,5909351.71,Base,Revised
BUD004262,20250901,P005,BU002,REG003,DEP006,COGS,2564226.58,2619497.13,Base,Revised
BUD004263,20250901,P005,BU002,REG003,DEP005,OPEX,1936060.35,2126496.91,Base,Revised
BUD004264,20250901,P005,BU002,REG003,DEP003,EBITDA,1101756.6,1136271.12,Base,Revised
BUD004265,20250901,P005,BU002,REG003,DEP003,Cash Inflow,5264443.55,5726254.64,Base,Revised
BUD004266,20250901,P005,BU002,REG003,DEP003,Cash Outflow,4374417.89,4595697.49,Base,Revised
BUD004267,20250901,P005,BU002,REG004,DEP001,Revenue,3794541.8,3944473.96,Base,Revised
BUD004268,20250901,P005,BU002,REG004,DEP006,COGS,1843471.76,1762491.68,Base,Revised
BUD004269,20250901,P005,BU002,REG004,DEP005,OPEX,1426972.8,1548814.32,Base,Revised
BUD004270,20250901,P005,BU002,REG004,DEP003,EBITDA,740229.52,712513.02,Base,Revised
BUD004271,20250901,P005,BU002,REG004,DEP003,Cash Inflow,3682658.56,3707431.82,Base,Revised
BUD004272,20250901,P005,BU002,REG004,DEP003,Cash Outflow,3004249.11,3160131.12,Base,Revised
BUD004273,20250901,P009,BU003,REG001,DEP001,Revenue,10514485.84,11668761.33,Base,Revised
BUD004274,20250901,P009,BU003,REG001,DEP006,COGS,4554286.8,4602574.35,Base,Revised
BUD004275,20250901,P009,BU003,REG001,DEP005,OPEX,3299008.07,3450975.23,Base,Revised
BUD004276,20250901,P009,BU003,REG001,DEP003,EBITDA,3228389.82,3089432.48,Base,Revised
BUD004277,20250901,P009,BU003,REG001,DEP003,Cash Inflow,10290455.22,10577626.16,Base,Revised
BUD004278,20250901,P009,BU003,REG001,DEP003,Cash Outflow,7436656.96,8311064.79,Base,Revised
BUD004279,20250901,P009,BU003,REG002,DEP001,Revenue,7078387.0,7191875.44,Base,Revised
BUD004280,20250901,P009,BU003,REG002,DEP006,COGS,2654320.06,2806426.86,Base,Revised
BUD004281,20250901,P009,BU003,REG002,DEP005,OPEX,2162148.11,2345734.38,Base,Revised
BUD004282,20250901,P009,BU003,REG002,DEP003,EBITDA,1960662.44,1859955.16,Base,Revised
BUD004283,20250901,P009,BU003,REG002,DEP003,Cash Inflow,7157015.3,6679913.36,Base,Revised
BUD004284,20250901,P009,BU003,REG002,DEP003,Cash Outflow,4765153.08,5200551.51,Base,Revised
BUD004285,20250901,P009,BU003,REG003,DEP001,Revenue,3914703.62,4432960.25,Base,Revised
BUD004286,20250901,P009,BU003,REG003,DEP006,COGS,1880324.59,1762633.8,Base,Revised
BUD004287,20250901,P009,BU003,REG003,DEP005,OPEX,1259317.37,1297769.26,Base,Revised
BUD004288,20250901,P009,BU003,REG003,DEP003,EBITDA,1232591.07,1221654.76,Base,Revised
BUD004289,20250901,P009,BU003,REG003,DEP003,Cash Inflow,3825849.26,3985557.45,Base,Revised
BUD004290,20250901,P009,BU003,REG003,DEP003,Cash Outflow,2803452.92,3025016.18,Base,Revised
BUD004291,20250901,P009,BU003,REG004,DEP001,Revenue,2588264.23,2676841.51,Base,Revised
BUD004292,20250901,P009,BU003,REG004,DEP006,COGS,1143469.23,1134782.2,Base,Revised
BUD004293,20250901,P009,BU003,REG004,DEP005,OPEX,718206.15,807220.12,Base,Revised
BUD004294,20250901,P009,BU003,REG004,DEP003,EBITDA,811922.11,777284.87,Base,Revised
BUD004295,20250901,P009,BU003,REG004,DEP003,Cash Inflow,2476152.04,2544779.98,Base,Revised
BUD004296,20250901,P009,BU003,REG004,DEP003,Cash Outflow,1800025.85,1868540.44,Base,Revised
BUD004297,20250901,P013,BU004,REG001,DEP001,Revenue,7818468.95,8911432.8,Base,Revised
BUD004298,20250901,P013,BU004,REG001,DEP006,COGS,3463641.7,3551894.69,Base,Revised
BUD004299,20250901,P013,BU004,REG001,DEP005,OPEX,2847534.55,3200950.06,Base,Revised
BUD004300,20250901,P013,BU004,REG001,DEP003,EBITDA,2135411.71,2218099.38,Base,Revised
BUD004301,20250901,P013,BU004,REG001,DEP003,Cash Inflow,7379627.83,8469124.47,Base,Revised
BUD004302,20250901,P013,BU004,REG001,DEP003,Cash Outflow,6376194.26,6856249.78,Base,Revised
BUD004303,20250901,P013,BU004,REG002,DEP001,Revenue,5291579.18,5838925.24,Base,Revised
BUD004304,20250901,P013,BU004,REG002,DEP006,COGS,2332893.21,2408323.61,Base,Revised
BUD004305,20250901,P013,BU004,REG002,DEP005,OPEX,1951976.57,2174585.01,Base,Revised
BUD004306,20250901,P013,BU004,REG002,DEP003,EBITDA,1320790.11,1300136.64,Base,Revised
BUD004307,20250901,P013,BU004,REG002,DEP003,Cash Inflow,5017088.48,5508752.4,Base,Revised
BUD004308,20250901,P013,BU004,REG002,DEP003,Cash Outflow,4158048.84,4625335.85,Base,Revised
BUD004309,20250901,P013,BU004,REG003,DEP001,Revenue,4564263.53,5096461.09,Base,Revised
BUD004310,20250901,P013,BU004,REG003,DEP006,COGS,2200540.29,2177553.75,Base,Revised
BUD004311,20250901,P013,BU004,REG003,DEP005,OPEX,1639120.28,1768965.08,Base,Revised
BUD004312,20250901,P013,BU004,REG003,DEP003,EBITDA,1158186.78,1256349.46,Base,Revised
BUD004313,20250901,P013,BU004,REG003,DEP003,Cash Inflow,4436402.13,5038345.46,Base,Revised
BUD004314,20250901,P013,BU004,REG003,DEP003,Cash Outflow,3725942.67,3917688.39,Base,Revised
BUD004315,20250901,P013,BU004,REG004,DEP001,Revenue,1462031.9,1693896.77,Base,Revised
BUD004316,20250901,P013,BU004,REG004,DEP006,COGS,700871.64,689410.38,Base,Revised
BUD004317,20250901,P013,BU004,REG004,DEP005,OPEX,509522.57,542831.59,Base,Revised
BUD004318,20250901,P013,BU004,REG004,DEP003,EBITDA,412975.63,422100.57,Base,Revised
BUD004319,20250901,P013,BU004,REG004,DEP003,Cash Inflow,1501903.22,1591602.19,Base,Revised
BUD004320,20250901,P013,BU004,REG004,DEP003,Cash Outflow,1204062.34,1238410.71,Base,Revised
BUD004321,20251001,P001,BU001,REG001,DEP001,Revenue,8650859.89,9126444.43,Base,Revised
BUD004322,20251001,P001,BU001,REG001,DEP006,COGS,4133235.09,4060421.52,Base,Revised
BUD004323,20251001,P001,BU001,REG001,DEP002,OPEX,2923886.96,3219682.7,Base,Revised
BUD004324,20251001,P001,BU001,REG001,DEP003,EBITDA,1733755.42,1764550.43,Base,Revised
BUD004325,20251001,P001,BU001,REG001,DEP003,Cash Inflow,7980008.08,8729201.79,Base,Revised
BUD004326,20251001,P001,BU001,REG001,DEP003,Cash Outflow,7063351.3,7388180.03,Base,Revised
BUD004327,20251001,P001,BU001,REG002,DEP001,Revenue,7757485.98,7519920.31,Base,Revised
BUD004328,20251001,P001,BU001,REG002,DEP006,COGS,3361003.55,3314476.88,Base,Revised
BUD004329,20251001,P001,BU001,REG002,DEP002,OPEX,2435596.24,2582493.95,Base,Revised
BUD004330,20251001,P001,BU001,REG002,DEP003,EBITDA,1547149.79,1413307.23,Base,Revised
BUD004331,20251001,P001,BU001,REG002,DEP003,Cash Inflow,7057431.85,6968336.88,Base,Revised
BUD004332,20251001,P001,BU001,REG002,DEP003,Cash Outflow,5669129.51,6080169.26,Base,Revised
BUD004333,20251001,P001,BU001,REG003,DEP001,Revenue,5075307.48,5347796.41,Base,Revised
BUD004334,20251001,P001,BU001,REG003,DEP006,COGS,2619335.95,2584711.35,Base,Revised
BUD004335,20251001,P001,BU001,REG003,DEP002,OPEX,1813082.96,1890724.1,Base,Revised
BUD004336,20251001,P001,BU001,REG003,DEP003,EBITDA,1015814.4,1003623.71,Base,Revised
BUD004337,20251001,P001,BU001,REG003,DEP003,Cash Inflow,4816799.69,5156599.4,Base,Revised
BUD004338,20251001,P001,BU001,REG003,DEP003,Cash Outflow,4206483.99,4389967.42,Base,Revised
BUD004339,20251001,P001,BU001,REG004,DEP001,Revenue,3246639.65,3257233.67,Base,Revised
BUD004340,20251001,P001,BU001,REG004,DEP006,COGS,1534728.62,1497466.96,Base,Revised
BUD004341,20251001,P001,BU001,REG004,DEP002,OPEX,1054658.66,1099176.17,Base,Revised
BUD004342,20251001,P001,BU001,REG004,DEP003,EBITDA,723416.59,719862.45,Base,Revised
BUD004343,20251001,P001,BU001,REG004,DEP003,Cash Inflow,2986345.85,3063507.88,Base,Revised
BUD004344,20251001,P001,BU001,REG004,DEP003,Cash Outflow,2463958.82,2555754.03,Base,Revised
BUD004345,20251001,P005,BU002,REG001,DEP001,Revenue,11577206.43,12558450.22,Base,Revised
BUD004346,20251001,P005,BU002,REG001,DEP006,COGS,5474356.11,5843712.19,Base,Revised
BUD004347,20251001,P005,BU002,REG001,DEP005,OPEX,4068083.12,4488157.91,Base,Revised
BUD004348,20251001,P005,BU002,REG001,DEP003,EBITDA,2429499.72,2404715.26,Base,Revised
BUD004349,20251001,P005,BU002,REG001,DEP003,Cash Inflow,11462253.85,11719380.94,Base,Revised
BUD004350,20251001,P005,BU002,REG001,DEP003,Cash Outflow,9873165.55,10010452.1,Base,Revised
BUD004351,20251001,P005,BU002,REG002,DEP001,Revenue,8285350.37,8290821.16,Base,Revised
BUD004352,20251001,P005,BU002,REG002,DEP006,COGS,3771250.33,3677655.35,Base,Revised
BUD004353,20251001,P005,BU002,REG002,DEP005,OPEX,2746735.76,2982689.5,Base,Revised
BUD004354,20251001,P005,BU002,REG002,DEP003,EBITDA,1649919.49,1563234.82,Base,Revised
BUD004355,20251001,P005,BU002,REG002,DEP003,Cash Inflow,7710310.42,7811202.54,Base,Revised
BUD004356,20251001,P005,BU002,REG002,DEP003,Cash Outflow,6285873.45,6634342.43,Base,Revised
BUD004357,20251001,P005,BU002,REG003,DEP001,Revenue,6465072.75,7229459.34,Base,Revised
BUD004358,20251001,P005,BU002,REG003,DEP006,COGS,3198506.02,3402169.41,Base,Revised
BUD004359,20251001,P005,BU002,REG003,DEP005,OPEX,2385992.08,2555266.08,Base,Revised
BUD004360,20251001,P005,BU002,REG003,DEP003,EBITDA,1194328.55,1202152.57,Base,Revised
BUD004361,20251001,P005,BU002,REG003,DEP003,Cash Inflow,6315341.16,6749862.24,Base,Revised
BUD004362,20251001,P005,BU002,REG003,DEP003,Cash Outflow,5801927.15,6070194.24,Base,Revised
BUD004363,20251001,P005,BU002,REG004,DEP001,Revenue,1897934.23,1997647.99,Base,Revised
BUD004364,20251001,P005,BU002,REG004,DEP006,COGS,848951.11,927610.36,Base,Revised
BUD004365,20251001,P005,BU002,REG004,DEP005,OPEX,682966.82,722358.36,Base,Revised
BUD004366,20251001,P005,BU002,REG004,DEP003,EBITDA,340179.85,342358.39,Base,Revised
BUD004367,20251001,P005,BU002,REG004,DEP003,Cash Inflow,1825238.14,1946119.65,Base,Revised
BUD004368,20251001,P005,BU002,REG004,DEP003,Cash Outflow,1550617.39,1638507.0,Base,Revised
BUD004369,20251001,P009,BU003,REG001,DEP001,Revenue,11275221.41,11619773.15,Base,Revised
BUD004370,20251001,P009,BU003,REG001,DEP006,COGS,4944988.75,4718685.64,Base,Revised
BUD004371,20251001,P009,BU003,REG001,DEP005,OPEX,3363462.89,3585229.46,Base,Revised
BUD004372,20251001,P009,BU003,REG001,DEP003,EBITDA,3405450.33,3313414.27,Base,Revised
BUD004373,20251001,P009,BU003,REG001,DEP003,Cash Inflow,10195283.45,11160377.86,Base,Revised
BUD004374,20251001,P009,BU003,REG001,DEP003,Cash Outflow,8025772.59,8135500.4,Base,Revised
BUD004375,20251001,P009,BU003,REG002,DEP001,Revenue,8123394.5,7892875.88,Base,Revised
BUD004376,20251001,P009,BU003,REG002,DEP006,COGS,3394698.63,3321514.06,Base,Revised
BUD004377,20251001,P009,BU003,REG002,DEP005,OPEX,2292613.76,2537496.82,Base,Revised
BUD004378,20251001,P009,BU003,REG002,DEP003,EBITDA,2180444.57,2097782.99,Base,Revised
BUD004379,20251001,P009,BU003,REG002,DEP003,Cash Inflow,7207035.4,7192963.88,Base,Revised
BUD004380,20251001,P009,BU003,REG002,DEP003,Cash Outflow,5314830.43,5939997.57,Base,Revised
BUD004381,20251001,P009,BU003,REG003,DEP001,Revenue,5286345.16,5781798.05,Base,Revised
BUD004382,20251001,P009,BU003,REG003,DEP006,COGS,2584807.82,2404058.28,Base,Revised
BUD004383,20251001,P009,BU003,REG003,DEP005,OPEX,1743444.28,1946752.75,Base,Revised
BUD004384,20251001,P009,BU003,REG003,DEP003,EBITDA,1399782.85,1400216.0,Base,Revised
BUD004385,20251001,P009,BU003,REG003,DEP003,Cash Inflow,5121621.99,5559014.77,Base,Revised
BUD004386,20251001,P009,BU003,REG003,DEP003,Cash Outflow,4271025.44,4530788.49,Base,Revised
BUD004387,20251001,P009,BU003,REG004,DEP001,Revenue,2784767.64,2833115.04,Base,Revised
BUD004388,20251001,P009,BU003,REG004,DEP006,COGS,1271479.35,1183201.19,Base,Revised
BUD004389,20251001,P009,BU003,REG004,DEP005,OPEX,883673.42,955088.91,Base,Revised
BUD004390,20251001,P009,BU003,REG004,DEP003,EBITDA,727707.39,694964.17,Base,Revised
BUD004391,20251001,P009,BU003,REG004,DEP003,Cash Inflow,2725990.73,2826076.05,Base,Revised
BUD004392,20251001,P009,BU003,REG004,DEP003,Cash Outflow,1925230.76,2048497.68,Base,Revised
BUD004393,20251001,P013,BU004,REG001,DEP001,Revenue,7820946.54,8822611.93,Base,Revised
BUD004394,20251001,P013,BU004,REG001,DEP006,COGS,3351148.94,3712248.3,Base,Revised
BUD004395,20251001,P013,BU004,REG001,DEP005,OPEX,2700126.04,2925754.07,Base,Revised
BUD004396,20251001,P013,BU004,REG001,DEP003,EBITDA,2301531.38,2378918.42,Base,Revised
BUD004397,20251001,P013,BU004,REG001,DEP003,Cash Inflow,7452667.33,8603101.86,Base,Revised
BUD004398,20251001,P013,BU004,REG001,DEP003,Cash Outflow,6325604.46,6348324.36,Base,Revised
BUD004399,20251001,P013,BU004,REG002,DEP001,Revenue,5285963.55,5901983.52,Base,Revised
BUD004400,20251001,P013,BU004,REG002,DEP006,COGS,2398175.21,2327264.58,Base,Revised
BUD004401,20251001,P013,BU004,REG002,DEP005,OPEX,1989426.31,2201806.03,Base,Revised
BUD004402,20251001,P013,BU004,REG002,DEP003,EBITDA,1283622.69,1328908.12,Base,Revised
BUD004403,20251001,P013,BU004,REG002,DEP003,Cash Inflow,4936614.92,5459314.31,Base,Revised
BUD004404,20251001,P013,BU004,REG002,DEP003,Cash Outflow,4193980.62,4352326.11,Base,Revised
BUD004405,20251001,P013,BU004,REG003,DEP001,Revenue,5552589.74,6298381.57,Base,Revised
BUD004406,20251001,P013,BU004,REG003,DEP006,COGS,2473420.05,2661667.33,Base,Revised
BUD004407,20251001,P013,BU004,REG003,DEP005,OPEX,2066535.79,2160392.53,Base,Revised
BUD004408,20251001,P013,BU004,REG003,DEP003,EBITDA,1388236.56,1522917.9,Base,Revised
BUD004409,20251001,P013,BU004,REG003,DEP003,Cash Inflow,5359411.67,6125828.69,Base,Revised
BUD004410,20251001,P013,BU004,REG003,DEP003,Cash Outflow,4440917.92,4806971.42,Base,Revised
BUD004411,20251001,P013,BU004,REG004,DEP001,Revenue,2276559.93,2672968.25,Base,Revised
BUD004412,20251001,P013,BU004,REG004,DEP006,COGS,1021602.1,1032452.45,Base,Revised
BUD004413,20251001,P013,BU004,REG004,DEP005,OPEX,870239.49,906649.59,Base,Revised
BUD004414,20251001,P013,BU004,REG004,DEP003,EBITDA,586409.4,603571.17,Base,Revised
BUD004415,20251001,P013,BU004,REG004,DEP003,Cash Inflow,2268055.19,2486322.62,Base,Revised
BUD004416,20251001,P013,BU004,REG004,DEP003,Cash Outflow,1773397.61,1906298.87,Base,Revised
BUD004417,20251101,P001,BU001,REG001,DEP001,Revenue,9777834.44,10255794.38,Base,Revised
BUD004418,20251101,P001,BU001,REG001,DEP006,COGS,4672606.96,4796053.98,Base,Revised
BUD004419,20251101,P001,BU001,REG001,DEP002,OPEX,3186729.46,3463338.74,Base,Revised
BUD004420,20251101,P001,BU001,REG001,DEP003,EBITDA,2236102.19,2264673.78,Base,Revised
BUD004421,20251101,P001,BU001,REG001,DEP003,Cash Inflow,9028790.22,9644148.84,Base,Revised
BUD004422,20251101,P001,BU001,REG001,DEP003,Cash Outflow,7995022.92,8132742.21,Base,Revised
BUD004423,20251101,P001,BU001,REG002,DEP001,Revenue,7290745.7,7006192.78,Base,Revised
BUD004424,20251101,P001,BU001,REG002,DEP006,COGS,3460405.47,3247210.28,Base,Revised
BUD004425,20251101,P001,BU001,REG002,DEP002,OPEX,2421120.65,2582224.54,Base,Revised
BUD004426,20251101,P001,BU001,REG002,DEP003,EBITDA,1455410.66,1355145.77,Base,Revised
BUD004427,20251101,P001,BU001,REG002,DEP003,Cash Inflow,7241950.37,6614085.78,Base,Revised
BUD004428,20251101,P001,BU001,REG002,DEP003,Cash Outflow,5352705.43,5781015.72,Base,Revised
BUD004429,20251101,P001,BU001,REG003,DEP001,Revenue,4895754.37,5434104.75,Base,Revised
BUD004430,20251101,P001,BU001,REG003,DEP006,COGS,2593920.72,2552637.98,Base,Revised
BUD004431,20251101,P001,BU001,REG003,DEP002,OPEX,1690730.9,1784541.56,Base,Revised
BUD004432,20251101,P001,BU001,REG003,DEP003,EBITDA,1104076.85,1101975.88,Base,Revised
BUD004433,20251101,P001,BU001,REG003,DEP003,Cash Inflow,4808397.8,5320349.03,Base,Revised
BUD004434,20251101,P001,BU001,REG003,DEP003,Cash Outflow,4062766.57,4284983.07,Base,Revised
BUD004435,20251101,P001,BU001,REG004,DEP001,Revenue,2803723.65,2888252.07,Base,Revised
BUD004436,20251101,P001,BU001,REG004,DEP006,COGS,1218642.24,1283963.37,Base,Revised
BUD004437,20251101,P001,BU001,REG004,DEP002,OPEX,937919.11,1032528.43,Base,Revised
BUD004438,20251101,P001,BU001,REG004,DEP003,EBITDA,538375.66,506362.4,Base,Revised
BUD004439,20251101,P001,BU001,REG004,DEP003,Cash Inflow,2799740.16,2792180.33,Base,Revised
BUD004440,20251101,P001,BU001,REG004,DEP003,Cash Outflow,2252101.37,2263104.97,Base,Revised
BUD004441,20251101,P005,BU002,REG001,DEP001,Revenue,10416536.64,11319620.39,Base,Revised
BUD004442,20251101,P005,BU002,REG001,DEP006,COGS,4762368.47,4926403.58,Base,Revised
BUD004443,20251101,P005,BU002,REG001,DEP005,OPEX,3853530.17,4284628.11,Base,Revised
BUD004444,20251101,P005,BU002,REG001,DEP003,EBITDA,2015064.21,2003115.46,Base,Revised
BUD004445,20251101,P005,BU002,REG001,DEP003,Cash Inflow,9932833.97,11002183.43,Base,Revised
BUD004446,20251101,P005,BU002,REG001,DEP003,Cash Outflow,8971355.81,9086302.74,Base,Revised
BUD004447,20251101,P005,BU002,REG002,DEP001,Revenue,9750565.55,9630915.4,Base,Revised
BUD004448,20251101,P005,BU002,REG002,DEP006,COGS,4698992.28,4536089.62,Base,Revised
BUD004449,20251101,P005,BU002,REG002,DEP005,OPEX,3241270.81,3409044.54,Base,Revised
BUD004450,20251101,P005,BU002,REG002,DEP003,EBITDA,1899778.1,1799915.23,Base,Revised
BUD004451,20251101,P005,BU002,REG002,DEP003,Cash Inflow,9298188.11,9526992.63,Base,Revised
BUD004452,20251101,P005,BU002,REG002,DEP003,Cash Outflow,7293776.1,7807049.06,Base,Revised
BUD004453,20251101,P005,BU002,REG003,DEP001,Revenue,6854850.17,7439578.98,Base,Revised
BUD004454,20251101,P005,BU002,REG003,DEP006,COGS,3725872.71,3457236.5,Base,Revised
BUD004455,20251101,P005,BU002,REG003,DEP005,OPEX,2607480.04,2838795.29,Base,Revised
BUD004456,20251101,P005,BU002,REG003,DEP003,EBITDA,1242537.85,1293194.44,Base,Revised
BUD004457,20251101,P005,BU002,REG003,DEP003,Cash Inflow,6932549.65,7236443.86,Base,Revised
BUD004458,20251101,P005,BU002,REG003,DEP003,Cash Outflow,6239188.62,6571089.19,Base,Revised
BUD004459,20251101,P005,BU002,REG004,DEP001,Revenue,3328619.37,3470337.08,Base,Revised
BUD004460,20251101,P005,BU002,REG004,DEP006,COGS,1471972.41,1600325.12,Base,Revised
BUD004461,20251101,P005,BU002,REG004,DEP005,OPEX,1137996.3,1166697.49,Base,Revised
BUD004462,20251101,P005,BU002,REG004,DEP003,EBITDA,669711.35,649452.99,Base,Revised
BUD004463,20251101,P005,BU002,REG004,DEP003,Cash Inflow,3212396.34,3140493.29,Base,Revised
BUD004464,20251101,P005,BU002,REG004,DEP003,Cash Outflow,2616934.04,2729781.79,Base,Revised
BUD004465,20251101,P009,BU003,REG001,DEP001,Revenue,11041770.01,11270176.51,Base,Revised
BUD004466,20251101,P009,BU003,REG001,DEP006,COGS,4459161.72,4710513.53,Base,Revised
BUD004467,20251101,P009,BU003,REG001,DEP005,OPEX,3610636.05,3983565.86,Base,Revised
BUD004468,20251101,P009,BU003,REG001,DEP003,EBITDA,2897479.89,2962462.39,Base,Revised
BUD004469,20251101,P009,BU003,REG001,DEP003,Cash Inflow,10143158.33,10989202.81,Base,Revised
BUD004470,20251101,P009,BU003,REG001,DEP003,Cash Outflow,7910059.49,8604601.93,Base,Revised
BUD004471,20251101,P009,BU003,REG002,DEP001,Revenue,7882924.78,7514297.06,Base,Revised
BUD004472,20251101,P009,BU003,REG002,DEP006,COGS,3458986.87,3145911.17,Base,Revised
BUD004473,20251101,P009,BU003,REG002,DEP005,OPEX,2247277.83,2408115.82,Base,Revised
BUD004474,20251101,P009,BU003,REG002,DEP003,EBITDA,2242857.86,2135605.54,Base,Revised
BUD004475,20251101,P009,BU003,REG002,DEP003,Cash Inflow,7675894.42,7196585.06,Base,Revised
BUD004476,20251101,P009,BU003,REG002,DEP003,Cash Outflow,5284351.12,5377946.88,Base,Revised
BUD004477,20251101,P009,BU003,REG003,DEP001,Revenue,6065808.14,6658097.48,Base,Revised
BUD004478,20251101,P009,BU003,REG003,DEP006,COGS,2750364.91,2692051.33,Base,Revised
BUD004479,20251101,P009,BU003,REG003,DEP005,OPEX,2129368.37,2286583.8,Base,Revised
BUD004480,20251101,P009,BU003,REG003,DEP003,EBITDA,1688408.9,1702667.93,Base,Revised
BUD004481,20251101,P009,BU003,REG003,DEP003,Cash Inflow,6092262.89,6136375.6,Base,Revised
BUD004482,20251101,P009,BU003,REG003,DEP003,Cash Outflow,4682062.39,5128381.46,Base,Revised
BUD004483,20251101,P009,BU003,REG004,DEP001,Revenue,3118490.4,3108140.17,Base,Revised
BUD004484,20251101,P009,BU003,REG004,DEP006,COGS,1304826.03,1340245.91,Base,Revised
BUD004485,20251101,P009,BU003,REG004,DEP005,OPEX,1010722.0,1063117.5,Base,Revised
BUD004486,20251101,P009,BU003,REG004,DEP003,EBITDA,835160.21,791411.69,Base,Revised
BUD004487,20251101,P009,BU003,REG004,DEP003,Cash Inflow,3181859.58,3046250.8,Base,Revised
BUD004488,20251101,P009,BU003,REG004,DEP003,Cash Outflow,2212210.41,2407216.68,Base,Revised
BUD004489,20251101,P013,BU004,REG001,DEP001,Revenue,8858519.33,9986571.04,Base,Revised
BUD004490,20251101,P013,BU004,REG001,DEP006,COGS,4041840.22,4155831.23,Base,Revised
BUD004491,20251101,P013,BU004,REG001,DEP005,OPEX,3217739.42,3444310.41,Base,Revised
BUD004492,20251101,P013,BU004,REG001,DEP003,EBITDA,2345885.49,2566674.32,Base,Revised
BUD004493,20251101,P013,BU004,REG001,DEP003,Cash Inflow,8803175.56,9972115.5,Base,Revised
BUD004494,20251101,P013,BU004,REG001,DEP003,Cash Outflow,7458669.29,7705799.04,Base,Revised
BUD004495,20251101,P013,BU004,REG002,DEP001,Revenue,4620294.21,5127051.23,Base,Revised
BUD004496,20251101,P013,BU004,REG002,DEP006,COGS,2110656.98,2095242.12,Base,Revised
BUD004497,20251101,P013,BU004,REG002,DEP005,OPEX,1702067.4,1851695.83,Base,Revised
BUD004498,20251101,P013,BU004,REG002,DEP003,EBITDA,1142239.69,1160352.11,Base,Revised
BUD004499,20251101,P013,BU004,REG002,DEP003,Cash Inflow,4288923.0,4736710.59,Base,Revised
BUD004500,20251101,P013,BU004,REG002,DEP003,Cash Outflow,3644931.77,3818682.81,Base,Revised
BUD004501,20251101,P013,BU004,REG003,DEP001,Revenue,6392078.97,7398281.97,Base,Revised
BUD004502,20251101,P013,BU004,REG003,DEP006,COGS,2874644.35,3071021.4,Base,Revised
BUD004503,20251101,P013,BU004,REG003,DEP005,OPEX,2310080.7,2525904.31,Base,Revised
BUD004504,20251101,P013,BU004,REG003,DEP003,EBITDA,1755605.37,1879729.83,Base,Revised
BUD004505,20251101,P013,BU004,REG003,DEP003,Cash Inflow,6092418.9,7160006.37,Base,Revised
BUD004506,20251101,P013,BU004,REG003,DEP003,Cash Outflow,4988604.84,5420041.17,Base,Revised
BUD004507,20251101,P013,BU004,REG004,DEP001,Revenue,1989389.86,2214047.55,Base,Revised
BUD004508,20251101,P013,BU004,REG004,DEP006,COGS,860175.25,918905.75,Base,Revised
BUD004509,20251101,P013,BU004,REG004,DEP005,OPEX,649094.07,727051.11,Base,Revised
BUD004510,20251101,P013,BU004,REG004,DEP003,EBITDA,570325.01,603054.01,Base,Revised
BUD004511,20251101,P013,BU004,REG004,DEP003,Cash Inflow,1838331.02,2104224.63,Base,Revised
BUD004512,20251101,P013,BU004,REG004,DEP003,Cash Outflow,1510780.72,1637174.17,Base,Revised
BUD004513,20251201,P001,BU001,REG001,DEP001,Revenue,10909062.9,12071821.33,Base,Revised
BUD004514,20251201,P001,BU001,REG001,DEP006,COGS,5278613.16,5224625.37,Base,Revised
BUD004515,20251201,P001,BU001,REG001,DEP002,OPEX,3570486.17,3761640.16,Base,Revised
BUD004516,20251201,P001,BU001,REG001,DEP003,EBITDA,2597014.56,2498010.26,Base,Revised
BUD004517,20251201,P001,BU001,REG001,DEP003,Cash Inflow,10609581.92,11063083.0,Base,Revised
BUD004518,20251201,P001,BU001,REG001,DEP003,Cash Outflow,8510686.11,8993463.01,Base,Revised
BUD004519,20251201,P001,BU001,REG002,DEP001,Revenue,8606944.07,8219642.5,Base,Revised
BUD004520,20251201,P001,BU001,REG002,DEP006,COGS,3589320.46,3729268.01,Base,Revised
BUD004521,20251201,P001,BU001,REG002,DEP002,OPEX,2620832.78,2788312.42,Base,Revised
BUD004522,20251201,P001,BU001,REG002,DEP003,EBITDA,1869687.92,1748558.35,Base,Revised
BUD004523,20251201,P001,BU001,REG002,DEP003,Cash Inflow,8358417.33,7894920.7,Base,Revised
BUD004524,20251201,P001,BU001,REG002,DEP003,Cash Outflow,6015730.24,6318821.03,Base,Revised
BUD004525,20251201,P001,BU001,REG003,DEP001,Revenue,5264697.21,5896658.65,Base,Revised
BUD004526,20251201,P001,BU001,REG003,DEP006,COGS,2673780.4,2613594.69,Base,Revised
BUD004527,20251201,P001,BU001,REG003,DEP002,OPEX,1873119.09,1946831.04,Base,Revised
BUD004528,20251201,P001,BU001,REG003,DEP003,EBITDA,1134529.33,1175558.64,Base,Revised
BUD004529,20251201,P001,BU001,REG003,DEP003,Cash Inflow,5299691.96,5488590.17,Base,Revised
BUD004530,20251201,P001,BU001,REG003,DEP003,Cash Outflow,4307328.13,4709721.37,Base,Revised
BUD004531,20251201,P001,BU001,REG004,DEP001,Revenue,2411408.87,2428235.33,Base,Revised
BUD004532,20251201,P001,BU001,REG004,DEP006,COGS,1202057.6,1123064.28,Base,Revised
BUD004533,20251201,P001,BU001,REG004,DEP002,OPEX,742941.52,803608.03,Base,Revised
BUD004534,20251201,P001,BU001,REG004,DEP003,EBITDA,562024.84,546927.96,Base,Revised
BUD004535,20251201,P001,BU001,REG004,DEP003,Cash Inflow,2392395.63,2335677.64,Base,Revised
BUD004536,20251201,P001,BU001,REG004,DEP003,Cash Outflow,1919879.06,1933912.24,Base,Revised
BUD004537,20251201,P005,BU002,REG001,DEP001,Revenue,11782538.86,12599994.59,Base,Revised
BUD004538,20251201,P005,BU002,REG001,DEP006,COGS,5770781.76,5605879.34,Base,Revised
BUD004539,20251201,P005,BU002,REG001,DEP005,OPEX,4180321.67,4597688.32,Base,Revised
BUD004540,20251201,P005,BU002,REG001,DEP003,EBITDA,2177342.41,2229209.5,Base,Revised
BUD004541,20251201,P005,BU002,REG001,DEP003,Cash Inflow,10979310.43,11667759.91,Base,Revised
BUD004542,20251201,P005,BU002,REG001,DEP003,Cash Outflow,9944448.13,10325934.04,Base,Revised
BUD004543,20251201,P005,BU002,REG002,DEP001,Revenue,8371909.32,8079323.36,Base,Revised
BUD004544,20251201,P005,BU002,REG002,DEP006,COGS,3437140.64,3725487.67,Base,Revised
BUD004545,20251201,P005,BU002,REG002,DEP005,OPEX,2853577.35,3057745.13,Base,Revised
BUD004546,20251201,P005,BU002,REG002,DEP003,EBITDA,1473904.53,1417832.47,Base,Revised
BUD004547,20251201,P005,BU002,REG002,DEP003,Cash Inflow,7793554.62,7767944.45,Base,Revised
BUD004548,20251201,P005,BU002,REG002,DEP003,Cash Outflow,6505251.03,6604184.56,Base,Revised
BUD004549,20251201,P005,BU002,REG003,DEP001,Revenue,9229288.04,10003631.06,Base,Revised
BUD004550,20251201,P005,BU002,REG003,DEP006,COGS,4567408.07,4578476.46,Base,Revised
BUD004551,20251201,P005,BU002,REG003,DEP005,OPEX,3444740.76,3527061.27,Base,Revised
BUD004552,20251201,P005,BU002,REG003,DEP003,EBITDA,1921484.5,1937603.07,Base,Revised
BUD004553,20251201,P005,BU002,REG003,DEP003,Cash Inflow,9199569.57,9875032.77,Base,Revised
BUD004554,20251201,P005,BU002,REG003,DEP003,Cash Outflow,7751085.86,8243364.96,Base,Revised
BUD004555,20251201,P005,BU002,REG004,DEP001,Revenue,2610927.99,2727758.43,Base,Revised
BUD004556,20251201,P005,BU002,REG004,DEP006,COGS,1302346.55,1205554.96,Base,Revised
BUD004557,20251201,P005,BU002,REG004,DEP005,OPEX,982651.25,1078789.34,Base,Revised
BUD004558,20251201,P005,BU002,REG004,DEP003,EBITDA,497066.94,477081.15,Base,Revised
BUD004559,20251201,P005,BU002,REG004,DEP003,Cash Inflow,2492612.43,2561501.91,Base,Revised
BUD004560,20251201,P005,BU002,REG004,DEP003,Cash Outflow,2154637.81,2242239.0,Base,Revised
BUD004561,20251201,P009,BU003,REG001,DEP001,Revenue,10997941.96,11668790.05,Base,Revised
BUD004562,20251201,P009,BU003,REG001,DEP006,COGS,4769113.41,4773342.1,Base,Revised
BUD004563,20251201,P009,BU003,REG001,DEP005,OPEX,3240814.92,3479627.72,Base,Revised
BUD004564,20251201,P009,BU003,REG001,DEP003,EBITDA,3288822.88,3261297.16,Base,Revised
BUD004565,20251201,P009,BU003,REG001,DEP003,Cash Inflow,10189467.27,11128582.8,Base,Revised
BUD004566,20251201,P009,BU003,REG001,DEP003,Cash Outflow,7845228.12,8517224.89,Base,Revised
BUD004567,20251201,P009,BU003,REG002,DEP001,Revenue,8427677.73,8190452.3,Base,Revised
BUD004568,20251201,P009,BU003,REG002,DEP006,COGS,3562558.15,3520150.07,Base,Revised
BUD004569,20251201,P009,BU003,REG002,DEP005,OPEX,2456203.12,2631580.33,Base,Revised
BUD004570,20251201,P009,BU003,REG002,DEP003,EBITDA,2276961.92,2149505.77,Base,Revised
BUD004571,20251201,P009,BU003,REG002,DEP003,Cash Inflow,8439987.91,7856579.33,Base,Revised
BUD004572,20251201,P009,BU003,REG002,DEP003,Cash Outflow,5794710.12,6387277.16,Base,Revised
BUD004573,20251201,P009,BU003,REG003,DEP001,Revenue,8311065.21,8933396.79,Base,Revised
BUD004574,20251201,P009,BU003,REG003,DEP006,COGS,3984385.99,3619829.35,Base,Revised
BUD004575,20251201,P009,BU003,REG003,DEP005,OPEX,2761142.45,2981438.42,Base,Revised
BUD004576,20251201,P009,BU003,REG003,DEP003,EBITDA,2467030.9,2492981.19,Base,Revised
BUD004577,20251201,P009,BU003,REG003,DEP003,Cash Inflow,7673446.9,8491045.42,Base,Revised
BUD004578,20251201,P009,BU003,REG003,DEP003,Cash Outflow,6352268.87,6545828.79,Base,Revised
BUD004579,20251201,P009,BU003,REG004,DEP001,Revenue,3468778.29,3426213.15,Base,Revised
BUD004580,20251201,P009,BU003,REG004,DEP006,COGS,1550950.35,1437862.43,Base,Revised
BUD004581,20251201,P009,BU003,REG004,DEP005,OPEX,1136150.63,1229235.45,Base,Revised
BUD004582,20251201,P009,BU003,REG004,DEP003,EBITDA,860615.38,832241.01,Base,Revised
BUD004583,20251201,P009,BU003,REG004,DEP003,Cash Inflow,3179509.95,3306304.38,Base,Revised
BUD004584,20251201,P009,BU003,REG004,DEP003,Cash Outflow,2523201.96,2669507.9,Base,Revised
BUD004585,20251201,P013,BU004,REG001,DEP001,Revenue,8986639.62,10503475.21,Base,Revised
BUD004586,20251201,P013,BU004,REG001,DEP006,COGS,4051661.1,4095301.26,Base,Revised
BUD004587,20251201,P013,BU004,REG001,DEP005,OPEX,3429450.49,3813898.18,Base,Revised
BUD004588,20251201,P013,BU004,REG001,DEP003,EBITDA,2268136.6,2357328.68,Base,Revised
BUD004589,20251201,P013,BU004,REG001,DEP003,Cash Inflow,8525159.39,9877446.84,Base,Revised
BUD004590,20251201,P013,BU004,REG001,DEP003,Cash Outflow,7771211.1,7970289.58,Base,Revised
BUD004591,20251201,P013,BU004,REG002,DEP001,Revenue,6927628.61,7615497.67,Base,Revised
BUD004592,20251201,P013,BU004,REG002,DEP006,COGS,2904731.35,2944301.07,Base,Revised
BUD004593,20251201,P013,BU004,REG002,DEP005,OPEX,2228457.1,2437530.38,Base,Revised
BUD004594,20251201,P013,BU004,REG002,DEP003,EBITDA,2008213.0,2003370.12,Base,Revised
BUD004595,20251201,P013,BU004,REG002,DEP003,Cash Inflow,6555909.96,7019329.23,Base,Revised
BUD004596,20251201,P013,BU004,REG002,DEP003,Cash Outflow,5312744.95,5428419.29,Base,Revised
BUD004597,20251201,P013,BU004,REG003,DEP001,Revenue,5595407.86,6338713.3,Base,Revised
BUD004598,20251201,P013,BU004,REG003,DEP006,COGS,2718169.53,2544189.27,Base,Revised
BUD004599,20251201,P013,BU004,REG003,DEP005,OPEX,1994695.0,2193334.28,Base,Revised
BUD004600,20251201,P013,BU004,REG003,DEP003,EBITDA,1556703.1,1754949.44,Base,Revised
BUD004601,20251201,P013,BU004,REG003,DEP003,Cash Inflow,5331795.28,6214988.46,Base,Revised
BUD004602,20251201,P013,BU004,REG003,DEP003,Cash Outflow,4520930.82,4678827.95,Base,Revised
BUD004603,20251201,P013,BU004,REG004,DEP001,Revenue,1987094.64,2304415.42,Base,Revised
BUD004604,20251201,P013,BU004,REG004,DEP006,COGS,837818.55,871066.03,Base,Revised
BUD004605,20251201,P013,BU004,REG004,DEP005,OPEX,645063.19,680434.37,Base,Revised
BUD004606,20251201,P013,BU004,REG004,DEP003,EBITDA,658499.07,701783.96,Base,Revised
BUD004607,20251201,P013,BU004,REG004,DEP003,Cash Inflow,1958056.09,2175414.2,Base,Revised
BUD004608,20251201,P013,BU004,REG004,DEP003,Cash Outflow,1463316.64,1610648.87,Base,Revised
BUD004609,20250101,P001,BU001,REG001,DEP001,Revenue,7667543.88,8827631.9,Upside,Revised
BUD004610,20250101,P001,BU001,REG001,DEP006,COGS,3847403.08,3776499.93,Upside,Revised
BUD004611,20250101,P001,BU001,REG001,DEP002,OPEX,2515495.91,2663091.74,Upside,Revised
BUD004612,20250101,P001,BU001,REG001,DEP003,EBITDA,1697773.1,2033275.79,Upside,Revised
BUD004613,20250101,P001,BU001,REG001,DEP003,Cash Inflow,7023242.85,8419756.5,Upside,Revised
BUD004614,20250101,P001,BU001,REG001,DEP003,Cash Outflow,6159553.59,6689845.29,Upside,Revised
BUD004615,20250101,P001,BU001,REG001,DEP001,Revenue,7558143.36,7094993.3,Downside,Revised
BUD004616,20250101,P001,BU001,REG001,DEP006,COGS,3731536.22,3885384.67,Downside,Revised
BUD004617,20250101,P001,BU001,REG001,DEP002,OPEX,2489549.73,2878512.89,Downside,Revised
BUD004618,20250101,P001,BU001,REG001,DEP003,EBITDA,1679864.95,1211328.77,Downside,Revised
BUD004619,20250101,P001,BU001,REG001,DEP003,Cash Inflow,7681808.88,6600280.31,Downside,Revised
BUD004620,20250101,P001,BU001,REG001,DEP003,Cash Outflow,6146568.06,6787443.61,Downside,Revised
BUD004621,20250101,P005,BU002,REG001,DEP001,Revenue,9399993.68,11164679.93,Upside,Revised
BUD004622,20250101,P005,BU002,REG001,DEP006,COGS,4733544.3,4807268.02,Upside,Revised
BUD004623,20250101,P005,BU002,REG001,DEP005,OPEX,3337792.67,3444641.55,Upside,Revised
BUD004624,20250101,P005,BU002,REG001,DEP003,EBITDA,1795926.4,2130575.95,Upside,Revised
BUD004625,20250101,P005,BU002,REG001,DEP003,Cash Inflow,9199651.81,10169727.79,Upside,Revised
BUD004626,20250101,P005,BU002,REG001,DEP003,Cash Outflow,7505982.08,8385287.69,Upside,Revised
BUD004627,20250101,P005,BU002,REG001,DEP001,Revenue,9197281.52,9147198.61,Downside,Revised
BUD004628,20250101,P005,BU002,REG001,DEP006,COGS,4383113.02,4697283.9,Downside,Revised
BUD004629,20250101,P005,BU002,REG001,DEP005,OPEX,3288911.62,4022020.07,Downside,Revised
BUD004630,20250101,P005,BU002,REG001,DEP003,EBITDA,1830772.62,1302648.43,Downside,Revised
BUD004631,20250101,P005,BU002,REG001,DEP003,Cash Inflow,9164665.6,8253017.97,Downside,Revised
BUD004632,20250101,P005,BU002,REG001,DEP003,Cash Outflow,7420326.39,8536235.82,Downside,Revised
BUD004633,20250101,P009,BU003,REG001,DEP001,Revenue,10100991.57,11047737.86,Upside,Revised
BUD004634,20250101,P009,BU003,REG001,DEP006,COGS,4538091.66,4475114.02,Upside,Revised
BUD004635,20250101,P009,BU003,REG001,DEP005,OPEX,3190926.48,3433287.36,Upside,Revised
BUD004636,20250101,P009,BU003,REG001,DEP003,EBITDA,2729936.36,3076814.68,Upside,Revised
BUD004637,20250101,P009,BU003,REG001,DEP003,Cash Inflow,9395292.15,11016780.52,Upside,Revised
BUD004638,20250101,P009,BU003,REG001,DEP003,Cash Outflow,7057363.22,7959793.88,Upside,Revised
BUD004639,20250101,P009,BU003,REG001,DEP001,Revenue,9874050.65,9359882.95,Downside,Revised
BUD004640,20250101,P009,BU003,REG001,DEP006,COGS,4518364.42,4559923.38,Downside,Revised
BUD004641,20250101,P009,BU003,REG001,DEP005,OPEX,3272109.53,3864647.71,Downside,Revised
BUD004642,20250101,P009,BU003,REG001,DEP003,EBITDA,2719046.98,1899554.43,Downside,Revised
BUD004643,20250101,P009,BU003,REG001,DEP003,Cash Inflow,10028168.81,9037935.24,Downside,Revised
BUD004644,20250101,P009,BU003,REG001,DEP003,Cash Outflow,7227697.92,8149410.58,Downside,Revised
BUD004645,20250101,P013,BU004,REG001,DEP001,Revenue,5841858.51,7174728.76,Upside,Revised
BUD004646,20250101,P013,BU004,REG001,DEP006,COGS,2796292.69,2829224.34,Upside,Revised
BUD004647,20250101,P013,BU004,REG001,DEP005,OPEX,2182900.06,2294799.34,Upside,Revised
BUD004648,20250101,P013,BU004,REG001,DEP003,EBITDA,1564754.1,1923781.48,Upside,Revised
BUD004649,20250101,P013,BU004,REG001,DEP003,Cash Inflow,5594722.28,6900847.19,Upside,Revised
BUD004650,20250101,P013,BU004,REG001,DEP003,Cash Outflow,4643839.83,5015927.38,Upside,Revised
BUD004651,20250101,P013,BU004,REG001,DEP001,Revenue,5841858.51,6079198.46,Downside,Revised
BUD004652,20250101,P013,BU004,REG001,DEP006,COGS,2722795.81,2784502.14,Downside,Revised
BUD004653,20250101,P013,BU004,REG001,DEP005,OPEX,2161469.45,2535994.2,Downside,Revised
BUD004654,20250101,P013,BU004,REG001,DEP003,EBITDA,1561434.1,1200264.52,Downside,Revised
BUD004655,20250101,P013,BU004,REG001,DEP003,Cash Inflow,5589755.92,5386269.73,Downside,Revised
BUD004656,20250101,P013,BU004,REG001,DEP003,Cash Outflow,4664673.81,5336621.02,Downside,Revised
BUD004657,20250201,P001,BU001,REG001,DEP001,Revenue,7529440.95,8511181.79,Upside,Revised
BUD004658,20250201,P001,BU001,REG001,DEP006,COGS,3401030.6,3886460.89,Upside,Revised
BUD004659,20250201,P001,BU001,REG001,DEP002,OPEX,2399203.42,2495460.17,Upside,Revised
BUD004660,20250201,P001,BU001,REG001,DEP003,EBITDA,1647840.04,2010873.57,Upside,Revised
BUD004661,20250201,P001,BU001,REG001,DEP003,Cash Inflow,7230374.39,7874889.44,Upside,Revised
BUD004662,20250201,P001,BU001,REG001,DEP003,Cash Outflow,5708644.39,6433661.34,Upside,Revised
BUD004663,20250201,P001,BU001,REG001,DEP001,Revenue,7474808.04,7174868.98,Downside,Revised
BUD004664,20250201,P001,BU001,REG001,DEP006,COGS,3774364.52,3745330.51,Downside,Revised
BUD004665,20250201,P001,BU001,REG001,DEP002,OPEX,2406354.29,2747106.96,Downside,Revised
BUD004666,20250201,P001,BU001,REG001,DEP003,EBITDA,1664982.0,1162250.34,Downside,Revised
BUD004667,20250201,P001,BU001,REG001,DEP003,Cash Inflow,6869719.6,6527715.25,Downside,Revised
BUD004668,20250201,P001,BU001,REG001,DEP003,Cash Outflow,6048793.44,6432864.31,Downside,Revised
BUD004669,20250201,P005,BU002,REG001,DEP001,Revenue,9861728.69,11047188.79,Upside,Revised
BUD004670,20250201,P005,BU002,REG001,DEP006,COGS,4707519.56,4935289.09,Upside,Revised
BUD004671,20250201,P005,BU002,REG001,DEP005,OPEX,3595148.12,3843549.7,Upside,Revised
BUD004672,20250201,P005,BU002,REG001,DEP003,EBITDA,1819147.13,2185139.68,Upside,Revised
BUD004673,20250201,P005,BU002,REG001,DEP003,Cash Inflow,9395184.34,11112905.41,Upside,Revised
BUD004674,20250201,P005,BU002,REG001,DEP003,Cash Outflow,8356936.22,8939664.47,Upside,Revised
BUD004675,20250201,P005,BU002,REG001,DEP001,Revenue,9571308.65,9665095.06,Downside,Revised
BUD004676,20250201,P005,BU002,REG001,DEP006,COGS,4491400.28,5047153.57,Downside,Revised
BUD004677,20250201,P005,BU002,REG001,DEP005,OPEX,3587545.95,4145241.72,Downside,Revised
BUD004678,20250201,P005,BU002,REG001,DEP003,EBITDA,1873011.4,1360614.63,Downside,Revised
BUD004679,20250201,P005,BU002,REG001,DEP003,Cash Inflow,9210256.5,8896167.74,Downside,Revised
BUD004680,20250201,P005,BU002,REG001,DEP003,Cash Outflow,8326083.53,9192321.43,Downside,Revised
BUD004681,20250201,P009,BU003,REG001,DEP001,Revenue,7057406.53,8232423.66,Upside,Revised
BUD004682,20250201,P009,BU003,REG001,DEP006,COGS,3034309.28,3161293.25,Upside,Revised
BUD004683,20250201,P009,BU003,REG001,DEP005,OPEX,2291063.55,2338250.45,Upside,Revised
BUD004684,20250201,P009,BU003,REG001,DEP003,EBITDA,2025185.68,2319718.32,Upside,Revised
BUD004685,20250201,P009,BU003,REG001,DEP003,Cash Inflow,6807196.29,7683210.72,Upside,Revised
BUD004686,20250201,P009,BU003,REG001,DEP003,Cash Outflow,5340897.74,5791014.81,Upside,Revised
BUD004687,20250201,P009,BU003,REG001,DEP001,Revenue,7034109.72,6823302.46,Downside,Revised
BUD004688,20250201,P009,BU003,REG001,DEP006,COGS,3202132.41,3220513.31,Downside,Revised
BUD004689,20250201,P009,BU003,REG001,DEP005,OPEX,2238598.53,2694862.46,Downside,Revised
BUD004690,20250201,P009,BU003,REG001,DEP003,EBITDA,2011626.12,1452145.51,Downside,Revised
BUD004691,20250201,P009,BU003,REG001,DEP003,Cash Inflow,6724204.41,6375853.39,Downside,Revised
BUD004692,20250201,P009,BU003,REG001,DEP003,Cash Outflow,5081412.79,5810282.56,Downside,Revised
BUD004693,20250201,P013,BU004,REG001,DEP001,Revenue,5562545.32,6949715.78,Upside,Revised
BUD004694,20250201,P013,BU004,REG001,DEP006,COGS,2705278.66,2765305.66,Upside,Revised
BUD004695,20250201,P013,BU004,REG001,DEP005,OPEX,2101517.31,2212999.4,Upside,Revised
BUD004696,20250201,P013,BU004,REG001,DEP003,EBITDA,1413252.29,1789423.61,Upside,Revised
BUD004697,20250201,P013,BU004,REG001,DEP003,Cash Inflow,5346562.51,6751694.75,Upside,Revised
BUD004698,20250201,P013,BU004,REG001,DEP003,Cash Outflow,4435369.67,4922942.92,Upside,Revised
BUD004699,20250201,P013,BU004,REG001,DEP001,Revenue,5562545.32,5927056.0,Downside,Revised
BUD004700,20250201,P013,BU004,REG001,DEP006,COGS,2454482.48,2741301.8,Downside,Revised
BUD004701,20250201,P013,BU004,REG001,DEP005,OPEX,2061016.85,2548446.96,Downside,Revised
BUD004702,20250201,P013,BU004,REG001,DEP003,EBITDA,1401676.55,1102007.71,Downside,Revised
BUD004703,20250201,P013,BU004,REG001,DEP003,Cash Inflow,5268202.09,5399607.64,Downside,Revised
BUD004704,20250201,P013,BU004,REG001,DEP003,Cash Outflow,4538098.11,5238562.37,Downside,Revised
BUD004705,20250301,P001,BU001,REG001,DEP001,Revenue,7969630.32,8991561.12,Upside,Revised
BUD004706,20250301,P001,BU001,REG001,DEP006,COGS,4097782.57,4020062.89,Upside,Revised
BUD004707,20250301,P001,BU001,REG001,DEP002,OPEX,2633228.83,2685966.9,Upside,Revised
BUD004708,20250301,P001,BU001,REG001,DEP003,EBITDA,1784868.95,2029416.28,Upside,Revised
BUD004709,20250301,P001,BU001,REG001,DEP003,Cash Inflow,7837030.91,8736787.87,Upside,Revised
BUD004710,20250301,P001,BU001,REG001,DEP003,Cash Outflow,6240912.89,6558084.05,Upside,Revised
BUD004711,20250301,P001,BU001,REG001,DEP001,Revenue,7874703.13,7584000.13,Downside,Revised
BUD004712,20250301,P001,BU001,REG001,DEP006,COGS,3642705.63,3834189.51,Downside,Revised
BUD004713,20250301,P001,BU001,REG001,DEP002,OPEX,2566304.72,2906887.81,Downside,Revised
BUD004714,20250301,P001,BU001,REG001,DEP003,EBITDA,1749670.14,1240442.91,Downside,Revised
BUD004715,20250301,P001,BU001,REG001,DEP003,Cash Inflow,7679568.68,7018986.58,Downside,Revised
BUD004716,20250301,P001,BU001,REG001,DEP003,Cash Outflow,6164111.66,6814137.89,Downside,Revised
BUD004717,20250301,P005,BU002,REG001,DEP001,Revenue,9011228.74,10231615.13,Upside,Revised
BUD004718,20250301,P005,BU002,REG001,DEP006,COGS,4704565.35,4682386.69,Upside,Revised
BUD004719,20250301,P005,BU002,REG001,DEP005,OPEX,3257651.79,3290546.64,Upside,Revised
BUD004720,20250301,P005,BU002,REG001,DEP003,EBITDA,1724522.21,2006785.97,Upside,Revised
BUD004721,20250301,P005,BU002,REG001,DEP003,Cash Inflow,8539844.3,9929133.89,Upside,Revised
BUD004722,20250301,P005,BU002,REG001,DEP003,Cash Outflow,7459573.5,8031635.68,Upside,Revised
BUD004723,20250301,P005,BU002,REG001,DEP001,Revenue,9035010.21,8780990.74,Downside,Revised
BUD004724,20250301,P005,BU002,REG001,DEP006,COGS,4412512.07,4549207.83,Downside,Revised
BUD004725,20250301,P005,BU002,REG001,DEP005,OPEX,3255433.29,3714747.84,Downside,Revised
BUD004726,20250301,P005,BU002,REG001,DEP003,EBITDA,1725460.41,1239433.93,Downside,Revised
BUD004727,20250301,P005,BU002,REG001,DEP003,Cash Inflow,8332258.1,7775563.53,Downside,Revised
BUD004728,20250301,P005,BU002,REG001,DEP003,Cash Outflow,7488624.84,8395441.91,Downside,Revised
BUD004729,20250301,P009,BU003,REG001,DEP001,Revenue,11336567.87,13477460.48,Upside,Revised
BUD004730,20250301,P009,BU003,REG001,DEP006,COGS,4922084.62,5130843.16,Upside,Revised
BUD004731,20250301,P009,BU003,REG001,DEP005,OPEX,3642970.78,3905544.97,Upside,Revised
BUD004732,20250301,P009,BU003,REG001,DEP003,EBITDA,3160256.6,3662661.18,Upside,Revised
BUD004733,20250301,P009,BU003,REG001,DEP003,Cash Inflow,11183964.45,12332018.91,Upside,Revised
BUD004734,20250301,P009,BU003,REG001,DEP003,Cash Outflow,8269121.41,9088965.78,Upside,Revised
BUD004735,20250301,P009,BU003,REG001,DEP001,Revenue,11534999.09,10933861.52,Downside,Revised
BUD004736,20250301,P009,BU003,REG001,DEP006,COGS,5077039.95,5316654.23,Downside,Revised
BUD004737,20250301,P009,BU003,REG001,DEP005,OPEX,3800091.05,4282155.37,Downside,Revised
BUD004738,20250301,P009,BU003,REG001,DEP003,EBITDA,3219358.28,2263107.96,Downside,Revised
BUD004739,20250301,P009,BU003,REG001,DEP003,Cash Inflow,11144643.85,9930255.91,Downside,Revised
BUD004740,20250301,P009,BU003,REG001,DEP003,Cash Outflow,8694445.1,9868751.44,Downside,Revised
BUD004741,20250301,P013,BU004,REG001,DEP001,Revenue,6328255.93,7888425.74,Upside,Revised
BUD004742,20250301,P013,BU004,REG001,DEP006,COGS,2770330.4,3111111.67,Upside,Revised
BUD004743,20250301,P013,BU004,REG001,DEP005,OPEX,2435194.26,2575656.96,Upside,Revised
BUD004744,20250301,P013,BU004,REG001,DEP003,EBITDA,1642295.22,2100536.07,Upside,Revised
BUD004745,20250301,P013,BU004,REG001,DEP003,Cash Inflow,6263743.87,7711646.25,Upside,Revised
BUD004746,20250301,P013,BU004,REG001,DEP003,Cash Outflow,5183257.55,5607634.02,Upside,Revised
BUD004747,20250301,P013,BU004,REG001,DEP001,Revenue,6328255.93,6717915.11,Downside,Revised
BUD004748,20250301,P013,BU004,REG001,DEP006,COGS,2874998.33,3091621.37,Downside,Revised
BUD004749,20250301,P013,BU004,REG001,DEP005,OPEX,2427618.97,2785704.88,Downside,Revised
BUD004750,20250301,P013,BU004,REG001,DEP003,EBITDA,1666348.47,1276428.82,Downside,Revised
BUD004751,20250301,P013,BU004,REG001,DEP003,Cash Inflow,6284346.4,5992480.71,Downside,Revised
BUD004752,20250301,P013,BU004,REG001,DEP003,Cash Outflow,5288769.43,5838412.41,Downside,Revised
BUD004753,20250401,P001,BU001,REG001,DEP001,Revenue,9920024.75,11433918.05,Upside,Revised
BUD004754,20250401,P001,BU001,REG001,DEP006,COGS,4578798.78,5003936.54,Upside,Revised
BUD004755,20250401,P001,BU001,REG001,DEP002,OPEX,3397963.9,3354784.3,Upside,Revised
BUD004756,20250401,P001,BU001,REG001,DEP003,EBITDA,2084778.53,2472951.77,Upside,Revised
BUD004757,20250401,P001,BU001,REG001,DEP003,Cash Inflow,8979083.29,10605266.11,Upside,Revised
BUD004758,20250401,P001,BU001,REG001,DEP003,Cash Outflow,7616001.86,8271271.65,Upside,Revised
BUD004759,20250401,P001,BU001,REG001,DEP001,Revenue,9766436.71,9573271.1,Downside,Revised
BUD004760,20250401,P001,BU001,REG001,DEP006,COGS,4931974.93,5004929.59,Downside,Revised
BUD004761,20250401,P001,BU001,REG001,DEP002,OPEX,3394283.22,3880873.1,Downside,Revised
BUD004762,20250401,P001,BU001,REG001,DEP003,EBITDA,2096451.19,1489645.68,Downside,Revised
BUD004763,20250401,P001,BU001,REG001,DEP003,Cash Inflow,9122069.52,8426300.09,Downside,Revised
BUD004764,20250401,P001,BU001,REG001,DEP003,Cash Outflow,7947910.91,8650824.01,Downside,Revised
BUD004765,20250401,P005,BU002,REG001,DEP001,Revenue,9541342.93,11538893.49,Upside,Revised
BUD004766,20250401,P005,BU002,REG001,DEP006,COGS,4512376.92,5103626.23,Upside,Revised
BUD004767,20250401,P005,BU002,REG001,DEP005,OPEX,3528333.26,3807577.22,Upside,Revised
BUD004768,20250401,P005,BU002,REG001,DEP003,EBITDA,1830380.61,2111112.91,Upside,Revised
BUD004769,20250401,P005,BU002,REG001,DEP003,Cash Inflow,9089453.67,11163885.03,Upside,Revised
BUD004770,20250401,P005,BU002,REG001,DEP003,Cash Outflow,8139390.53,8698330.37,Upside,Revised
BUD004771,20250401,P005,BU002,REG001,DEP001,Revenue,9795954.06,9277959.23,Downside,Revised
BUD004772,20250401,P005,BU002,REG001,DEP006,COGS,4719778.56,4979242.53,Downside,Revised
BUD004773,20250401,P005,BU002,REG001,DEP005,OPEX,3560258.74,4166029.25,Downside,Revised
BUD004774,20250401,P005,BU002,REG001,DEP003,EBITDA,1827118.34,1287917.5,Downside,Revised
BUD004775,20250401,P005,BU002,REG001,DEP003,Cash Inflow,9725492.19,8470437.81,Downside,Revised
BUD004776,20250401,P005,BU002,REG001,DEP003,Cash Outflow,8112162.56,9376810.72,Downside,Revised
BUD004777,20250401,P009,BU003,REG001,DEP001,Revenue,9545362.15,10854553.98,Upside,Revised
BUD004778,20250401,P009,BU003,REG001,DEP006,COGS,4101925.37,4434249.66,Upside,Revised
BUD004779,20250401,P009,BU003,REG001,DEP005,OPEX,3193959.74,3329094.42,Upside,Revised
BUD004780,20250401,P009,BU003,REG001,DEP003,EBITDA,2527233.21,2946328.27,Upside,Revised
BUD004781,20250401,P009,BU003,REG001,DEP003,Cash Inflow,9825038.26,10605444.6,Upside,Revised
BUD004782,20250401,P009,BU003,REG001,DEP003,Cash Outflow,7118012.55,7666175.46,Upside,Revised
BUD004783,20250401,P009,BU003,REG001,DEP001,Revenue,9616281.84,9360248.0,Downside,Revised
BUD004784,20250401,P009,BU003,REG001,DEP006,COGS,4416323.33,4435140.87,Downside,Revised
BUD004785,20250401,P009,BU003,REG001,DEP005,OPEX,3291517.45,3889335.77,Downside,Revised
BUD004786,20250401,P009,BU003,REG001,DEP003,EBITDA,2564352.35,1815149.35,Downside,Revised
BUD004787,20250401,P009,BU003,REG001,DEP003,Cash Inflow,9283114.72,8394215.3,Downside,Revised
BUD004788,20250401,P009,BU003,REG001,DEP003,Cash Outflow,7101907.54,8301501.47,Downside,Revised
BUD004789,20250401,P013,BU004,REG001,DEP001,Revenue,8620834.1,10488784.84,Upside,Revised
BUD004790,20250401,P013,BU004,REG001,DEP006,COGS,3889065.47,4280909.7,Upside,Revised
BUD004791,20250401,P013,BU004,REG001,DEP005,OPEX,2990441.36,3092041.53,Upside,Revised
BUD004792,20250401,P013,BU004,REG001,DEP003,EBITDA,2498063.39,3254022.5,Upside,Revised
BUD004793,20250401,P013,BU004,REG001,DEP003,Cash Inflow,8530217.22,10551299.0,Upside,Revised
BUD004794,20250401,P013,BU004,REG001,DEP003,Cash Outflow,6815087.65,7493375.99,Upside,Revised
BUD004795,20250401,P013,BU004,REG001,DEP001,Revenue,8620834.1,8757735.38,Downside,Revised
BUD004796,20250401,P013,BU004,REG001,DEP006,COGS,3778101.71,4205674.68,Downside,Revised
BUD004797,20250401,P013,BU004,REG001,DEP005,OPEX,2868492.43,3332968.87,Downside,Revised
BUD004798,20250401,P013,BU004,REG001,DEP003,EBITDA,2562808.31,1987001.09,Downside,Revised
BUD004799,20250401,P013,BU004,REG001,DEP003,Cash Inflow,8434033.18,8343553.72,Downside,Revised
BUD004800,20250401,P013,BU004,REG001,DEP003,Cash Outflow,6987515.64,7606760.07,Downside,Revised
BUD004801,20250501,P001,BU001,REG001,DEP001,Revenue,7652627.87,8706882.07,Upside,Revised
BUD004802,20250501,P001,BU001,REG001,DEP006,COGS,3514133.7,3927666.78,Upside,Revised
BUD004803,20250501,P001,BU001,REG001,DEP002,OPEX,2624984.72,2721673.2,Upside,Revised
BUD004804,20250501,P001,BU001,REG001,DEP003,EBITDA,1633128.64,1975797.28,Upside,Revised
BUD004805,20250501,P001,BU001,REG001,DEP003,Cash Inflow,7100440.74,8695411.74,Upside,Revised
BUD004806,20250501,P001,BU001,REG001,DEP003,Cash Outflow,6474638.14,6760988.03,Upside,Revised
BUD004807,20250501,P001,BU001,REG001,DEP001,Revenue,7925290.15,7332431.65,Downside,Revised
BUD004808,20250501,P001,BU001,REG001,DEP006,COGS,3649872.02,3950552.65,Downside,Revised
BUD004809,20250501,P001,BU001,REG001,DEP002,OPEX,2743614.74,3184350.94,Downside,Revised
BUD004810,20250501,P001,BU001,REG001,DEP003,EBITDA,1658458.74,1165346.15,Downside,Revised
BUD004811,20250501,P001,BU001,REG001,DEP003,Cash Inflow,7073128.58,6785476.74,Downside,Revised
BUD004812,20250501,P001,BU001,REG001,DEP003,Cash Outflow,6309610.89,7072655.81,Downside,Revised
BUD004813,20250501,P005,BU002,REG001,DEP001,Revenue,10685016.33,12544403.26,Upside,Revised
BUD004814,20250501,P005,BU002,REG001,DEP006,COGS,5530568.65,5402738.42,Upside,Revised
BUD004815,20250501,P005,BU002,REG001,DEP005,OPEX,3913422.35,4114530.94,Upside,Revised
BUD004816,20250501,P005,BU002,REG001,DEP003,EBITDA,2288868.95,2664323.97,Upside,Revised
BUD004817,20250501,P005,BU002,REG001,DEP003,Cash Inflow,10453333.6,12481777.75,Upside,Revised
BUD004818,20250501,P005,BU002,REG001,DEP003,Cash Outflow,8728188.27,9517468.46,Upside,Revised
BUD004819,20250501,P005,BU002,REG001,DEP001,Revenue,10718808.45,10626675.81,Downside,Revised
BUD004820,20250501,P005,BU002,REG001,DEP006,COGS,5051419.03,5454012.07,Downside,Revised
BUD004821,20250501,P005,BU002,REG001,DEP005,OPEX,3810748.53,4469917.22,Downside,Revised
BUD004822,20250501,P005,BU002,REG001,DEP003,EBITDA,2228718.26,1591274.46,Downside,Revised
BUD004823,20250501,P005,BU002,REG001,DEP003,Cash Inflow,10182520.43,9449505.6,Downside,Revised
BUD004824,20250501,P005,BU002,REG001,DEP003,Cash Outflow,9165531.06,10201186.37,Downside,Revised
BUD004825,20250501,P009,BU003,REG001,DEP001,Revenue,9588458.36,11458049.17,Upside,Revised
BUD004826,20250501,P009,BU003,REG001,DEP006,COGS,4475362.21,4446847.32,Upside,Revised
BUD004827,20250501,P009,BU003,REG001,DEP005,OPEX,3316830.12,3446116.91,Upside,Revised
BUD004828,20250501,P009,BU003,REG001,DEP003,EBITDA,2666254.23,3051978.73,Upside,Revised
BUD004829,20250501,P009,BU003,REG001,DEP003,Cash Inflow,9794699.94,10881822.79,Upside,Revised
BUD004830,20250501,P009,BU003,REG001,DEP003,Cash Outflow,7341904.8,7887903.77,Upside,Revised
BUD004831,20250501,P009,BU003,REG001,DEP001,Revenue,9767545.74,9593168.26,Downside,Revised
BUD004832,20250501,P009,BU003,REG001,DEP006,COGS,4018723.44,4322640.96,Downside,Revised
BUD004833,20250501,P009,BU003,REG001,DEP005,OPEX,3251617.41,3917680.19,Downside,Revised
BUD004834,20250501,P009,BU003,REG001,DEP003,EBITDA,2636694.4,1896640.52,Downside,Revised
BUD004835,20250501,P009,BU003,REG001,DEP003,Cash Inflow,9095491.95,8823097.49,Downside,Revised
BUD004836,20250501,P009,BU003,REG001,DEP003,Cash Outflow,7495618.78,8319525.3,Downside,Revised
BUD004837,20250501,P013,BU004,REG001,DEP001,Revenue,7594848.38,9655290.25,Upside,Revised
BUD004838,20250501,P013,BU004,REG001,DEP006,COGS,3632437.07,3885909.87,Upside,Revised
BUD004839,20250501,P013,BU004,REG001,DEP005,OPEX,2848058.44,3060715.16,Upside,Revised
BUD004840,20250501,P013,BU004,REG001,DEP003,EBITDA,1853648.15,2320923.08,Upside,Revised
BUD004841,20250501,P013,BU004,REG001,DEP003,Cash Inflow,7540317.37,9116680.17,Upside,Revised
BUD004842,20250501,P013,BU004,REG001,DEP003,Cash Outflow,6107207.28,6804072.28,Upside,Revised
BUD004843,20250501,P013,BU004,REG001,DEP001,Revenue,7594848.38,7776792.34,Downside,Revised
BUD004844,20250501,P013,BU004,REG001,DEP006,COGS,3568748.48,3819857.54,Downside,Revised
BUD004845,20250501,P013,BU004,REG001,DEP005,OPEX,2960595.76,3342144.53,Downside,Revised
BUD004846,20250501,P013,BU004,REG001,DEP003,EBITDA,1847063.92,1379288.61,Downside,Revised
BUD004847,20250501,P013,BU004,REG001,DEP003,Cash Inflow,7523303.75,7335558.89,Downside,Revised
BUD004848,20250501,P013,BU004,REG001,DEP003,Cash Outflow,6458711.43,7353204.47,Downside,Revised
BUD004849,20250601,P001,BU001,REG001,DEP001,Revenue,8773513.33,10130909.19,Upside,Revised
BUD004850,20250601,P001,BU001,REG001,DEP006,COGS,4219513.9,4448919.5,Upside,Revised
BUD004851,20250601,P001,BU001,REG001,DEP002,OPEX,2982729.87,3058751.92,Upside,Revised
BUD004852,20250601,P001,BU001,REG001,DEP003,EBITDA,1784685.57,2170975.86,Upside,Revised
BUD004853,20250601,P001,BU001,REG001,DEP003,Cash Inflow,7971757.75,9518803.79,Upside,Revised
BUD004854,20250601,P001,BU001,REG001,DEP003,Cash Outflow,7331285.46,7598737.82,Upside,Revised
BUD004855,20250601,P001,BU001,REG001,DEP001,Revenue,8549067.98,8127337.49,Downside,Revised
BUD004856,20250601,P001,BU001,REG001,DEP006,COGS,4043152.56,4327098.39,Downside,Revised
BUD004857,20250601,P001,BU001,REG001,DEP002,OPEX,2969875.38,3435023.5,Downside,Revised
BUD004858,20250601,P001,BU001,REG001,DEP003,EBITDA,1788874.1,1269881.06,Downside,Revised
BUD004859,20250601,P001,BU001,REG001,DEP003,Cash Inflow,7974223.94,7654058.37,Downside,Revised
BUD004860,20250601,P001,BU001,REG001,DEP003,Cash Outflow,7273823.7,8124994.87,Downside,Revised
BUD004861,20250601,P005,BU002,REG001,DEP001,Revenue,9030079.34,10768901.32,Upside,Revised
BUD004862,20250601,P005,BU002,REG001,DEP006,COGS,4305703.0,4681446.74,Upside,Revised
BUD004863,20250601,P005,BU002,REG001,DEP005,OPEX,2944275.79,3192820.12,Upside,Revised
BUD004864,20250601,P005,BU002,REG001,DEP003,EBITDA,2159605.85,2521496.1,Upside,Revised
BUD004865,20250601,P005,BU002,REG001,DEP003,Cash Inflow,8464430.26,10295200.44,Upside,Revised
BUD004866,20250601,P005,BU002,REG001,DEP003,Cash Outflow,7424177.24,7800309.67,Upside,Revised
BUD004867,20250601,P005,BU002,REG001,DEP001,Revenue,9353085.47,9110285.55,Downside,Revised
BUD004868,20250601,P005,BU002,REG001,DEP006,COGS,4330548.62,4843027.77,Downside,Revised
BUD004869,20250601,P005,BU002,REG001,DEP005,OPEX,3077581.97,3581328.41,Downside,Revised
BUD004870,20250601,P005,BU002,REG001,DEP003,EBITDA,2139197.61,1559072.53,Downside,Revised
BUD004871,20250601,P005,BU002,REG001,DEP003,Cash Inflow,8739159.45,8031879.62,Downside,Revised
BUD004872,20250601,P005,BU002,REG001,DEP003,Cash Outflow,7270992.01,8281319.39,Downside,Revised
BUD004873,20250601,P009,BU003,REG001,DEP001,Revenue,9055668.36,10145817.57,Upside,Revised
BUD004874,20250601,P009,BU003,REG001,DEP006,COGS,3700320.36,4079507.1,Upside,Revised
BUD004875,20250601,P009,BU003,REG001,DEP005,OPEX,2968340.39,3080679.57,Upside,Revised
BUD004876,20250601,P009,BU003,REG001,DEP003,EBITDA,2394022.44,2833016.44,Upside,Revised
BUD004877,20250601,P009,BU003,REG001,DEP003,Cash Inflow,8930936.6,10064194.14,Upside,Revised
BUD004878,20250601,P009,BU003,REG001,DEP003,Cash Outflow,6898017.54,7142258.83,Upside,Revised
BUD004879,20250601,P009,BU003,REG001,DEP001,Revenue,9045293.84,8760074.11,Downside,Revised
BUD004880,20250601,P009,BU003,REG001,DEP006,COGS,4155986.89,4005759.2,Downside,Revised
BUD004881,20250601,P009,BU003,REG001,DEP005,OPEX,3008198.16,3525971.75,Downside,Revised
BUD004882,20250601,P009,BU003,REG001,DEP003,EBITDA,2413723.22,1713077.83,Downside,Revised
BUD004883,20250601,P009,BU003,REG001,DEP003,Cash Inflow,8568828.69,7747295.19,Downside,Revised
BUD004884,20250601,P009,BU003,REG001,DEP003,Cash Outflow,6532300.36,7813277.21,Downside,Revised
BUD004885,20250601,P013,BU004,REG001,DEP001,Revenue,6942482.68,8810855.09,Upside,Revised
BUD004886,20250601,P013,BU004,REG001,DEP006,COGS,3095956.36,3500594.52,Upside,Revised
BUD004887,20250601,P013,BU004,REG001,DEP005,OPEX,2409855.34,2607208.95,Upside,Revised
BUD004888,20250601,P013,BU004,REG001,DEP003,EBITDA,1897412.56,2345986.63,Upside,Revised
BUD004889,20250601,P013,BU004,REG001,DEP003,Cash Inflow,6895538.12,8383513.08,Upside,Revised
BUD004890,20250601,P013,BU004,REG001,DEP003,Cash Outflow,5564087.76,6212740.1,Upside,Revised
BUD004891,20250601,P013,BU004,REG001,DEP001,Revenue,6942482.68,7347342.43,Downside,Revised
BUD004892,20250601,P013,BU004,REG001,DEP006,COGS,3279525.48,3350551.38,Downside,Revised
BUD004893,20250601,P013,BU004,REG001,DEP005,OPEX,2513818.68,2983920.87,Downside,Revised
BUD004894,20250601,P013,BU004,REG001,DEP003,EBITDA,1912434.66,1435045.06,Downside,Revised
BUD004895,20250601,P013,BU004,REG001,DEP003,Cash Inflow,6676243.38,6517935.77,Downside,Revised
BUD004896,20250601,P013,BU004,REG001,DEP003,Cash Outflow,5489832.39,6441830.8,Downside,Revised
BUD004897,20250701,P001,BU001,REG001,DEP001,Revenue,6879545.0,8097056.74,Upside,Revised
BUD004898,20250701,P001,BU001,REG001,DEP006,COGS,3165601.12,3485434.38,Upside,Revised
BUD004899,20250701,P001,BU001,REG001,DEP002,OPEX,2414442.01,2551654.13,Upside,Revised
BUD004900,20250701,P001,BU001,REG001,DEP003,EBITDA,1372653.01,1585128.36,Upside,Revised
BUD004901,20250701,P001,BU001,REG001,DEP003,Cash Inflow,6807041.16,7536720.25,Upside,Revised
BUD004902,20250701,P001,BU001,REG001,DEP003,Cash Outflow,5497512.75,6010180.79,Upside,Revised
BUD004903,20250701,P001,BU001,REG001,DEP001,Revenue,6886736.8,6567451.68,Downside,Revised
BUD004904,20250701,P001,BU001,REG001,DEP006,COGS,3399163.17,3603125.32,Downside,Revised
BUD004905,20250701,P001,BU001,REG001,DEP002,OPEX,2458193.66,2752250.98,Downside,Revised
BUD004906,20250701,P001,BU001,REG001,DEP003,EBITDA,1410148.98,996302.06,Downside,Revised
BUD004907,20250701,P001,BU001,REG001,DEP003,Cash Inflow,6860096.5,5992160.68,Downside,Revised
BUD004908,20250701,P001,BU001,REG001,DEP003,Cash Outflow,5572246.11,6297519.34,Downside,Revised
BUD004909,20250701,P005,BU002,REG001,DEP001,Revenue,11169629.56,12849348.9,Upside,Revised
BUD004910,20250701,P005,BU002,REG001,DEP006,COGS,5220275.79,5823816.06,Upside,Revised
BUD004911,20250701,P005,BU002,REG001,DEP005,OPEX,3943673.27,4247086.29,Upside,Revised
BUD004912,20250701,P005,BU002,REG001,DEP003,EBITDA,2245701.83,2648086.04,Upside,Revised
BUD004913,20250701,P005,BU002,REG001,DEP003,Cash Inflow,10982780.65,12210074.57,Upside,Revised
BUD004914,20250701,P005,BU002,REG001,DEP003,Cash Outflow,8940841.46,10088012.56,Upside,Revised
BUD004915,20250701,P005,BU002,REG001,DEP001,Revenue,10942530.31,10747999.3,Downside,Revised
BUD004916,20250701,P005,BU002,REG001,DEP006,COGS,5653756.2,5528030.59,Downside,Revised
BUD004917,20250701,P005,BU002,REG001,DEP005,OPEX,3932830.73,4642762.24,Downside,Revised
BUD004918,20250701,P005,BU002,REG001,DEP003,EBITDA,2254682.33,1651891.53,Downside,Revised
BUD004919,20250701,P005,BU002,REG001,DEP003,Cash Inflow,10349120.42,9574028.38,Downside,Revised
BUD004920,20250701,P005,BU002,REG001,DEP003,Cash Outflow,9363315.29,10595863.14,Downside,Revised
BUD004921,20250701,P009,BU003,REG001,DEP001,Revenue,10836339.23,12221345.85,Upside,Revised
BUD004922,20250701,P009,BU003,REG001,DEP006,COGS,4874961.03,5071921.07,Upside,Revised
BUD004923,20250701,P009,BU003,REG001,DEP005,OPEX,3829879.62,3880031.44,Upside,Revised
BUD004924,20250701,P009,BU003,REG001,DEP003,EBITDA,2663866.76,3107670.24,Upside,Revised
BUD004925,20250701,P009,BU003,REG001,DEP003,Cash Inflow,10120800.54,11584273.91,Upside,Revised
BUD004926,20250701,P009,BU003,REG001,DEP003,Cash Outflow,8075531.47,8929806.57,Upside,Revised
BUD004927,20250701,P009,BU003,REG001,DEP001,Revenue,10651345.5,10076460.4,Downside,Revised
BUD004928,20250701,P009,BU003,REG001,DEP006,COGS,4922670.67,4950998.33,Downside,Revised
BUD004929,20250701,P009,BU003,REG001,DEP005,OPEX,3807663.64,4509467.21,Downside,Revised
BUD004930,20250701,P009,BU003,REG001,DEP003,EBITDA,2613921.0,1863747.5,Downside,Revised
BUD004931,20250701,P009,BU003,REG001,DEP003,Cash Inflow,10733537.14,9703267.84,Downside,Revised
BUD004932,20250701,P009,BU003,REG001,DEP003,Cash Outflow,8033800.78,9366120.82,Downside,Revised
BUD004933,20250701,P013,BU004,REG001,DEP001,Revenue,8142923.56,9998151.35,Upside,Revised
BUD004934,20250701,P013,BU004,REG001,DEP006,COGS,3896827.65,4001692.08,Upside,Revised
BUD004935,20250701,P013,BU004,REG001,DEP005,OPEX,3105709.07,3215653.82,Upside,Revised
BUD004936,20250701,P013,BU004,REG001,DEP003,EBITDA,2209954.57,2720661.33,Upside,Revised
BUD004937,20250701,P013,BU004,REG001,DEP003,Cash Inflow,7903263.83,9871743.86,Upside,Revised
BUD004938,20250701,P013,BU004,REG001,DEP003,Cash Outflow,6643207.67,7208687.89,Upside,Revised
BUD004939,20250701,P013,BU004,REG001,DEP001,Revenue,8142923.56,8190277.08,Downside,Revised
BUD004940,20250701,P013,BU004,REG001,DEP006,COGS,3707105.15,3856390.67,Downside,Revised
BUD004941,20250701,P013,BU004,REG001,DEP005,OPEX,2971934.6,3664066.36,Downside,Revised
BUD004942,20250701,P013,BU004,REG001,DEP003,EBITDA,2136711.55,1698881.87,Downside,Revised
BUD004943,20250701,P013,BU004,REG001,DEP003,Cash Inflow,7671663.67,7758811.01,Downside,Revised
BUD004944,20250701,P013,BU004,REG001,DEP003,Cash Outflow,6736938.18,7807704.59,Downside,Revised
BUD004945,20250801,P001,BU001,REG001,DEP001,Revenue,8238225.36,9203590.78,Upside,Revised
BUD004946,20250801,P001,BU001,REG001,DEP006,COGS,3837492.49,4212723.32,Upside,Revised
BUD004947,20250801,P001,BU001,REG001,DEP002,OPEX,2803788.61,2852744.35,Upside,Revised
BUD004948,20250801,P001,BU001,REG001,DEP003,EBITDA,1619341.15,1917149.9,Upside,Revised
BUD004949,20250801,P001,BU001,REG001,DEP003,Cash Inflow,7605292.59,8974049.85,Upside,Revised
BUD004950,20250801,P001,BU001,REG001,DEP003,Cash Outflow,6765200.73,6901965.09,Upside,Revised
BUD004951,20250801,P001,BU001,REG001,DEP001,Revenue,8169212.27,7859528.97,Downside,Revised
BUD004952,20250801,P001,BU001,REG001,DEP006,COGS,3891505.63,4265117.68,Downside,Revised
BUD004953,20250801,P001,BU001,REG001,DEP002,OPEX,2765171.77,3275877.18,Downside,Revised
BUD004954,20250801,P001,BU001,REG001,DEP003,EBITDA,1617747.1,1180321.18,Downside,Revised
BUD004955,20250801,P001,BU001,REG001,DEP003,Cash Inflow,7516242.61,7251182.84,Downside,Revised
BUD004956,20250801,P001,BU001,REG001,DEP003,Cash Outflow,6470216.56,7268698.22,Downside,Revised
BUD004957,20250801,P005,BU002,REG001,DEP001,Revenue,7781674.78,9023897.23,Upside,Revised
BUD004958,20250801,P005,BU002,REG001,DEP006,COGS,4075438.57,4180220.73,Upside,Revised
BUD004959,20250801,P005,BU002,REG001,DEP005,OPEX,2911574.27,3038219.45,Upside,Revised
BUD004960,20250801,P005,BU002,REG001,DEP003,EBITDA,1559091.56,1826589.38,Upside,Revised
BUD004961,20250801,P005,BU002,REG001,DEP003,Cash Inflow,7705404.91,8864340.65,Upside,Revised
BUD004962,20250801,P005,BU002,REG001,DEP003,Cash Outflow,6514780.28,6886049.05,Upside,Revised
BUD004963,20250801,P005,BU002,REG001,DEP001,Revenue,7883810.45,7825412.34,Downside,Revised
BUD004964,20250801,P005,BU002,REG001,DEP006,COGS,3628806.73,3942333.67,Downside,Revised
BUD004965,20250801,P005,BU002,REG001,DEP005,OPEX,2862244.45,3391366.48,Downside,Revised
BUD004966,20250801,P005,BU002,REG001,DEP003,EBITDA,1595512.77,1134948.48,Downside,Revised
BUD004967,20250801,P005,BU002,REG001,DEP003,Cash Inflow,7509665.7,6828249.06,Downside,Revised
BUD004968,20250801,P005,BU002,REG001,DEP003,Cash Outflow,6327285.41,7292971.97,Downside,Revised
BUD004969,20250801,P009,BU003,REG001,DEP001,Revenue,8955324.71,10178895.32,Upside,Revised
BUD004970,20250801,P009,BU003,REG001,DEP006,COGS,3719150.48,4152195.87,Upside,Revised
BUD004971,20250801,P009,BU003,REG001,DEP005,OPEX,3039534.75,3079046.87,Upside,Revised
BUD004972,20250801,P009,BU003,REG001,DEP003,EBITDA,2341086.13,2657569.35,Upside,Revised
BUD004973,20250801,P009,BU003,REG001,DEP003,Cash Inflow,8610184.9,9838645.78,Upside,Revised
BUD004974,20250801,P009,BU003,REG001,DEP003,Cash Outflow,6561748.77,7116364.53,Upside,Revised
BUD004975,20250801,P009,BU003,REG001,DEP001,Revenue,8714869.19,8638883.82,Downside,Revised
BUD004976,20250801,P009,BU003,REG001,DEP006,COGS,3669033.47,4074025.27,Downside,Revised
BUD004977,20250801,P009,BU003,REG001,DEP005,OPEX,3047286.15,3572588.52,Downside,Revised
BUD004978,20250801,P009,BU003,REG001,DEP003,EBITDA,2312862.88,1681449.4,Downside,Revised
BUD004979,20250801,P009,BU003,REG001,DEP003,Cash Inflow,8857407.61,7666492.82,Downside,Revised
BUD004980,20250801,P009,BU003,REG001,DEP003,Cash Outflow,6485342.48,7711246.02,Downside,Revised
BUD004981,20250801,P013,BU004,REG001,DEP001,Revenue,8024028.76,10150177.28,Upside,Revised
BUD004982,20250801,P013,BU004,REG001,DEP006,COGS,3705051.07,3986871.21,Upside,Revised
BUD004983,20250801,P013,BU004,REG001,DEP005,OPEX,2870847.97,3067916.87,Upside,Revised
BUD004984,20250801,P013,BU004,REG001,DEP003,EBITDA,2151099.47,2774363.89,Upside,Revised
BUD004985,20250801,P013,BU004,REG001,DEP003,Cash Inflow,7924008.21,9510977.42,Upside,Revised
BUD004986,20250801,P013,BU004,REG001,DEP003,Cash Outflow,6418017.33,7126187.91,Upside,Revised
BUD004987,20250801,P013,BU004,REG001,DEP001,Revenue,8024028.76,8267749.37,Downside,Revised
BUD004988,20250801,P013,BU004,REG001,DEP006,COGS,3832906.66,3887577.58,Downside,Revised
BUD004989,20250801,P013,BU004,REG001,DEP005,OPEX,2860075.95,3293857.89,Downside,Revised
BUD004990,20250801,P013,BU004,REG001,DEP003,EBITDA,2216469.86,1624539.88,Downside,Revised
BUD004991,20250801,P013,BU004,REG001,DEP003,Cash Inflow,7885275.93,7762124.49,Downside,Revised
BUD004992,20250801,P013,BU004,REG001,DEP003,Cash Outflow,6510439.68,7446499.9,Downside,Revised
BUD004993,20250901,P001,BU001,REG001,DEP001,Revenue,9428783.2,10737995.73,Upside,Revised
BUD004994,20250901,P001,BU001,REG001,DEP006,COGS,4265816.91,4679080.01,Upside,Revised
BUD004995,20250901,P001,BU001,REG001,DEP002,OPEX,3407008.24,3490266.35,Upside,Revised
BUD004996,20250901,P001,BU001,REG001,DEP003,EBITDA,1837384.03,2124939.54,Upside,Revised
BUD004997,20250901,P001,BU001,REG001,DEP003,Cash Inflow,8668981.83,10528352.47,Upside,Revised
BUD004998,20250901,P001,BU001,REG001,DEP003,Cash Outflow,7796335.18,8195425.11,Upside,Revised
BUD004999,20250901,P001,BU001,REG001,DEP001,Revenue,9545641.69,8974753.86,Downside,Revised
BUD005000,20250901,P001,BU001,REG001,DEP006,COGS,4394675.08,4848422.58,Downside,Revised
BUD005001,20250901,P001,BU001,REG001,DEP002,OPEX,3356791.46,3763999.32,Downside,Revised
BUD005002,20250901,P001,BU001,REG001,DEP003,EBITDA,1834901.11,1345233.71,Downside,Revised
BUD005003,20250901,P001,BU001,REG001,DEP003,Cash Inflow,8804800.37,8471401.58,Downside,Revised
BUD005004,20250901,P001,BU001,REG001,DEP003,Cash Outflow,7965465.66,8470617.7,Downside,Revised
BUD005005,20250901,P005,BU002,REG001,DEP001,Revenue,9407013.47,11217046.18,Upside,Revised
BUD005006,20250901,P005,BU002,REG001,DEP006,COGS,4708401.85,4905664.57,Upside,Revised
BUD005007,20250901,P005,BU002,REG001,DEP005,OPEX,3508365.64,3747679.74,Upside,Revised
BUD005008,20250901,P005,BU002,REG001,DEP003,EBITDA,1749275.62,2074181.55,Upside,Revised
BUD005009,20250901,P005,BU002,REG001,DEP003,Cash Inflow,9155666.27,10599229.77,Upside,Revised
BUD005010,20250901,P005,BU002,REG001,DEP003,Cash Outflow,7730661.66,8653680.55,Upside,Revised
BUD005011,20250901,P005,BU002,REG001,DEP001,Revenue,9411644.1,9111410.28,Downside,Revised
BUD005012,20250901,P005,BU002,REG001,DEP006,COGS,4651776.71,4776540.65,Downside,Revised
BUD005013,20250901,P005,BU002,REG001,DEP005,OPEX,3435860.31,4036417.01,Downside,Revised
BUD005014,20250901,P005,BU002,REG001,DEP003,EBITDA,1811260.4,1263324.78,Downside,Revised
BUD005015,20250901,P005,BU002,REG001,DEP003,Cash Inflow,9212903.97,8332079.88,Downside,Revised
BUD005016,20250901,P005,BU002,REG001,DEP003,Cash Outflow,8019481.51,8827903.46,Downside,Revised
BUD005017,20250901,P009,BU003,REG001,DEP001,Revenue,10773070.9,12591487.4,Upside,Revised
BUD005018,20250901,P009,BU003,REG001,DEP006,COGS,4923439.34,4917576.28,Upside,Revised
BUD005019,20250901,P009,BU003,REG001,DEP005,OPEX,3334585.88,3329440.44,Upside,Revised
BUD005020,20250901,P009,BU003,REG001,DEP003,EBITDA,3176135.77,3654099.99,Upside,Revised
BUD005021,20250901,P009,BU003,REG001,DEP003,Cash Inflow,10532282.82,11750562.72,Upside,Revised
BUD005022,20250901,P009,BU003,REG001,DEP003,Cash Outflow,7650455.11,8524292.5,Upside,Revised
BUD005023,20250901,P009,BU003,REG001,DEP001,Revenue,10754605.67,10464248.85,Downside,Revised
BUD005024,20250901,P009,BU003,REG001,DEP006,COGS,4531230.43,4891531.89,Downside,Revised
BUD005025,20250901,P009,BU003,REG001,DEP005,OPEX,3327593.63,3726668.62,Downside,Revised
BUD005026,20250901,P009,BU003,REG001,DEP003,EBITDA,3176768.24,2287772.05,Downside,Revised
BUD005027,20250901,P009,BU003,REG001,DEP003,Cash Inflow,9851313.42,9537658.12,Downside,Revised
BUD005028,20250901,P009,BU003,REG001,DEP003,Cash Outflow,7784671.54,8769697.47,Downside,Revised
BUD005029,20250901,P013,BU004,REG001,DEP001,Revenue,7818468.95,9758606.26,Upside,Revised
BUD005030,20250901,P013,BU004,REG001,DEP006,COGS,3656792.91,3908753.4,Upside,Revised
BUD005031,20250901,P013,BU004,REG001,DEP005,OPEX,2829941.1,3120070.71,Upside,Revised
BUD005032,20250901,P013,BU004,REG001,DEP003,EBITDA,2098205.94,2603548.45,Upside,Revised
BUD005033,20250901,P013,BU004,REG001,DEP003,Cash Inflow,7356354.43,9451708.75,Upside,Revised
BUD005034,20250901,P013,BU004,REG001,DEP003,Cash Outflow,6254468.71,6642240.68,Upside,Revised
BUD005035,20250901,P013,BU004,REG001,DEP001,Revenue,7818468.95,8201766.11,Downside,Revised
BUD005036,20250901,P013,BU004,REG001,DEP006,COGS,3726760.85,3882101.27,Downside,Revised
BUD005037,20250901,P013,BU004,REG001,DEP005,OPEX,2832180.36,3491655.97,Downside,Revised
BUD005038,20250901,P013,BU004,REG001,DEP003,EBITDA,2094903.62,1621351.37,Downside,Revised
BUD005039,20250901,P013,BU004,REG001,DEP003,Cash Inflow,7717863.24,7348504.81,Downside,Revised
BUD005040,20250901,P013,BU004,REG001,DEP003,Cash Outflow,6339282.96,7224614.98,Downside,Revised
BUD005041,20251001,P001,BU001,REG001,DEP001,Revenue,8410090.32,9893915.42,Upside,Revised
BUD005042,20251001,P001,BU001,REG001,DEP006,COGS,4357344.81,4399990.22,Upside,Revised
BUD005043,20251001,P001,BU001,REG001,DEP002,OPEX,2921803.21,3136140.14,Upside,Revised
BUD005044,20251001,P001,BU001,REG001,DEP003,EBITDA,1775792.99,2091185.01,Upside,Revised
BUD005045,20251001,P001,BU001,REG001,DEP003,Cash Inflow,8481758.36,9457798.66,Upside,Revised
BUD005046,20251001,P001,BU001,REG001,DEP003,Cash Outflow,6908046.19,7582081.36,Upside,Revised
BUD005047,20251001,P001,BU001,REG001,DEP001,Revenue,8496921.28,8230169.75,Downside,Revised
BUD005048,20251001,P001,BU001,REG001,DEP006,COGS,3823145.85,4133338.92,Downside,Revised
BUD005049,20251001,P001,BU001,REG001,DEP002,OPEX,3028045.33,3443089.14,Downside,Revised
BUD005050,20251001,P001,BU001,REG001,DEP003,EBITDA,1739747.52,1270460.02,Downside,Revised
BUD005051,20251001,P001,BU001,REG001,DEP003,Cash Inflow,8251389.85,7377752.36,Downside,Revised
BUD005052,20251001,P001,BU001,REG001,DEP003,Cash Outflow,7056522.86,7891752.0,Downside,Revised
BUD005053,20251001,P005,BU002,REG001,DEP001,Revenue,11673479.2,13993611.51,Upside,Revised
BUD005054,20251001,P005,BU002,REG001,DEP006,COGS,5759484.23,5985478.59,Upside,Revised
BUD005055,20251001,P005,BU002,REG001,DEP005,OPEX,3967714.87,4217253.09,Upside,Revised
BUD005056,20251001,P005,BU002,REG001,DEP003,EBITDA,2477995.16,2976711.05,Upside,Revised
BUD005057,20251001,P005,BU002,REG001,DEP003,Cash Inflow,11643726.83,12894156.76,Upside,Revised
BUD005058,20251001,P005,BU002,REG001,DEP003,Cash Outflow,9710976.6,10268331.42,Upside,Revised
BUD005059,20251001,P005,BU002,REG001,DEP001,Revenue,11828992.66,11263273.67,Downside,Revised
BUD005060,20251001,P005,BU002,REG001,DEP006,COGS,5739953.57,5909805.08,Downside,Revised
BUD005061,20251001,P005,BU002,REG001,DEP005,OPEX,4099417.01,4892927.94,Downside,Revised
BUD005062,20251001,P005,BU002,REG001,DEP003,EBITDA,2468248.74,1829854.01,Downside,Revised
BUD005063,20251001,P005,BU002,REG001,DEP003,Cash Inflow,11433519.47,10598447.94,Downside,Revised
BUD005064,20251001,P005,BU002,REG001,DEP003,Cash Outflow,9738710.74,10890218.2,Downside,Revised
BUD005065,20251001,P009,BU003,REG001,DEP001,Revenue,11162181.35,12882292.72,Upside,Revised
BUD005066,20251001,P009,BU003,REG001,DEP006,COGS,4642764.17,4911215.28,Upside,Revised
BUD005067,20251001,P009,BU003,REG001,DEP005,OPEX,3337114.43,3599582.76,Upside,Revised
BUD005068,20251001,P009,BU003,REG001,DEP003,EBITDA,3378447.97,3949619.46,Upside,Revised
BUD005069,20251001,P009,BU003,REG001,DEP003,Cash Inflow,10854028.25,11938703.21,Upside,Revised
BUD005070,20251001,P009,BU003,REG001,DEP003,Cash Outflow,7969136.96,8401579.86,Upside,Revised
BUD005071,20251001,P009,BU003,REG001,DEP001,Revenue,11269904.1,10834153.29,Downside,Revised
BUD005072,20251001,P009,BU003,REG001,DEP006,COGS,5095249.07,5022118.17,Downside,Revised
BUD005073,20251001,P009,BU003,REG001,DEP005,OPEX,3326810.07,3846945.46,Downside,Revised
BUD005074,20251001,P009,BU003,REG001,DEP003,EBITDA,3486791.96,2371809.99,Downside,Revised
BUD005075,20251001,P009,BU003,REG001,DEP003,Cash Inflow,10487765.05,9437320.22,Downside,Revised
BUD005076,20251001,P009,BU003,REG001,DEP003,Cash Outflow,7565264.1,9094573.54,Downside,Revised
BUD005077,20251001,P013,BU004,REG001,DEP001,Revenue,7820946.54,9957070.46,Upside,Revised
BUD005078,20251001,P013,BU004,REG001,DEP006,COGS,3510236.9,3865334.56,Upside,Revised
BUD005079,20251001,P013,BU004,REG001,DEP005,OPEX,2823768.61,2958056.46,Upside,Revised
BUD005080,20251001,P013,BU004,REG001,DEP003,EBITDA,2234528.36,2798979.19,Upside,Revised
BUD005081,20251001,P013,BU004,REG001,DEP003,Cash Inflow,7555810.86,9367958.58,Upside,Revised
BUD005082,20251001,P013,BU004,REG001,DEP003,Cash Outflow,6364459.44,6632065.64,Upside,Revised
BUD005083,20251001,P013,BU004,REG001,DEP001,Revenue,7820946.54,8091776.79,Downside,Revised
BUD005084,20251001,P013,BU004,REG001,DEP006,COGS,3619516.78,3732427.04,Downside,Revised
BUD005085,20251001,P013,BU004,REG001,DEP005,OPEX,2740934.76,3168754.28,Downside,Revised
BUD005086,20251001,P013,BU004,REG001,DEP003,EBITDA,2267734.64,1690050.61,Downside,Revised
BUD005087,20251001,P013,BU004,REG001,DEP003,Cash Inflow,7573495.39,7263332.46,Downside,Revised
BUD005088,20251001,P013,BU004,REG001,DEP003,Cash Outflow,6309080.74,6877497.07,Downside,Revised
BUD005089,20251101,P001,BU001,REG001,DEP001,Revenue,9712700.35,11108200.84,Upside,Revised
BUD005090,20251101,P001,BU001,REG001,DEP006,COGS,4391435.53,5030872.62,Upside,Revised
BUD005091,20251101,P001,BU001,REG001,DEP002,OPEX,3160425.25,3298406.47,Upside,Revised
BUD005092,20251101,P001,BU001,REG001,DEP003,EBITDA,2214460.36,2641315.19,Upside,Revised
BUD005093,20251101,P001,BU001,REG001,DEP003,Cash Inflow,9381572.61,10556305.07,Upside,Revised
BUD005094,20251101,P001,BU001,REG001,DEP003,Cash Outflow,8016556.9,8091389.65,Upside,Revised
BUD005095,20251101,P001,BU001,REG001,DEP001,Revenue,9566028.9,9234990.41,Downside,Revised
BUD005096,20251101,P001,BU001,REG001,DEP006,COGS,4790312.0,4880970.9,Downside,Revised
BUD005097,20251101,P001,BU001,REG001,DEP002,OPEX,3240871.89,3663247.59,Downside,Revised
BUD005098,20251101,P001,BU001,REG001,DEP003,EBITDA,2242572.38,1632190.86,Downside,Revised
BUD005099,20251101,P001,BU001,REG001,DEP003,Cash Inflow,9057356.7,8235030.42,Downside,Revised
BUD005100,20251101,P001,BU001,REG001,DEP003,Cash Outflow,7559913.06,8507517.16,Downside,Revised
BUD005101,20251101,P005,BU002,REG001,DEP001,Revenue,10354161.71,12208191.29,Upside,Revised
BUD005102,20251101,P005,BU002,REG001,DEP006,COGS,5004839.76,5379767.34,Upside,Revised
BUD005103,20251101,P005,BU002,REG001,DEP005,OPEX,3888514.72,4036144.44,Upside,Revised
BUD005104,20251101,P005,BU002,REG001,DEP003,EBITDA,2013607.83,2339272.3,Upside,Revised
BUD005105,20251101,P005,BU002,REG001,DEP003,Cash Inflow,10118472.72,11626746.14,Upside,Revised
BUD005106,20251101,P005,BU002,REG001,DEP003,Cash Outflow,8881375.68,9500823.24,Upside,Revised
BUD005107,20251101,P005,BU002,REG001,DEP001,Revenue,10424538.65,10408962.06,Downside,Revised
BUD005108,20251101,P005,BU002,REG001,DEP006,COGS,5117459.15,5353969.08,Downside,Revised
BUD005109,20251101,P005,BU002,REG001,DEP005,OPEX,3962279.42,4583625.67,Downside,Revised
BUD005110,20251101,P005,BU002,REG001,DEP003,EBITDA,2030163.63,1399170.02,Downside,Revised
BUD005111,20251101,P005,BU002,REG001,DEP003,Cash Inflow,9908180.38,9646186.04,Downside,Revised
BUD005112,20251101,P005,BU002,REG001,DEP003,Cash Outflow,8502965.95,10110554.17,Downside,Revised
BUD005113,20251101,P009,BU003,REG001,DEP001,Revenue,11070713.65,12422800.45,Upside,Revised
BUD005114,20251101,P009,BU003,REG001,DEP006,COGS,4978234.6,5050140.39,Upside,Revised
BUD005115,20251101,P009,BU003,REG001,DEP005,OPEX,3550646.65,3834104.17,Upside,Revised
BUD005116,20251101,P009,BU003,REG001,DEP003,EBITDA,2879728.7,3471090.98,Upside,Revised
BUD005117,20251101,P009,BU003,REG001,DEP003,Cash Inflow,10546913.36,11884221.48,Upside,Revised
BUD005118,20251101,P009,BU003,REG001,DEP003,Cash Outflow,8116041.42,9080504.77,Upside,Revised
BUD005119,20251101,P009,BU003,REG001,DEP001,Revenue,11022530.74,10632215.65,Downside,Revised
BUD005120,20251101,P009,BU003,REG001,DEP006,COGS,4601263.89,4951587.96,Downside,Revised
BUD005121,20251101,P009,BU003,REG001,DEP005,OPEX,3607109.41,4290465.03,Downside,Revised
BUD005122,20251101,P009,BU003,REG001,DEP003,EBITDA,2899946.36,2030463.43,Downside,Revised
BUD005123,20251101,P009,BU003,REG001,DEP003,Cash Inflow,10626635.48,9568739.61,Downside,Revised
BUD005124,20251101,P009,BU003,REG001,DEP003,Cash Outflow,7938830.78,9114951.66,Downside,Revised
BUD005125,20251101,P013,BU004,REG001,DEP001,Revenue,8858519.33,10904708.95,Upside,Revised
BUD005126,20251101,P013,BU004,REG001,DEP006,COGS,4274812.86,4289059.09,Upside,Revised
BUD005127,20251101,P013,BU004,REG001,DEP005,OPEX,3241566.71,3397753.44,Upside,Revised
BUD005128,20251101,P013,BU004,REG001,DEP003,EBITDA,2348607.68,2974036.93,Upside,Revised
BUD005129,20251101,P013,BU004,REG001,DEP003,Cash Inflow,8424693.19,10547664.18,Upside,Revised
BUD005130,20251101,P013,BU004,REG001,DEP003,Cash Outflow,7365739.11,7702170.66,Upside,Revised
BUD005131,20251101,P013,BU004,REG001,DEP001,Revenue,8858519.33,9060562.3,Downside,Revised
BUD005132,20251101,P013,BU004,REG001,DEP006,COGS,4407303.89,4370595.86,Downside,Revised
BUD005133,20251101,P013,BU004,REG001,DEP005,OPEX,3218647.24,3830295.52,Downside,Revised
BUD005134,20251101,P013,BU004,REG001,DEP003,EBITDA,2324589.75,1774873.91,Downside,Revised
BUD005135,20251101,P013,BU004,REG001,DEP003,Cash Inflow,8783268.82,8338605.47,Downside,Revised
BUD005136,20251101,P013,BU004,REG001,DEP003,Cash Outflow,7301479.12,8392350.28,Downside,Revised
BUD005137,20251201,P001,BU001,REG001,DEP001,Revenue,11110166.45,12477189.56,Upside,Revised
BUD005138,20251201,P001,BU001,REG001,DEP006,COGS,5370569.0,5673895.14,Upside,Revised
BUD005139,20251201,P001,BU001,REG001,DEP002,OPEX,3570569.13,3743086.01,Upside,Revised
BUD005140,20251201,P001,BU001,REG001,DEP003,EBITDA,2508243.67,3013162.36,Upside,Revised
BUD005141,20251201,P001,BU001,REG001,DEP003,Cash Inflow,11038947.86,12158403.42,Upside,Revised
BUD005142,20251201,P001,BU001,REG001,DEP003,Cash Outflow,8635871.13,9244206.27,Upside,Revised
BUD005143,20251201,P001,BU001,REG001,DEP001,Revenue,10926797.61,10450587.31,Downside,Revised
BUD005144,20251201,P001,BU001,REG001,DEP006,COGS,5604709.95,5618915.63,Downside,Revised
BUD005145,20251201,P001,BU001,REG001,DEP002,OPEX,3532664.83,4088597.24,Downside,Revised
BUD005146,20251201,P001,BU001,REG001,DEP003,EBITDA,2532887.04,1786331.39,Downside,Revised
BUD005147,20251201,P001,BU001,REG001,DEP003,Cash Inflow,10572491.21,9703104.64,Downside,Revised
BUD005148,20251201,P001,BU001,REG001,DEP003,Cash Outflow,9036879.81,9872239.66,Downside,Revised
BUD005149,20251201,P005,BU002,REG001,DEP001,Revenue,11437225.3,13554380.28,Upside,Revised
BUD005150,20251201,P005,BU002,REG001,DEP006,COGS,6072706.73,5798822.61,Upside,Revised
BUD005151,20251201,P005,BU002,REG001,DEP005,OPEX,4267646.93,4598658.04,Upside,Revised
BUD005152,20251201,P005,BU002,REG001,DEP003,EBITDA,2211302.05,2599253.15,Upside,Revised
BUD005153,20251201,P005,BU002,REG001,DEP003,Cash Inflow,11178799.83,12971868.85,Upside,Revised
BUD005154,20251201,P005,BU002,REG001,DEP003,Cash Outflow,9502887.33,10337996.65,Upside,Revised
BUD005155,20251201,P005,BU002,REG001,DEP001,Revenue,11704846.28,11184209.41,Downside,Revised
BUD005156,20251201,P005,BU002,REG001,DEP006,COGS,5579166.74,5898831.83,Downside,Revised
BUD005157,20251201,P005,BU002,REG001,DEP005,OPEX,4188653.42,5163665.43,Downside,Revised
BUD005158,20251201,P005,BU002,REG001,DEP003,EBITDA,2158196.83,1558609.18,Downside,Revised
BUD005159,20251201,P005,BU002,REG001,DEP003,Cash Inflow,11598894.42,10454979.65,Downside,Revised
BUD005160,20251201,P005,BU002,REG001,DEP003,Cash Outflow,9428473.7,11339538.87,Downside,Revised
BUD005161,20251201,P009,BU003,REG001,DEP001,Revenue,10856993.97,12595871.69,Upside,Revised
BUD005162,20251201,P009,BU003,REG001,DEP006,COGS,4403680.06,5065187.68,Upside,Revised
BUD005163,20251201,P009,BU003,REG001,DEP005,OPEX,3278762.18,3492648.89,Upside,Revised
BUD005164,20251201,P009,BU003,REG001,DEP003,EBITDA,3274664.87,3922644.94,Upside,Revised
BUD005165,20251201,P009,BU003,REG001,DEP003,Cash Inflow,10722321.95,12225138.06,Upside,Revised
BUD005166,20251201,P009,BU003,REG001,DEP003,Cash Outflow,7816325.06,8458721.31,Upside,Revised
BUD005167,20251201,P009,BU003,REG001,DEP001,Revenue,11024872.81,10654748.01,Downside,Revised
BUD005168,20251201,P009,BU003,REG001,DEP006,COGS,4873560.66,4934829.76,Downside,Revised
BUD005169,20251201,P009,BU003,REG001,DEP005,OPEX,3339885.47,3798185.64,Downside,Revised
BUD005170,20251201,P009,BU003,REG001,DEP003,EBITDA,3278649.13,2388051.54,Downside,Revised
BUD005171,20251201,P009,BU003,REG001,DEP003,Cash Inflow,10483602.83,9718624.42,Downside,Revised
BUD005172,20251201,P009,BU003,REG001,DEP003,Cash Outflow,7601958.48,8858125.33,Downside,Revised
BUD005173,20251201,P013,BU004,REG001,DEP001,Revenue,8986639.62,11440919.09,Upside,Revised
BUD005174,20251201,P013,BU004,REG001,DEP006,COGS,4338935.96,4457263.05,Upside,Revised
BUD005175,20251201,P013,BU004,REG001,DEP005,OPEX,3538199.84,3522364.08,Upside,Revised
BUD005176,20251201,P013,BU004,REG001,DEP003,EBITDA,2290389.58,2729689.82,Upside,Revised
BUD005177,20251201,P013,BU004,REG001,DEP003,Cash Inflow,8676324.88,10857340.32,Upside,Revised
BUD005178,20251201,P013,BU004,REG001,DEP003,Cash Outflow,7294852.56,8047090.71,Upside,Revised
BUD005179,20251201,P013,BU004,REG001,DEP001,Revenue,8986639.62,9438072.93,Downside,Revised
BUD005180,20251201,P013,BU004,REG001,DEP006,COGS,4545240.74,4346659.07,Downside,Revised
BUD005181,20251201,P013,BU004,REG001,DEP005,OPEX,3510331.91,4091982.79,Downside,Revised
BUD005182,20251201,P013,BU004,REG001,DEP003,EBITDA,2208934.69,1669452.17,Downside,Revised
BUD005183,20251201,P013,BU004,REG001,DEP003,Cash Inflow,8548603.84,8424657.73,Downside,Revised
BUD005184,20251201,P013,BU004,REG001,DEP003,Cash Outflow,7465327.28,8366118.25,Downside,Revised
